-20,2,IwjLdhfr3PTOnUVbOBpsCLADZT4=,9hWAk1CYD3BX8Hx8CV/1W75Y7Yg=
-20,4,IwjLdhfr3PTOnUVbOBpsCLADZT4=,9hWAk1CYD3BX8Hx8CV/1W75Y7Yg=
-19,2,IwjLdhfr3PTOnUVbOBpsCLADZT4=,9hWAk1CYD3BX8Hx8CV/1W75Y7Yg=
-22,2,IwjLdhfr3PTOnUVbOBpsCLADZT4=,RXhg50hVn1Tb8qnxlQBBlBaeiEs=
-20,3,IwjLdhfr3PTOnUVbOBpsCLADZT4=,9hWAk1CYD3BX8Hx8CV/1W75Y7Yg=
-19,3,IwjLdhfr3PTOnUVbOBpsCLADZT4=,9hWAk1CYD3BX8Hx8CV/1W75Y7Yg=
-22,3,IwjLdhfr3PTOnUVbOBpsCLADZT4=,RXhg50hVn1Tb8qnxlQBBlBaeiEs=
-21,2,IwjLdhfr3PTOnUVbOBpsCLADZT4=,RXhg50hVn1Tb8qnxlQBBlBaeiEs=
-19,5,IwjLdhfr3PTOnUVbOBpsCLADZT4=,9hWAk1CYD3BX8Hx8CV/1W75Y7Yg=
-22,5,IwjLdhfr3PTOnUVbOBpsCLADZT4=,RXhg50hVn1Tb8qnxlQBBlBaeiEs=
-22,4,IwjLdhfr3PTOnUVbOBpsCLADZT4=,RXhg50hVn1Tb8qnxlQBBlBaeiEs=
-20,5,IwjLdhfr3PTOnUVbOBpsCLADZT4=,9hWAk1CYD3BX8Hx8CV/1W75Y7Yg=
-21,5,IwjLdhfr3PTOnUVbOBpsCLADZT4=,RXhg50hVn1Tb8qnxlQBBlBaeiEs=
-21,3,IwjLdhfr3PTOnUVbOBpsCLADZT4=,RXhg50hVn1Tb8qnxlQBBlBaeiEs=
-19,4,IwjLdhfr3PTOnUVbOBpsCLADZT4=,9hWAk1CYD3BX8Hx8CV/1W75Y7Yg=
-21,4,IwjLdhfr3PTOnUVbOBpsCLADZT4=,RXhg50hVn1Tb8qnxlQBBlBaeiEs=
-22,9,sPjunOb4B9Kbwhd3GXeIy8az6xc=,5hOTSVduptAuzEsjD6n2tU8D5AA=
-19,7,eiksGWuZsX/HW/Zrhk2W5EA2xw4=,9hWAk1CYD3BX8Hx8CV/1W75Y7Yg=
-21,9,sPjunOb4B9Kbwhd3GXeIy8az6xc=,5hOTSVduptAuzEsjD6n2tU8D5AA=
-21,7,eiksGWuZsX/HW/Zrhk2W5EA2xw4=,RXhg50hVn1Tb8qnxlQBBlBaeiEs=
-20,7,eiksGWuZsX/HW/Zrhk2W5EA2xw4=,9hWAk1CYD3BX8Hx8CV/1W75Y7Yg=
-19,8,eiksGWuZsX/HW/Zrhk2W5EA2xw4=,JFssC5rHIHnjlONvKtNKahBtqyw=
-20,8,eiksGWuZsX/HW/Zrhk2W5EA2xw4=,JFssC5rHIHnjlONvKtNKahBtqyw=
-20,9,eiksGWuZsX/HW/Zrhk2W5EA2xw4=,JFssC5rHIHnjlONvKtNKahBtqyw=
-21,8,sPjunOb4B9Kbwhd3GXeIy8az6xc=,5hOTSVduptAuzEsjD6n2tU8D5AA=
-19,9,eiksGWuZsX/HW/Zrhk2W5EA2xw4=,JFssC5rHIHnjlONvKtNKahBtqyw=
-19,6,eiksGWuZsX/HW/Zrhk2W5EA2xw4=,9hWAk1CYD3BX8Hx8CV/1W75Y7Yg=
-22,6,eiksGWuZsX/HW/Zrhk2W5EA2xw4=,RXhg50hVn1Tb8qnxlQBBlBaeiEs=
-22,8,sPjunOb4B9Kbwhd3GXeIy8az6xc=,5hOTSVduptAuzEsjD6n2tU8D5AA=
-20,6,eiksGWuZsX/HW/Zrhk2W5EA2xw4=,9hWAk1CYD3BX8Hx8CV/1W75Y7Yg=
-21,6,eiksGWuZsX/HW/Zrhk2W5EA2xw4=,RXhg50hVn1Tb8qnxlQBBlBaeiEs=
-22,7,eiksGWuZsX/HW/Zrhk2W5EA2xw4=,RXhg50hVn1Tb8qnxlQBBlBaeiEs=
-23,9,aW/ni4ms243k0GwF6ND8Z5rBAOI=,5hOTSVduptAuzEsjD6n2tU8D5AA=
-24,9,EJyOJdqjs32IOOr9LQsSj2SgyyQ=,5hOTSVduptAuzEsjD6n2tU8D5AA=
-26,7,EJyOJdqjs32IOOr9LQsSj2SgyyQ=,USW5SkzCKrz0ZCgD+mqBLDQ1E+c=
-23,6,eiksGWuZsX/HW/Zrhk2W5EA2xw4=,RXhg50hVn1Tb8qnxlQBBlBaeiEs=
-25,7,EJyOJdqjs32IOOr9LQsSj2SgyyQ=,USW5SkzCKrz0ZCgD+mqBLDQ1E+c=
-26,9,EJyOJdqjs32IOOr9LQsSj2SgyyQ=,USW5SkzCKrz0ZCgD+mqBLDQ1E+c=
-24,7,eiksGWuZsX/HW/Zrhk2W5EA2xw4=,RXhg50hVn1Tb8qnxlQBBlBaeiEs=
-23,7,eiksGWuZsX/HW/Zrhk2W5EA2xw4=,RXhg50hVn1Tb8qnxlQBBlBaeiEs=
-26,8,EJyOJdqjs32IOOr9LQsSj2SgyyQ=,USW5SkzCKrz0ZCgD+mqBLDQ1E+c=
-26,6,EJyOJdqjs32IOOr9LQsSj2SgyyQ=,USW5SkzCKrz0ZCgD+mqBLDQ1E+c=
-23,8,EJyOJdqjs32IOOr9LQsSj2SgyyQ=,5hOTSVduptAuzEsjD6n2tU8D5AA=
-24,8,EJyOJdqjs32IOOr9LQsSj2SgyyQ=,5hOTSVduptAuzEsjD6n2tU8D5AA=
-25,6,EJyOJdqjs32IOOr9LQsSj2SgyyQ=,USW5SkzCKrz0ZCgD+mqBLDQ1E+c=
-24,6,eiksGWuZsX/HW/Zrhk2W5EA2xw4=,RXhg50hVn1Tb8qnxlQBBlBaeiEs=
-25,8,EJyOJdqjs32IOOr9LQsSj2SgyyQ=,USW5SkzCKrz0ZCgD+mqBLDQ1E+c=
-25,9,EJyOJdqjs32IOOr9LQsSj2SgyyQ=,USW5SkzCKrz0ZCgD+mqBLDQ1E+c=
-24,10,EJyOJdqjs32IOOr9LQsSj2SgyyQ=,5hOTSVduptAuzEsjD6n2tU8D5AA=
-26,10,EJyOJdqjs32IOOr9LQsSj2SgyyQ=,USW5SkzCKrz0ZCgD+mqBLDQ1E+c=
-23,13,Bvqo/u+2G9KtPbcpuq+F4T80OJ4=,jW70LfOrAw3gE1wd9tW1T/TwkLc=
-26,13,Bvqo/u+2G9KtPbcpuq+F4T80OJ4=,prVwE2Ol1xSZ9bGJ7H62+kzlMnQ=
-23,12,Bvqo/u+2G9KtPbcpuq+F4T80OJ4=,jW70LfOrAw3gE1wd9tW1T/TwkLc=
-25,13,Bvqo/u+2G9KtPbcpuq+F4T80OJ4=,prVwE2Ol1xSZ9bGJ7H62+kzlMnQ=
-24,12,Bvqo/u+2G9KtPbcpuq+F4T80OJ4=,jW70LfOrAw3gE1wd9tW1T/TwkLc=
-23,10,Bvqo/u+2G9KtPbcpuq+F4T80OJ4=,5hOTSVduptAuzEsjD6n2tU8D5AA=
-25,10,Bvqo/u+2G9KtPbcpuq+F4T80OJ4=,USW5SkzCKrz0ZCgD+mqBLDQ1E+c=
-26,11,Bvqo/u+2G9KtPbcpuq+F4T80OJ4=,USW5SkzCKrz0ZCgD+mqBLDQ1E+c=
-24,11,Bvqo/u+2G9KtPbcpuq+F4T80OJ4=,5hOTSVduptAuzEsjD6n2tU8D5AA=
-24,13,Bvqo/u+2G9KtPbcpuq+F4T80OJ4=,jW70LfOrAw3gE1wd9tW1T/TwkLc=
-23,11,Bvqo/u+2G9KtPbcpuq+F4T80OJ4=,5hOTSVduptAuzEsjD6n2tU8D5AA=
-25,12,Bvqo/u+2G9KtPbcpuq+F4T80OJ4=,prVwE2Ol1xSZ9bGJ7H62+kzlMnQ=
-25,11,Bvqo/u+2G9KtPbcpuq+F4T80OJ4=,USW5SkzCKrz0ZCgD+mqBLDQ1E+c=
-26,12,Bvqo/u+2G9KtPbcpuq+F4T80OJ4=,prVwE2Ol1xSZ9bGJ7H62+kzlMnQ=
-24,4,eiksGWuZsX/HW/Zrhk2W5EA2xw4=,RXhg50hVn1Tb8qnxlQBBlBaeiEs=
-26,5,Bvqo/u+2G9KtPbcpuq+F4T80OJ4=,USW5SkzCKrz0ZCgD+mqBLDQ1E+c=
-25,4,Bvqo/u+2G9KtPbcpuq+F4T80OJ4=,USW5SkzCKrz0ZCgD+mqBLDQ1E+c=
-26,4,Bvqo/u+2G9KtPbcpuq+F4T80OJ4=,USW5SkzCKrz0ZCgD+mqBLDQ1E+c=
-23,3,eiksGWuZsX/HW/Zrhk2W5EA2xw4=,RXhg50hVn1Tb8qnxlQBBlBaeiEs=
-26,2,Bvqo/u+2G9KtPbcpuq+F4T80OJ4=,s8e0+wNV4RlSbK9W/7MSRKx6pH4=
-24,5,eiksGWuZsX/HW/Zrhk2W5EA2xw4=,RXhg50hVn1Tb8qnxlQBBlBaeiEs=
-23,4,eiksGWuZsX/HW/Zrhk2W5EA2xw4=,RXhg50hVn1Tb8qnxlQBBlBaeiEs=
-25,2,Bvqo/u+2G9KtPbcpuq+F4T80OJ4=,s8e0+wNV4RlSbK9W/7MSRKx6pH4=
-24,3,eiksGWuZsX/HW/Zrhk2W5EA2xw4=,RXhg50hVn1Tb8qnxlQBBlBaeiEs=
-23,5,eiksGWuZsX/HW/Zrhk2W5EA2xw4=,RXhg50hVn1Tb8qnxlQBBlBaeiEs=
-24,2,eiksGWuZsX/HW/Zrhk2W5EA2xw4=,RXhg50hVn1Tb8qnxlQBBlBaeiEs=
-23,2,eiksGWuZsX/HW/Zrhk2W5EA2xw4=,RXhg50hVn1Tb8qnxlQBBlBaeiEs=
-26,3,Bvqo/u+2G9KtPbcpuq+F4T80OJ4=,s8e0+wNV4RlSbK9W/7MSRKx6pH4=
-25,3,Bvqo/u+2G9KtPbcpuq+F4T80OJ4=,s8e0+wNV4RlSbK9W/7MSRKx6pH4=
-25,5,Bvqo/u+2G9KtPbcpuq+F4T80OJ4=,USW5SkzCKrz0ZCgD+mqBLDQ1E+c=
-28,4,FD0zxtCaRgtrv0A4pTKoqL+vtFM=,USW5SkzCKrz0ZCgD+mqBLDQ1E+c=
-28,3,FD0zxtCaRgtrv0A4pTKoqL+vtFM=,s8e0+wNV4RlSbK9W/7MSRKx6pH4=
-27,5,FD0zxtCaRgtrv0A4pTKoqL+vtFM=,USW5SkzCKrz0ZCgD+mqBLDQ1E+c=
-28,5,FD0zxtCaRgtrv0A4pTKoqL+vtFM=,USW5SkzCKrz0ZCgD+mqBLDQ1E+c=
-27,3,FD0zxtCaRgtrv0A4pTKoqL+vtFM=,s8e0+wNV4RlSbK9W/7MSRKx6pH4=
-27,2,FD0zxtCaRgtrv0A4pTKoqL+vtFM=,s8e0+wNV4RlSbK9W/7MSRKx6pH4=
-29,3,FD0zxtCaRgtrv0A4pTKoqL+vtFM=,J0H7wSE6E7y5zabDZ1X2Ie4fvp0=
-29,2,FD0zxtCaRgtrv0A4pTKoqL+vtFM=,J0H7wSE6E7y5zabDZ1X2Ie4fvp0=
-30,2,FD0zxtCaRgtrv0A4pTKoqL+vtFM=,J0H7wSE6E7y5zabDZ1X2Ie4fvp0=
-29,4,FD0zxtCaRgtrv0A4pTKoqL+vtFM=,pY9emmbboAbKSbtV3DWE+e3qQJo=
-30,3,FD0zxtCaRgtrv0A4pTKoqL+vtFM=,J0H7wSE6E7y5zabDZ1X2Ie4fvp0=
-29,5,FD0zxtCaRgtrv0A4pTKoqL+vtFM=,pY9emmbboAbKSbtV3DWE+e3qQJo=
-28,2,FD0zxtCaRgtrv0A4pTKoqL+vtFM=,s8e0+wNV4RlSbK9W/7MSRKx6pH4=
-27,4,FD0zxtCaRgtrv0A4pTKoqL+vtFM=,USW5SkzCKrz0ZCgD+mqBLDQ1E+c=
-30,5,FD0zxtCaRgtrv0A4pTKoqL+vtFM=,pY9emmbboAbKSbtV3DWE+e3qQJo=
-30,4,FD0zxtCaRgtrv0A4pTKoqL+vtFM=,pY9emmbboAbKSbtV3DWE+e3qQJo=
-32,9,/kkLdc8dYd1zRssZQ8t9hCf7cu4=,Q3BExKBeHBCQehjduDQ9YCwvIm0=
-29,7,qwQ6JfBE9DJJctGgpPA1TVWGaiA=,pY9emmbboAbKSbtV3DWE+e3qQJo=
-30,7,qwQ6JfBE9DJJctGgpPA1TVWGaiA=,pY9emmbboAbKSbtV3DWE+e3qQJo=
-31,8,qwQ6JfBE9DJJctGgpPA1TVWGaiA=,Q3BExKBeHBCQehjduDQ9YCwvIm0=
-29,6,qwQ6JfBE9DJJctGgpPA1TVWGaiA=,pY9emmbboAbKSbtV3DWE+e3qQJo=
-28,8,qwQ6JfBE9DJJctGgpPA1TVWGaiA=,USW5SkzCKrz0ZCgD+mqBLDQ1E+c=
-30,8,qwQ6JfBE9DJJctGgpPA1TVWGaiA=,Q3BExKBeHBCQehjduDQ9YCwvIm0=
-28,7,accc62VWgdHIBN52RNkhL0BIjBo=,USW5SkzCKrz0ZCgD+mqBLDQ1E+c=
-29,9,accc62VWgdHIBN52RNkhL0BIjBo=,Q3BExKBeHBCQehjduDQ9YCwvIm0=
-32,8,accc62VWgdHIBN52RNkhL0BIjBo=,Q3BExKBeHBCQehjduDQ9YCwvIm0=
-27,7,accc62VWgdHIBN52RNkhL0BIjBo=,USW5SkzCKrz0ZCgD+mqBLDQ1E+c=
-27,6,accc62VWgdHIBN52RNkhL0BIjBo=,USW5SkzCKrz0ZCgD+mqBLDQ1E+c=
-31,9,accc62VWgdHIBN52RNkhL0BIjBo=,Q3BExKBeHBCQehjduDQ9YCwvIm0=
-27,8,accc62VWgdHIBN52RNkhL0BIjBo=,USW5SkzCKrz0ZCgD+mqBLDQ1E+c=
-31,7,accc62VWgdHIBN52RNkhL0BIjBo=,pY9emmbboAbKSbtV3DWE+e3qQJo=
-29,8,accc62VWgdHIBN52RNkhL0BIjBo=,Q3BExKBeHBCQehjduDQ9YCwvIm0=
-25,15,accc62VWgdHIBN52RNkhL0BIjBo=,prVwE2Ol1xSZ9bGJ7H62+kzlMnQ=
-28,6,accc62VWgdHIBN52RNkhL0BIjBo=,USW5SkzCKrz0ZCgD+mqBLDQ1E+c=
-23,14,accc62VWgdHIBN52RNkhL0BIjBo=,jW70LfOrAw3gE1wd9tW1T/TwkLc=
-25,14,accc62VWgdHIBN52RNkhL0BIjBo=,prVwE2Ol1xSZ9bGJ7H62+kzlMnQ=
-30,9,accc62VWgdHIBN52RNkhL0BIjBo=,Q3BExKBeHBCQehjduDQ9YCwvIm0=
-24,14,accc62VWgdHIBN52RNkhL0BIjBo=,jW70LfOrAw3gE1wd9tW1T/TwkLc=
-24,15,accc62VWgdHIBN52RNkhL0BIjBo=,jW70LfOrAw3gE1wd9tW1T/TwkLc=
-31,6,accc62VWgdHIBN52RNkhL0BIjBo=,pY9emmbboAbKSbtV3DWE+e3qQJo=
-30,6,accc62VWgdHIBN52RNkhL0BIjBo=,pY9emmbboAbKSbtV3DWE+e3qQJo=
-23,15,accc62VWgdHIBN52RNkhL0BIjBo=,jW70LfOrAw3gE1wd9tW1T/TwkLc=
-26,14,accc62VWgdHIBN52RNkhL0BIjBo=,prVwE2Ol1xSZ9bGJ7H62+kzlMnQ=
-32,7,accc62VWgdHIBN52RNkhL0BIjBo=,pY9emmbboAbKSbtV3DWE+e3qQJo=
-26,15,accc62VWgdHIBN52RNkhL0BIjBo=,prVwE2Ol1xSZ9bGJ7H62+kzlMnQ=
-32,6,accc62VWgdHIBN52RNkhL0BIjBo=,pY9emmbboAbKSbtV3DWE+e3qQJo=
-28,9,accc62VWgdHIBN52RNkhL0BIjBo=,USW5SkzCKrz0ZCgD+mqBLDQ1E+c=
-27,9,accc62VWgdHIBN52RNkhL0BIjBo=,USW5SkzCKrz0ZCgD+mqBLDQ1E+c=
-29,15,accc62VWgdHIBN52RNkhL0BIjBo=,Nf+lP9Y5tuqesa2iRTIS3d6K+vo=
-28,14,accc62VWgdHIBN52RNkhL0BIjBo=,prVwE2Ol1xSZ9bGJ7H62+kzlMnQ=
-27,14,accc62VWgdHIBN52RNkhL0BIjBo=,prVwE2Ol1xSZ9bGJ7H62+kzlMnQ=
-27,15,accc62VWgdHIBN52RNkhL0BIjBo=,prVwE2Ol1xSZ9bGJ7H62+kzlMnQ=
-30,15,accc62VWgdHIBN52RNkhL0BIjBo=,Nf+lP9Y5tuqesa2iRTIS3d6K+vo=
-32,13,accc62VWgdHIBN52RNkhL0BIjBo=,Nf+lP9Y5tuqesa2iRTIS3d6K+vo=
-27,13,accc62VWgdHIBN52RNkhL0BIjBo=,prVwE2Ol1xSZ9bGJ7H62+kzlMnQ=
-31,13,accc62VWgdHIBN52RNkhL0BIjBo=,Nf+lP9Y5tuqesa2iRTIS3d6K+vo=
-30,13,accc62VWgdHIBN52RNkhL0BIjBo=,Nf+lP9Y5tuqesa2iRTIS3d6K+vo=
-29,14,accc62VWgdHIBN52RNkhL0BIjBo=,Nf+lP9Y5tuqesa2iRTIS3d6K+vo=
-32,10,accc62VWgdHIBN52RNkhL0BIjBo=,Q3BExKBeHBCQehjduDQ9YCwvIm0=
-28,13,accc62VWgdHIBN52RNkhL0BIjBo=,prVwE2Ol1xSZ9bGJ7H62+kzlMnQ=
-30,14,accc62VWgdHIBN52RNkhL0BIjBo=,Nf+lP9Y5tuqesa2iRTIS3d6K+vo=
-32,11,accc62VWgdHIBN52RNkhL0BIjBo=,Q3BExKBeHBCQehjduDQ9YCwvIm0=
-28,15,accc62VWgdHIBN52RNkhL0BIjBo=,prVwE2Ol1xSZ9bGJ7H62+kzlMnQ=
-32,12,accc62VWgdHIBN52RNkhL0BIjBo=,Nf+lP9Y5tuqesa2iRTIS3d6K+vo=
-28,10,accc62VWgdHIBN52RNkhL0BIjBo=,USW5SkzCKrz0ZCgD+mqBLDQ1E+c=
-31,10,accc62VWgdHIBN52RNkhL0BIjBo=,Q3BExKBeHBCQehjduDQ9YCwvIm0=
-31,11,accc62VWgdHIBN52RNkhL0BIjBo=,Q3BExKBeHBCQehjduDQ9YCwvIm0=
-27,10,accc62VWgdHIBN52RNkhL0BIjBo=,USW5SkzCKrz0ZCgD+mqBLDQ1E+c=
-29,13,accc62VWgdHIBN52RNkhL0BIjBo=,Nf+lP9Y5tuqesa2iRTIS3d6K+vo=
-27,11,accc62VWgdHIBN52RNkhL0BIjBo=,USW5SkzCKrz0ZCgD+mqBLDQ1E+c=
-31,12,accc62VWgdHIBN52RNkhL0BIjBo=,Nf+lP9Y5tuqesa2iRTIS3d6K+vo=
-30,11,accc62VWgdHIBN52RNkhL0BIjBo=,Q3BExKBeHBCQehjduDQ9YCwvIm0=
-28,11,accc62VWgdHIBN52RNkhL0BIjBo=,USW5SkzCKrz0ZCgD+mqBLDQ1E+c=
-27,12,accc62VWgdHIBN52RNkhL0BIjBo=,prVwE2Ol1xSZ9bGJ7H62+kzlMnQ=
-30,10,accc62VWgdHIBN52RNkhL0BIjBo=,Q3BExKBeHBCQehjduDQ9YCwvIm0=
-29,11,accc62VWgdHIBN52RNkhL0BIjBo=,Q3BExKBeHBCQehjduDQ9YCwvIm0=
-28,12,accc62VWgdHIBN52RNkhL0BIjBo=,prVwE2Ol1xSZ9bGJ7H62+kzlMnQ=
-20,12,accc62VWgdHIBN52RNkhL0BIjBo=,bZ/A7tmLF4HzTDKAjxNfVwMVoDk=
-22,13,accc62VWgdHIBN52RNkhL0BIjBo=,jW70LfOrAw3gE1wd9tW1T/TwkLc=
-21,11,accc62VWgdHIBN52RNkhL0BIjBo=,5hOTSVduptAuzEsjD6n2tU8D5AA=
-20,10,eiksGWuZsX/HW/Zrhk2W5EA2xw4=,JFssC5rHIHnjlONvKtNKahBtqyw=
-21,13,accc62VWgdHIBN52RNkhL0BIjBo=,jW70LfOrAw3gE1wd9tW1T/TwkLc=
-20,11,eiksGWuZsX/HW/Zrhk2W5EA2xw4=,JFssC5rHIHnjlONvKtNKahBtqyw=
-21,10,accc62VWgdHIBN52RNkhL0BIjBo=,5hOTSVduptAuzEsjD6n2tU8D5AA=
-29,12,accc62VWgdHIBN52RNkhL0BIjBo=,Nf+lP9Y5tuqesa2iRTIS3d6K+vo=
-22,11,accc62VWgdHIBN52RNkhL0BIjBo=,5hOTSVduptAuzEsjD6n2tU8D5AA=
-30,12,accc62VWgdHIBN52RNkhL0BIjBo=,Nf+lP9Y5tuqesa2iRTIS3d6K+vo=
-22,12,accc62VWgdHIBN52RNkhL0BIjBo=,jW70LfOrAw3gE1wd9tW1T/TwkLc=
-21,12,accc62VWgdHIBN52RNkhL0BIjBo=,jW70LfOrAw3gE1wd9tW1T/TwkLc=
-29,10,accc62VWgdHIBN52RNkhL0BIjBo=,Q3BExKBeHBCQehjduDQ9YCwvIm0=
-19,13,accc62VWgdHIBN52RNkhL0BIjBo=,bZ/A7tmLF4HzTDKAjxNfVwMVoDk=
-20,13,accc62VWgdHIBN52RNkhL0BIjBo=,bZ/A7tmLF4HzTDKAjxNfVwMVoDk=
-19,10,eiksGWuZsX/HW/Zrhk2W5EA2xw4=,JFssC5rHIHnjlONvKtNKahBtqyw=
-19,11,eiksGWuZsX/HW/Zrhk2W5EA2xw4=,JFssC5rHIHnjlONvKtNKahBtqyw=
-22,10,accc62VWgdHIBN52RNkhL0BIjBo=,5hOTSVduptAuzEsjD6n2tU8D5AA=
-19,12,pqrJfB+Yz6D0SJq8oB9Fgk+XNp0=,bZ/A7tmLF4HzTDKAjxNfVwMVoDk=
-17,11,eiksGWuZsX/HW/Zrhk2W5EA2xw4=,JFssC5rHIHnjlONvKtNKahBtqyw=
-17,13,pqrJfB+Yz6D0SJq8oB9Fgk+XNp0=,bZ/A7tmLF4HzTDKAjxNfVwMVoDk=
-18,13,pqrJfB+Yz6D0SJq8oB9Fgk+XNp0=,bZ/A7tmLF4HzTDKAjxNfVwMVoDk=
-17,10,eiksGWuZsX/HW/Zrhk2W5EA2xw4=,JFssC5rHIHnjlONvKtNKahBtqyw=
-18,11,eiksGWuZsX/HW/Zrhk2W5EA2xw4=,JFssC5rHIHnjlONvKtNKahBtqyw=
-17,12,pqrJfB+Yz6D0SJq8oB9Fgk+XNp0=,bZ/A7tmLF4HzTDKAjxNfVwMVoDk=
-18,12,pqrJfB+Yz6D0SJq8oB9Fgk+XNp0=,bZ/A7tmLF4HzTDKAjxNfVwMVoDk=
-18,10,eiksGWuZsX/HW/Zrhk2W5EA2xw4=,JFssC5rHIHnjlONvKtNKahBtqyw=
-18,9,eiksGWuZsX/HW/Zrhk2W5EA2xw4=,JFssC5rHIHnjlONvKtNKahBtqyw=
-17,7,eiksGWuZsX/HW/Zrhk2W5EA2xw4=,9hWAk1CYD3BX8Hx8CV/1W75Y7Yg=
-17,9,eiksGWuZsX/HW/Zrhk2W5EA2xw4=,JFssC5rHIHnjlONvKtNKahBtqyw=
-18,8,eiksGWuZsX/HW/Zrhk2W5EA2xw4=,JFssC5rHIHnjlONvKtNKahBtqyw=
-18,7,eiksGWuZsX/HW/Zrhk2W5EA2xw4=,9hWAk1CYD3BX8Hx8CV/1W75Y7Yg=
-17,8,eiksGWuZsX/HW/Zrhk2W5EA2xw4=,JFssC5rHIHnjlONvKtNKahBtqyw=
-17,6,eiksGWuZsX/HW/Zrhk2W5EA2xw4=,9hWAk1CYD3BX8Hx8CV/1W75Y7Yg=
-18,6,eiksGWuZsX/HW/Zrhk2W5EA2xw4=,9hWAk1CYD3BX8Hx8CV/1W75Y7Yg=
-17,2,eiksGWuZsX/HW/Zrhk2W5EA2xw4=,9hWAk1CYD3BX8Hx8CV/1W75Y7Yg=
-18,3,eiksGWuZsX/HW/Zrhk2W5EA2xw4=,9hWAk1CYD3BX8Hx8CV/1W75Y7Yg=
-17,3,eiksGWuZsX/HW/Zrhk2W5EA2xw4=,9hWAk1CYD3BX8Hx8CV/1W75Y7Yg=
-18,4,IwjLdhfr3PTOnUVbOBpsCLADZT4=,9hWAk1CYD3BX8Hx8CV/1W75Y7Yg=
-17,4,eiksGWuZsX/HW/Zrhk2W5EA2xw4=,9hWAk1CYD3BX8Hx8CV/1W75Y7Yg=
-18,2,eiksGWuZsX/HW/Zrhk2W5EA2xw4=,9hWAk1CYD3BX8Hx8CV/1W75Y7Yg=
-18,5,eiksGWuZsX/HW/Zrhk2W5EA2xw4=,9hWAk1CYD3BX8Hx8CV/1W75Y7Yg=
-17,5,eiksGWuZsX/HW/Zrhk2W5EA2xw4=,9hWAk1CYD3BX8Hx8CV/1W75Y7Yg=
-19,0,eiksGWuZsX/HW/Zrhk2W5EA2xw4=,9hWAk1CYD3BX8Hx8CV/1W75Y7Yg=
-19,1,eiksGWuZsX/HW/Zrhk2W5EA2xw4=,9hWAk1CYD3BX8Hx8CV/1W75Y7Yg=
-22,0,eiksGWuZsX/HW/Zrhk2W5EA2xw4=,RXhg50hVn1Tb8qnxlQBBlBaeiEs=
-20,0,eiksGWuZsX/HW/Zrhk2W5EA2xw4=,9hWAk1CYD3BX8Hx8CV/1W75Y7Yg=
-20,1,eiksGWuZsX/HW/Zrhk2W5EA2xw4=,9hWAk1CYD3BX8Hx8CV/1W75Y7Yg=
-21,0,eiksGWuZsX/HW/Zrhk2W5EA2xw4=,RXhg50hVn1Tb8qnxlQBBlBaeiEs=
-22,1,eiksGWuZsX/HW/Zrhk2W5EA2xw4=,RXhg50hVn1Tb8qnxlQBBlBaeiEs=
-30,1,1WaIudlBL7MFW2EppkRDeZYQqXU=,J0H7wSE6E7y5zabDZ1X2Ie4fvp0=
-21,1,eiksGWuZsX/HW/Zrhk2W5EA2xw4=,RXhg50hVn1Tb8qnxlQBBlBaeiEs=
-27,1,1WaIudlBL7MFW2EppkRDeZYQqXU=,s8e0+wNV4RlSbK9W/7MSRKx6pH4=
-30,0,1WaIudlBL7MFW2EppkRDeZYQqXU=,J0H7wSE6E7y5zabDZ1X2Ie4fvp0=
-29,1,1WaIudlBL7MFW2EppkRDeZYQqXU=,J0H7wSE6E7y5zabDZ1X2Ie4fvp0=
-22,15,1WaIudlBL7MFW2EppkRDeZYQqXU=,jW70LfOrAw3gE1wd9tW1T/TwkLc=
-23,0,eiksGWuZsX/HW/Zrhk2W5EA2xw4=,RXhg50hVn1Tb8qnxlQBBlBaeiEs=
-26,1,1WaIudlBL7MFW2EppkRDeZYQqXU=,s8e0+wNV4RlSbK9W/7MSRKx6pH4=
-21,14,1WaIudlBL7MFW2EppkRDeZYQqXU=,jW70LfOrAw3gE1wd9tW1T/TwkLc=
-22,14,1WaIudlBL7MFW2EppkRDeZYQqXU=,jW70LfOrAw3gE1wd9tW1T/TwkLc=
-21,15,1WaIudlBL7MFW2EppkRDeZYQqXU=,jW70LfOrAw3gE1wd9tW1T/TwkLc=
-20,15,1WaIudlBL7MFW2EppkRDeZYQqXU=,bZ/A7tmLF4HzTDKAjxNfVwMVoDk=
-25,0,1WaIudlBL7MFW2EppkRDeZYQqXU=,s8e0+wNV4RlSbK9W/7MSRKx6pH4=
-19,14,1WaIudlBL7MFW2EppkRDeZYQqXU=,bZ/A7tmLF4HzTDKAjxNfVwMVoDk=
-19,15,1WaIudlBL7MFW2EppkRDeZYQqXU=,bZ/A7tmLF4HzTDKAjxNfVwMVoDk=
-24,1,eiksGWuZsX/HW/Zrhk2W5EA2xw4=,RXhg50hVn1Tb8qnxlQBBlBaeiEs=
-28,1,1WaIudlBL7MFW2EppkRDeZYQqXU=,s8e0+wNV4RlSbK9W/7MSRKx6pH4=
-23,1,eiksGWuZsX/HW/Zrhk2W5EA2xw4=,RXhg50hVn1Tb8qnxlQBBlBaeiEs=
-20,14,1WaIudlBL7MFW2EppkRDeZYQqXU=,bZ/A7tmLF4HzTDKAjxNfVwMVoDk=
-25,1,1WaIudlBL7MFW2EppkRDeZYQqXU=,s8e0+wNV4RlSbK9W/7MSRKx6pH4=
-27,0,1WaIudlBL7MFW2EppkRDeZYQqXU=,s8e0+wNV4RlSbK9W/7MSRKx6pH4=
-29,0,1WaIudlBL7MFW2EppkRDeZYQqXU=,J0H7wSE6E7y5zabDZ1X2Ie4fvp0=
-24,0,eiksGWuZsX/HW/Zrhk2W5EA2xw4=,RXhg50hVn1Tb8qnxlQBBlBaeiEs=
-26,0,1WaIudlBL7MFW2EppkRDeZYQqXU=,s8e0+wNV4RlSbK9W/7MSRKx6pH4=
-28,0,1WaIudlBL7MFW2EppkRDeZYQqXU=,s8e0+wNV4RlSbK9W/7MSRKx6pH4=
-18,14,1WaIudlBL7MFW2EppkRDeZYQqXU=,bZ/A7tmLF4HzTDKAjxNfVwMVoDk=
-18,15,1WaIudlBL7MFW2EppkRDeZYQqXU=,bZ/A7tmLF4HzTDKAjxNfVwMVoDk=
-17,14,1WaIudlBL7MFW2EppkRDeZYQqXU=,bZ/A7tmLF4HzTDKAjxNfVwMVoDk=
-17,15,1WaIudlBL7MFW2EppkRDeZYQqXU=,bZ/A7tmLF4HzTDKAjxNfVwMVoDk=
-32,14,1WaIudlBL7MFW2EppkRDeZYQqXU=,Nf+lP9Y5tuqesa2iRTIS3d6K+vo=
-31,15,1WaIudlBL7MFW2EppkRDeZYQqXU=,Nf+lP9Y5tuqesa2iRTIS3d6K+vo=
-32,15,1WaIudlBL7MFW2EppkRDeZYQqXU=,Nf+lP9Y5tuqesa2iRTIS3d6K+vo=
-31,14,1WaIudlBL7MFW2EppkRDeZYQqXU=,Nf+lP9Y5tuqesa2iRTIS3d6K+vo=
-18,0,eiksGWuZsX/HW/Zrhk2W5EA2xw4=,9hWAk1CYD3BX8Hx8CV/1W75Y7Yg=
-17,0,eiksGWuZsX/HW/Zrhk2W5EA2xw4=,9hWAk1CYD3BX8Hx8CV/1W75Y7Yg=
-18,1,eiksGWuZsX/HW/Zrhk2W5EA2xw4=,9hWAk1CYD3BX8Hx8CV/1W75Y7Yg=
-17,1,eiksGWuZsX/HW/Zrhk2W5EA2xw4=,9hWAk1CYD3BX8Hx8CV/1W75Y7Yg=
-32,0,PF3sc+my0FZq5tV65YvBzH+/ej0=,J0H7wSE6E7y5zabDZ1X2Ie4fvp0=
-31,0,PF3sc+my0FZq5tV65YvBzH+/ej0=,J0H7wSE6E7y5zabDZ1X2Ie4fvp0=
-32,1,PF3sc+my0FZq5tV65YvBzH+/ej0=,J0H7wSE6E7y5zabDZ1X2Ie4fvp0=
-32,4,PF3sc+my0FZq5tV65YvBzH+/ej0=,pY9emmbboAbKSbtV3DWE+e3qQJo=
-31,5,PF3sc+my0FZq5tV65YvBzH+/ej0=,pY9emmbboAbKSbtV3DWE+e3qQJo=
-31,2,PF3sc+my0FZq5tV65YvBzH+/ej0=,J0H7wSE6E7y5zabDZ1X2Ie4fvp0=
-32,5,PF3sc+my0FZq5tV65YvBzH+/ej0=,pY9emmbboAbKSbtV3DWE+e3qQJo=
-31,4,PF3sc+my0FZq5tV65YvBzH+/ej0=,pY9emmbboAbKSbtV3DWE+e3qQJo=
-31,3,PF3sc+my0FZq5tV65YvBzH+/ej0=,J0H7wSE6E7y5zabDZ1X2Ie4fvp0=
-32,2,PF3sc+my0FZq5tV65YvBzH+/ej0=,J0H7wSE6E7y5zabDZ1X2Ie4fvp0=
-31,1,PF3sc+my0FZq5tV65YvBzH+/ej0=,J0H7wSE6E7y5zabDZ1X2Ie4fvp0=
-32,3,PF3sc+my0FZq5tV65YvBzH+/ej0=,J0H7wSE6E7y5zabDZ1X2Ie4fvp0=
-27,28,ZuTsoBwzElx0yn5t6CFfq84NOwE=,yKmMbl4YioTQgbbNrQUKDB2fIl8=
-27,27,ZuTsoBwzElx0yn5t6CFfq84NOwE=,oi2g+fV/Sb1tEkAlxq89sI42aiw=
-29,28,ZuTsoBwzElx0yn5t6CFfq84NOwE=,jNHDpjcw2+b6i7oYpE6WtJvjgqY=
-30,28,ZuTsoBwzElx0yn5t6CFfq84NOwE=,jNHDpjcw2+b6i7oYpE6WtJvjgqY=
-28,28,ZuTsoBwzElx0yn5t6CFfq84NOwE=,yKmMbl4YioTQgbbNrQUKDB2fIl8=
-28,27,ZuTsoBwzElx0yn5t6CFfq84NOwE=,oi2g+fV/Sb1tEkAlxq89sI42aiw=
-30,29,ZuTsoBwzElx0yn5t6CFfq84NOwE=,jNHDpjcw2+b6i7oYpE6WtJvjgqY=
-30,27,ZuTsoBwzElx0yn5t6CFfq84NOwE=,m6aOAWmCHOmaK7JrSZoX4k3aMAI=
-28,29,ZuTsoBwzElx0yn5t6CFfq84NOwE=,yKmMbl4YioTQgbbNrQUKDB2fIl8=
-29,29,ZuTsoBwzElx0yn5t6CFfq84NOwE=,jNHDpjcw2+b6i7oYpE6WtJvjgqY=
-30,26,ZuTsoBwzElx0yn5t6CFfq84NOwE=,m6aOAWmCHOmaK7JrSZoX4k3aMAI=
-27,29,mCpjwYQcfkxeleaY0Ha4l9h2OcA=,yKmMbl4YioTQgbbNrQUKDB2fIl8=
-29,27,mCpjwYQcfkxeleaY0Ha4l9h2OcA=,m6aOAWmCHOmaK7JrSZoX4k3aMAI=
-27,26,mCpjwYQcfkxeleaY0Ha4l9h2OcA=,oi2g+fV/Sb1tEkAlxq89sI42aiw=
-29,26,mCpjwYQcfkxeleaY0Ha4l9h2OcA=,m6aOAWmCHOmaK7JrSZoX4k3aMAI=
-28,26,mCpjwYQcfkxeleaY0Ha4l9h2OcA=,oi2g+fV/Sb1tEkAlxq89sI42aiw=
-28,23,mCpjwYQcfkxeleaY0Ha4l9h2OcA=,PFvkNrssHPZpupOCOgepqXIXsME=
-30,22,mCpjwYQcfkxeleaY0Ha4l9h2OcA=,Ig1giEmD59DtNJb9G4VNlWgfKbk=
-27,23,mCpjwYQcfkxeleaY0Ha4l9h2OcA=,PFvkNrssHPZpupOCOgepqXIXsME=
-28,22,mCpjwYQcfkxeleaY0Ha4l9h2OcA=,PFvkNrssHPZpupOCOgepqXIXsME=
-29,22,mCpjwYQcfkxeleaY0Ha4l9h2OcA=,Ig1giEmD59DtNJb9G4VNlWgfKbk=
-27,22,mCpjwYQcfkxeleaY0Ha4l9h2OcA=,PFvkNrssHPZpupOCOgepqXIXsME=
-28,25,mCpjwYQcfkxeleaY0Ha4l9h2OcA=,oi2g+fV/Sb1tEkAlxq89sI42aiw=
-30,23,mCpjwYQcfkxeleaY0Ha4l9h2OcA=,Ig1giEmD59DtNJb9G4VNlWgfKbk=
-30,25,mCpjwYQcfkxeleaY0Ha4l9h2OcA=,m6aOAWmCHOmaK7JrSZoX4k3aMAI=
-29,23,mCpjwYQcfkxeleaY0Ha4l9h2OcA=,Ig1giEmD59DtNJb9G4VNlWgfKbk=
-29,25,mCpjwYQcfkxeleaY0Ha4l9h2OcA=,m6aOAWmCHOmaK7JrSZoX4k3aMAI=
-27,24,mCpjwYQcfkxeleaY0Ha4l9h2OcA=,oi2g+fV/Sb1tEkAlxq89sI42aiw=
-30,24,mCpjwYQcfkxeleaY0Ha4l9h2OcA=,m6aOAWmCHOmaK7JrSZoX4k3aMAI=
-27,25,mCpjwYQcfkxeleaY0Ha4l9h2OcA=,oi2g+fV/Sb1tEkAlxq89sI42aiw=
-28,24,mCpjwYQcfkxeleaY0Ha4l9h2OcA=,oi2g+fV/Sb1tEkAlxq89sI42aiw=
-29,24,mCpjwYQcfkxeleaY0Ha4l9h2OcA=,m6aOAWmCHOmaK7JrSZoX4k3aMAI=
-30,21,YtJv4tu9q/FNySXp0/thaVR5ScM=,Ig1giEmD59DtNJb9G4VNlWgfKbk=
-29,21,YtJv4tu9q/FNySXp0/thaVR5ScM=,Ig1giEmD59DtNJb9G4VNlWgfKbk=
-28,21,YtJv4tu9q/FNySXp0/thaVR5ScM=,PFvkNrssHPZpupOCOgepqXIXsME=
-27,19,YtJv4tu9q/FNySXp0/thaVR5ScM=,EFENzH6jlu4RVBwbthhQSm5e15A=
-27,21,YtJv4tu9q/FNySXp0/thaVR5ScM=,PFvkNrssHPZpupOCOgepqXIXsME=
-28,20,YtJv4tu9q/FNySXp0/thaVR5ScM=,PFvkNrssHPZpupOCOgepqXIXsME=
-27,20,YtJv4tu9q/FNySXp0/thaVR5ScM=,PFvkNrssHPZpupOCOgepqXIXsME=
-30,19,YtJv4tu9q/FNySXp0/thaVR5ScM=,Ig1giEmD59DtNJb9G4VNlWgfKbk=
-29,18,YtJv4tu9q/FNySXp0/thaVR5ScM=,Ig1giEmD59DtNJb9G4VNlWgfKbk=
-30,20,YtJv4tu9q/FNySXp0/thaVR5ScM=,Ig1giEmD59DtNJb9G4VNlWgfKbk=
-28,19,YtJv4tu9q/FNySXp0/thaVR5ScM=,EFENzH6jlu4RVBwbthhQSm5e15A=
-30,18,YtJv4tu9q/FNySXp0/thaVR5ScM=,Ig1giEmD59DtNJb9G4VNlWgfKbk=
-29,19,YtJv4tu9q/FNySXp0/thaVR5ScM=,Ig1giEmD59DtNJb9G4VNlWgfKbk=
-29,20,YtJv4tu9q/FNySXp0/thaVR5ScM=,Ig1giEmD59DtNJb9G4VNlWgfKbk=
-27,18,YtJv4tu9q/FNySXp0/thaVR5ScM=,EFENzH6jlu4RVBwbthhQSm5e15A=
-28,18,YtJv4tu9q/FNySXp0/thaVR5ScM=,EFENzH6jlu4RVBwbthhQSm5e15A=
-25,21,74yNYldVwTMSQHO5gULLXVQbx0Y=,PFvkNrssHPZpupOCOgepqXIXsME=
-24,20,74yNYldVwTMSQHO5gULLXVQbx0Y=,VLeILEmlVl1kVbgyVtqZ2ZT6tbM=
-24,19,74yNYldVwTMSQHO5gULLXVQbx0Y=,jW70LfOrAw3gE1wd9tW1T/TwkLc=
-23,18,74yNYldVwTMSQHO5gULLXVQbx0Y=,jW70LfOrAw3gE1wd9tW1T/TwkLc=
-23,19,74yNYldVwTMSQHO5gULLXVQbx0Y=,jW70LfOrAw3gE1wd9tW1T/TwkLc=
-24,18,74yNYldVwTMSQHO5gULLXVQbx0Y=,jW70LfOrAw3gE1wd9tW1T/TwkLc=
-25,19,74yNYldVwTMSQHO5gULLXVQbx0Y=,EFENzH6jlu4RVBwbthhQSm5e15A=
-26,18,74yNYldVwTMSQHO5gULLXVQbx0Y=,EFENzH6jlu4RVBwbthhQSm5e15A=
-23,21,74yNYldVwTMSQHO5gULLXVQbx0Y=,VLeILEmlVl1kVbgyVtqZ2ZT6tbM=
-24,21,74yNYldVwTMSQHO5gULLXVQbx0Y=,VLeILEmlVl1kVbgyVtqZ2ZT6tbM=
-25,20,74yNYldVwTMSQHO5gULLXVQbx0Y=,PFvkNrssHPZpupOCOgepqXIXsME=
-25,18,74yNYldVwTMSQHO5gULLXVQbx0Y=,EFENzH6jlu4RVBwbthhQSm5e15A=
-26,20,74yNYldVwTMSQHO5gULLXVQbx0Y=,PFvkNrssHPZpupOCOgepqXIXsME=
-26,21,74yNYldVwTMSQHO5gULLXVQbx0Y=,PFvkNrssHPZpupOCOgepqXIXsME=
-23,20,ZO9gFp51+91sybcP9EUn4tzodSs=,VLeILEmlVl1kVbgyVtqZ2ZT6tbM=
-26,19,ZO9gFp51+91sybcP9EUn4tzodSs=,EFENzH6jlu4RVBwbthhQSm5e15A=
-22,21,ZO9gFp51+91sybcP9EUn4tzodSs=,VLeILEmlVl1kVbgyVtqZ2ZT6tbM=
-20,20,ZO9gFp51+91sybcP9EUn4tzodSs=,YDgWo9eNUPdWf0aifERmpC7NrQI=
-19,18,ZO9gFp51+91sybcP9EUn4tzodSs=,MFzeooz8l+UQ1v0txMbC5P/HT3Q=
-20,21,ZO9gFp51+91sybcP9EUn4tzodSs=,YDgWo9eNUPdWf0aifERmpC7NrQI=
-20,18,ZO9gFp51+91sybcP9EUn4tzodSs=,MFzeooz8l+UQ1v0txMbC5P/HT3Q=
-22,18,ZO9gFp51+91sybcP9EUn4tzodSs=,jW70LfOrAw3gE1wd9tW1T/TwkLc=
-19,20,ZO9gFp51+91sybcP9EUn4tzodSs=,YDgWo9eNUPdWf0aifERmpC7NrQI=
-21,19,ZO9gFp51+91sybcP9EUn4tzodSs=,jW70LfOrAw3gE1wd9tW1T/TwkLc=
-22,19,ZO9gFp51+91sybcP9EUn4tzodSs=,jW70LfOrAw3gE1wd9tW1T/TwkLc=
-21,20,ZO9gFp51+91sybcP9EUn4tzodSs=,VLeILEmlVl1kVbgyVtqZ2ZT6tbM=
-19,19,ZO9gFp51+91sybcP9EUn4tzodSs=,MFzeooz8l+UQ1v0txMbC5P/HT3Q=
-20,19,ZO9gFp51+91sybcP9EUn4tzodSs=,MFzeooz8l+UQ1v0txMbC5P/HT3Q=
-21,18,ZO9gFp51+91sybcP9EUn4tzodSs=,jW70LfOrAw3gE1wd9tW1T/TwkLc=
-19,21,ZO9gFp51+91sybcP9EUn4tzodSs=,YDgWo9eNUPdWf0aifERmpC7NrQI=
-21,21,ZO9gFp51+91sybcP9EUn4tzodSs=,VLeILEmlVl1kVbgyVtqZ2ZT6tbM=
-22,20,ZO9gFp51+91sybcP9EUn4tzodSs=,VLeILEmlVl1kVbgyVtqZ2ZT6tbM=
-23,22,O5y9uwent8tJqv/WWMxNqUHxruI=,VLeILEmlVl1kVbgyVtqZ2ZT6tbM=
-26,23,mQLPlYBlZ6GBRjqJ0NxbH7lvn6M=,PFvkNrssHPZpupOCOgepqXIXsME=
-24,23,+LL+pHSDe07vVGhM9GyFXwCGIrg=,VLeILEmlVl1kVbgyVtqZ2ZT6tbM=
-25,22,+LL+pHSDe07vVGhM9GyFXwCGIrg=,PFvkNrssHPZpupOCOgepqXIXsME=
-23,23,+LL+pHSDe07vVGhM9GyFXwCGIrg=,VLeILEmlVl1kVbgyVtqZ2ZT6tbM=
-25,23,+LL+pHSDe07vVGhM9GyFXwCGIrg=,PFvkNrssHPZpupOCOgepqXIXsME=
-24,22,+LL+pHSDe07vVGhM9GyFXwCGIrg=,VLeILEmlVl1kVbgyVtqZ2ZT6tbM=
-26,22,+LL+pHSDe07vVGhM9GyFXwCGIrg=,PFvkNrssHPZpupOCOgepqXIXsME=
-23,24,+LL+pHSDe07vVGhM9GyFXwCGIrg=,YWr7IfLGaNxpp5MOz7Dk4GnFL64=
-26,25,+LL+pHSDe07vVGhM9GyFXwCGIrg=,oi2g+fV/Sb1tEkAlxq89sI42aiw=
-24,24,+LL+pHSDe07vVGhM9GyFXwCGIrg=,YWr7IfLGaNxpp5MOz7Dk4GnFL64=
-26,24,+LL+pHSDe07vVGhM9GyFXwCGIrg=,oi2g+fV/Sb1tEkAlxq89sI42aiw=
-22,23,+LL+pHSDe07vVGhM9GyFXwCGIrg=,VLeILEmlVl1kVbgyVtqZ2ZT6tbM=
-21,22,+LL+pHSDe07vVGhM9GyFXwCGIrg=,VLeILEmlVl1kVbgyVtqZ2ZT6tbM=
-22,22,+LL+pHSDe07vVGhM9GyFXwCGIrg=,VLeILEmlVl1kVbgyVtqZ2ZT6tbM=
-20,22,+LL+pHSDe07vVGhM9GyFXwCGIrg=,YDgWo9eNUPdWf0aifERmpC7NrQI=
-20,23,+LL+pHSDe07vVGhM9GyFXwCGIrg=,YDgWo9eNUPdWf0aifERmpC7NrQI=
-20,24,+LL+pHSDe07vVGhM9GyFXwCGIrg=,p644s6yOfyPhEcX7j892+7oyAtA=
-23,25,+LL+pHSDe07vVGhM9GyFXwCGIrg=,YWr7IfLGaNxpp5MOz7Dk4GnFL64=
-21,24,+LL+pHSDe07vVGhM9GyFXwCGIrg=,YWr7IfLGaNxpp5MOz7Dk4GnFL64=
-25,24,+LL+pHSDe07vVGhM9GyFXwCGIrg=,oi2g+fV/Sb1tEkAlxq89sI42aiw=
-21,23,+LL+pHSDe07vVGhM9GyFXwCGIrg=,VLeILEmlVl1kVbgyVtqZ2ZT6tbM=
-25,25,+LL+pHSDe07vVGhM9GyFXwCGIrg=,oi2g+fV/Sb1tEkAlxq89sI42aiw=
-20,25,+LL+pHSDe07vVGhM9GyFXwCGIrg=,p644s6yOfyPhEcX7j892+7oyAtA=
-19,25,+LL+pHSDe07vVGhM9GyFXwCGIrg=,p644s6yOfyPhEcX7j892+7oyAtA=
-19,22,+LL+pHSDe07vVGhM9GyFXwCGIrg=,YDgWo9eNUPdWf0aifERmpC7NrQI=
-24,25,+LL+pHSDe07vVGhM9GyFXwCGIrg=,YWr7IfLGaNxpp5MOz7Dk4GnFL64=
-19,23,+LL+pHSDe07vVGhM9GyFXwCGIrg=,YDgWo9eNUPdWf0aifERmpC7NrQI=
-19,24,+LL+pHSDe07vVGhM9GyFXwCGIrg=,p644s6yOfyPhEcX7j892+7oyAtA=
-22,24,+LL+pHSDe07vVGhM9GyFXwCGIrg=,YWr7IfLGaNxpp5MOz7Dk4GnFL64=
-21,25,+LL+pHSDe07vVGhM9GyFXwCGIrg=,YWr7IfLGaNxpp5MOz7Dk4GnFL64=
-22,25,+LL+pHSDe07vVGhM9GyFXwCGIrg=,YWr7IfLGaNxpp5MOz7Dk4GnFL64=
-30,31,UQAtZVycDz0GyvZwq6j7RcDbL0w=,jNHDpjcw2+b6i7oYpE6WtJvjgqY=
-30,30,+vjQcYljlfo2KRCZfd5X31L3dpI=,jNHDpjcw2+b6i7oYpE6WtJvjgqY=
-27,31,+vjQcYljlfo2KRCZfd5X31L3dpI=,yKmMbl4YioTQgbbNrQUKDB2fIl8=
-29,31,+vjQcYljlfo2KRCZfd5X31L3dpI=,jNHDpjcw2+b6i7oYpE6WtJvjgqY=
-29,30,qsLevvCVxyj8Wi8wvKOYNOOEjRc=,jNHDpjcw2+b6i7oYpE6WtJvjgqY=
-28,30,qsLevvCVxyj8Wi8wvKOYNOOEjRc=,yKmMbl4YioTQgbbNrQUKDB2fIl8=
-28,31,qsLevvCVxyj8Wi8wvKOYNOOEjRc=,yKmMbl4YioTQgbbNrQUKDB2fIl8=
-27,30,qsLevvCVxyj8Wi8wvKOYNOOEjRc=,yKmMbl4YioTQgbbNrQUKDB2fIl8=
-26,27,qsLevvCVxyj8Wi8wvKOYNOOEjRc=,oi2g+fV/Sb1tEkAlxq89sI42aiw=
-24,28,qsLevvCVxyj8Wi8wvKOYNOOEjRc=,yKmMbl4YioTQgbbNrQUKDB2fIl8=
-24,27,qsLevvCVxyj8Wi8wvKOYNOOEjRc=,YWr7IfLGaNxpp5MOz7Dk4GnFL64=
-24,31,qsLevvCVxyj8Wi8wvKOYNOOEjRc=,yKmMbl4YioTQgbbNrQUKDB2fIl8=
-26,29,qsLevvCVxyj8Wi8wvKOYNOOEjRc=,yKmMbl4YioTQgbbNrQUKDB2fIl8=
-23,27,qsLevvCVxyj8Wi8wvKOYNOOEjRc=,YWr7IfLGaNxpp5MOz7Dk4GnFL64=
-25,27,qsLevvCVxyj8Wi8wvKOYNOOEjRc=,oi2g+fV/Sb1tEkAlxq89sI42aiw=
-19,27,qsLevvCVxyj8Wi8wvKOYNOOEjRc=,p644s6yOfyPhEcX7j892+7oyAtA=
-23,31,qsLevvCVxyj8Wi8wvKOYNOOEjRc=,yKmMbl4YioTQgbbNrQUKDB2fIl8=
-20,26,qsLevvCVxyj8Wi8wvKOYNOOEjRc=,p644s6yOfyPhEcX7j892+7oyAtA=
-25,31,qsLevvCVxyj8Wi8wvKOYNOOEjRc=,yKmMbl4YioTQgbbNrQUKDB2fIl8=
-26,26,qsLevvCVxyj8Wi8wvKOYNOOEjRc=,oi2g+fV/Sb1tEkAlxq89sI42aiw=
-26,31,qsLevvCVxyj8Wi8wvKOYNOOEjRc=,yKmMbl4YioTQgbbNrQUKDB2fIl8=
-25,28,qsLevvCVxyj8Wi8wvKOYNOOEjRc=,yKmMbl4YioTQgbbNrQUKDB2fIl8=
-25,29,qsLevvCVxyj8Wi8wvKOYNOOEjRc=,yKmMbl4YioTQgbbNrQUKDB2fIl8=
-23,28,qsLevvCVxyj8Wi8wvKOYNOOEjRc=,yKmMbl4YioTQgbbNrQUKDB2fIl8=
-20,27,qsLevvCVxyj8Wi8wvKOYNOOEjRc=,p644s6yOfyPhEcX7j892+7oyAtA=
-26,30,qsLevvCVxyj8Wi8wvKOYNOOEjRc=,yKmMbl4YioTQgbbNrQUKDB2fIl8=
-22,27,qsLevvCVxyj8Wi8wvKOYNOOEjRc=,YWr7IfLGaNxpp5MOz7Dk4GnFL64=
-23,30,qsLevvCVxyj8Wi8wvKOYNOOEjRc=,yKmMbl4YioTQgbbNrQUKDB2fIl8=
-26,28,qsLevvCVxyj8Wi8wvKOYNOOEjRc=,yKmMbl4YioTQgbbNrQUKDB2fIl8=
-21,27,qsLevvCVxyj8Wi8wvKOYNOOEjRc=,YWr7IfLGaNxpp5MOz7Dk4GnFL64=
-20,28,qsLevvCVxyj8Wi8wvKOYNOOEjRc=,yKmMbl4YioTQgbbNrQUKDB2fIl8=
-23,29,qsLevvCVxyj8Wi8wvKOYNOOEjRc=,yKmMbl4YioTQgbbNrQUKDB2fIl8=
-19,26,qsLevvCVxyj8Wi8wvKOYNOOEjRc=,p644s6yOfyPhEcX7j892+7oyAtA=
-24,30,qsLevvCVxyj8Wi8wvKOYNOOEjRc=,yKmMbl4YioTQgbbNrQUKDB2fIl8=
-21,26,qsLevvCVxyj8Wi8wvKOYNOOEjRc=,YWr7IfLGaNxpp5MOz7Dk4GnFL64=
-22,26,qsLevvCVxyj8Wi8wvKOYNOOEjRc=,YWr7IfLGaNxpp5MOz7Dk4GnFL64=
-25,30,qsLevvCVxyj8Wi8wvKOYNOOEjRc=,yKmMbl4YioTQgbbNrQUKDB2fIl8=
-25,26,qsLevvCVxyj8Wi8wvKOYNOOEjRc=,oi2g+fV/Sb1tEkAlxq89sI42aiw=
-24,29,qsLevvCVxyj8Wi8wvKOYNOOEjRc=,yKmMbl4YioTQgbbNrQUKDB2fIl8=
-19,28,qsLevvCVxyj8Wi8wvKOYNOOEjRc=,yKmMbl4YioTQgbbNrQUKDB2fIl8=
-20,29,qsLevvCVxyj8Wi8wvKOYNOOEjRc=,yKmMbl4YioTQgbbNrQUKDB2fIl8=
-21,29,qsLevvCVxyj8Wi8wvKOYNOOEjRc=,yKmMbl4YioTQgbbNrQUKDB2fIl8=
-24,26,qsLevvCVxyj8Wi8wvKOYNOOEjRc=,YWr7IfLGaNxpp5MOz7Dk4GnFL64=
-22,28,qsLevvCVxyj8Wi8wvKOYNOOEjRc=,yKmMbl4YioTQgbbNrQUKDB2fIl8=
-22,29,qsLevvCVxyj8Wi8wvKOYNOOEjRc=,yKmMbl4YioTQgbbNrQUKDB2fIl8=
-19,29,qsLevvCVxyj8Wi8wvKOYNOOEjRc=,yKmMbl4YioTQgbbNrQUKDB2fIl8=
-21,28,qsLevvCVxyj8Wi8wvKOYNOOEjRc=,yKmMbl4YioTQgbbNrQUKDB2fIl8=
-19,30,qsLevvCVxyj8Wi8wvKOYNOOEjRc=,yKmMbl4YioTQgbbNrQUKDB2fIl8=
-21,31,qsLevvCVxyj8Wi8wvKOYNOOEjRc=,yKmMbl4YioTQgbbNrQUKDB2fIl8=
-19,31,qsLevvCVxyj8Wi8wvKOYNOOEjRc=,yKmMbl4YioTQgbbNrQUKDB2fIl8=
-20,30,qsLevvCVxyj8Wi8wvKOYNOOEjRc=,yKmMbl4YioTQgbbNrQUKDB2fIl8=
-22,31,qsLevvCVxyj8Wi8wvKOYNOOEjRc=,yKmMbl4YioTQgbbNrQUKDB2fIl8=
-23,26,qsLevvCVxyj8Wi8wvKOYNOOEjRc=,YWr7IfLGaNxpp5MOz7Dk4GnFL64=
-20,31,qsLevvCVxyj8Wi8wvKOYNOOEjRc=,yKmMbl4YioTQgbbNrQUKDB2fIl8=
-18,28,qsLevvCVxyj8Wi8wvKOYNOOEjRc=,yKmMbl4YioTQgbbNrQUKDB2fIl8=
-18,29,qsLevvCVxyj8Wi8wvKOYNOOEjRc=,yKmMbl4YioTQgbbNrQUKDB2fIl8=
-17,26,qsLevvCVxyj8Wi8wvKOYNOOEjRc=,p644s6yOfyPhEcX7j892+7oyAtA=
-22,30,qsLevvCVxyj8Wi8wvKOYNOOEjRc=,yKmMbl4YioTQgbbNrQUKDB2fIl8=
-18,27,qsLevvCVxyj8Wi8wvKOYNOOEjRc=,p644s6yOfyPhEcX7j892+7oyAtA=
-17,27,qsLevvCVxyj8Wi8wvKOYNOOEjRc=,p644s6yOfyPhEcX7j892+7oyAtA=
-21,30,qsLevvCVxyj8Wi8wvKOYNOOEjRc=,yKmMbl4YioTQgbbNrQUKDB2fIl8=
-17,29,qsLevvCVxyj8Wi8wvKOYNOOEjRc=,yKmMbl4YioTQgbbNrQUKDB2fIl8=
-17,28,qsLevvCVxyj8Wi8wvKOYNOOEjRc=,yKmMbl4YioTQgbbNrQUKDB2fIl8=
-18,26,qsLevvCVxyj8Wi8wvKOYNOOEjRc=,p644s6yOfyPhEcX7j892+7oyAtA=
-17,30,FvcN/gl/OveSKZSeOsQkHhuFyXo=,yKmMbl4YioTQgbbNrQUKDB2fIl8=
-18,30,FvcN/gl/OveSKZSeOsQkHhuFyXo=,yKmMbl4YioTQgbbNrQUKDB2fIl8=
-18,31,FvcN/gl/OveSKZSeOsQkHhuFyXo=,yKmMbl4YioTQgbbNrQUKDB2fIl8=
-17,31,FvcN/gl/OveSKZSeOsQkHhuFyXo=,yKmMbl4YioTQgbbNrQUKDB2fIl8=
-17,19,FvcN/gl/OveSKZSeOsQkHhuFyXo=,MFzeooz8l+UQ1v0txMbC5P/HT3Q=
-18,18,FvcN/gl/OveSKZSeOsQkHhuFyXo=,MFzeooz8l+UQ1v0txMbC5P/HT3Q=
-18,21,FvcN/gl/OveSKZSeOsQkHhuFyXo=,YDgWo9eNUPdWf0aifERmpC7NrQI=
-17,18,FvcN/gl/OveSKZSeOsQkHhuFyXo=,MFzeooz8l+UQ1v0txMbC5P/HT3Q=
-18,22,FvcN/gl/OveSKZSeOsQkHhuFyXo=,YDgWo9eNUPdWf0aifERmpC7NrQI=
-17,21,FvcN/gl/OveSKZSeOsQkHhuFyXo=,YDgWo9eNUPdWf0aifERmpC7NrQI=
-17,22,FvcN/gl/OveSKZSeOsQkHhuFyXo=,YDgWo9eNUPdWf0aifERmpC7NrQI=
-18,23,FvcN/gl/OveSKZSeOsQkHhuFyXo=,YDgWo9eNUPdWf0aifERmpC7NrQI=
-17,23,FvcN/gl/OveSKZSeOsQkHhuFyXo=,YDgWo9eNUPdWf0aifERmpC7NrQI=
-18,20,FvcN/gl/OveSKZSeOsQkHhuFyXo=,YDgWo9eNUPdWf0aifERmpC7NrQI=
-17,20,FvcN/gl/OveSKZSeOsQkHhuFyXo=,YDgWo9eNUPdWf0aifERmpC7NrQI=
-18,24,FvcN/gl/OveSKZSeOsQkHhuFyXo=,p644s6yOfyPhEcX7j892+7oyAtA=
-18,19,FvcN/gl/OveSKZSeOsQkHhuFyXo=,MFzeooz8l+UQ1v0txMbC5P/HT3Q=
-17,24,FvcN/gl/OveSKZSeOsQkHhuFyXo=,p644s6yOfyPhEcX7j892+7oyAtA=
-18,25,FvcN/gl/OveSKZSeOsQkHhuFyXo=,p644s6yOfyPhEcX7j892+7oyAtA=
-20,16,FvcN/gl/OveSKZSeOsQkHhuFyXo=,MFzeooz8l+UQ1v0txMbC5P/HT3Q=
-19,17,FvcN/gl/OveSKZSeOsQkHhuFyXo=,MFzeooz8l+UQ1v0txMbC5P/HT3Q=
-19,16,FvcN/gl/OveSKZSeOsQkHhuFyXo=,MFzeooz8l+UQ1v0txMbC5P/HT3Q=
-21,17,FvcN/gl/OveSKZSeOsQkHhuFyXo=,jW70LfOrAw3gE1wd9tW1T/TwkLc=
-22,17,FvcN/gl/OveSKZSeOsQkHhuFyXo=,jW70LfOrAw3gE1wd9tW1T/TwkLc=
-20,17,FvcN/gl/OveSKZSeOsQkHhuFyXo=,MFzeooz8l+UQ1v0txMbC5P/HT3Q=
-21,16,FvcN/gl/OveSKZSeOsQkHhuFyXo=,jW70LfOrAw3gE1wd9tW1T/TwkLc=
-24,16,FvcN/gl/OveSKZSeOsQkHhuFyXo=,jW70LfOrAw3gE1wd9tW1T/TwkLc=
-22,16,FvcN/gl/OveSKZSeOsQkHhuFyXo=,jW70LfOrAw3gE1wd9tW1T/TwkLc=
-17,25,FvcN/gl/OveSKZSeOsQkHhuFyXo=,p644s6yOfyPhEcX7j892+7oyAtA=
-26,17,FvcN/gl/OveSKZSeOsQkHhuFyXo=,EFENzH6jlu4RVBwbthhQSm5e15A=
-23,16,FvcN/gl/OveSKZSeOsQkHhuFyXo=,jW70LfOrAw3gE1wd9tW1T/TwkLc=
-23,17,FvcN/gl/OveSKZSeOsQkHhuFyXo=,jW70LfOrAw3gE1wd9tW1T/TwkLc=
-25,17,FvcN/gl/OveSKZSeOsQkHhuFyXo=,EFENzH6jlu4RVBwbthhQSm5e15A=
-25,16,FvcN/gl/OveSKZSeOsQkHhuFyXo=,EFENzH6jlu4RVBwbthhQSm5e15A=
-26,16,FvcN/gl/OveSKZSeOsQkHhuFyXo=,EFENzH6jlu4RVBwbthhQSm5e15A=
-24,17,FvcN/gl/OveSKZSeOsQkHhuFyXo=,jW70LfOrAw3gE1wd9tW1T/TwkLc=
-32,19,yDkm9gHgCSt7xy1izBd/kMLJKiM=,Ig1giEmD59DtNJb9G4VNlWgfKbk=
-32,18,yDkm9gHgCSt7xy1izBd/kMLJKiM=,Ig1giEmD59DtNJb9G4VNlWgfKbk=
-31,21,yDkm9gHgCSt7xy1izBd/kMLJKiM=,Ig1giEmD59DtNJb9G4VNlWgfKbk=
-31,18,yDkm9gHgCSt7xy1izBd/kMLJKiM=,Ig1giEmD59DtNJb9G4VNlWgfKbk=
-31,20,yDkm9gHgCSt7xy1izBd/kMLJKiM=,Ig1giEmD59DtNJb9G4VNlWgfKbk=
-31,19,HST+FJcx4Kt3TBlS7R6BLZqxzvs=,Ig1giEmD59DtNJb9G4VNlWgfKbk=
-30,16,HST+FJcx4Kt3TBlS7R6BLZqxzvs=,Ig1giEmD59DtNJb9G4VNlWgfKbk=
-27,17,HST+FJcx4Kt3TBlS7R6BLZqxzvs=,EFENzH6jlu4RVBwbthhQSm5e15A=
-30,17,HST+FJcx4Kt3TBlS7R6BLZqxzvs=,Ig1giEmD59DtNJb9G4VNlWgfKbk=
-27,16,HST+FJcx4Kt3TBlS7R6BLZqxzvs=,EFENzH6jlu4RVBwbthhQSm5e15A=
-28,17,HST+FJcx4Kt3TBlS7R6BLZqxzvs=,EFENzH6jlu4RVBwbthhQSm5e15A=
-28,16,HST+FJcx4Kt3TBlS7R6BLZqxzvs=,EFENzH6jlu4RVBwbthhQSm5e15A=
-32,20,HST+FJcx4Kt3TBlS7R6BLZqxzvs=,Ig1giEmD59DtNJb9G4VNlWgfKbk=
-29,16,HST+FJcx4Kt3TBlS7R6BLZqxzvs=,Ig1giEmD59DtNJb9G4VNlWgfKbk=
-32,21,HST+FJcx4Kt3TBlS7R6BLZqxzvs=,Ig1giEmD59DtNJb9G4VNlWgfKbk=
-31,22,HST+FJcx4Kt3TBlS7R6BLZqxzvs=,Ig1giEmD59DtNJb9G4VNlWgfKbk=
-29,17,HST+FJcx4Kt3TBlS7R6BLZqxzvs=,Ig1giEmD59DtNJb9G4VNlWgfKbk=
-31,25,HST+FJcx4Kt3TBlS7R6BLZqxzvs=,m6aOAWmCHOmaK7JrSZoX4k3aMAI=
-32,22,HST+FJcx4Kt3TBlS7R6BLZqxzvs=,Ig1giEmD59DtNJb9G4VNlWgfKbk=
-32,25,HST+FJcx4Kt3TBlS7R6BLZqxzvs=,m6aOAWmCHOmaK7JrSZoX4k3aMAI=
-32,24,HST+FJcx4Kt3TBlS7R6BLZqxzvs=,m6aOAWmCHOmaK7JrSZoX4k3aMAI=
-32,23,HST+FJcx4Kt3TBlS7R6BLZqxzvs=,Ig1giEmD59DtNJb9G4VNlWgfKbk=
-31,26,HST+FJcx4Kt3TBlS7R6BLZqxzvs=,m6aOAWmCHOmaK7JrSZoX4k3aMAI=
-32,28,HST+FJcx4Kt3TBlS7R6BLZqxzvs=,jNHDpjcw2+b6i7oYpE6WtJvjgqY=
-31,28,HST+FJcx4Kt3TBlS7R6BLZqxzvs=,jNHDpjcw2+b6i7oYpE6WtJvjgqY=
-31,24,HST+FJcx4Kt3TBlS7R6BLZqxzvs=,m6aOAWmCHOmaK7JrSZoX4k3aMAI=
-32,26,HST+FJcx4Kt3TBlS7R6BLZqxzvs=,m6aOAWmCHOmaK7JrSZoX4k3aMAI=
-31,23,HST+FJcx4Kt3TBlS7R6BLZqxzvs=,Ig1giEmD59DtNJb9G4VNlWgfKbk=
-32,29,HST+FJcx4Kt3TBlS7R6BLZqxzvs=,jNHDpjcw2+b6i7oYpE6WtJvjgqY=
-32,27,HST+FJcx4Kt3TBlS7R6BLZqxzvs=,m6aOAWmCHOmaK7JrSZoX4k3aMAI=
-31,27,HST+FJcx4Kt3TBlS7R6BLZqxzvs=,m6aOAWmCHOmaK7JrSZoX4k3aMAI=
-31,29,HST+FJcx4Kt3TBlS7R6BLZqxzvs=,jNHDpjcw2+b6i7oYpE6WtJvjgqY=
-18,16,HST+FJcx4Kt3TBlS7R6BLZqxzvs=,MFzeooz8l+UQ1v0txMbC5P/HT3Q=
-17,17,HST+FJcx4Kt3TBlS7R6BLZqxzvs=,MFzeooz8l+UQ1v0txMbC5P/HT3Q=
-31,16,HST+FJcx4Kt3TBlS7R6BLZqxzvs=,Ig1giEmD59DtNJb9G4VNlWgfKbk=
-32,16,HST+FJcx4Kt3TBlS7R6BLZqxzvs=,Ig1giEmD59DtNJb9G4VNlWgfKbk=
-18,17,HST+FJcx4Kt3TBlS7R6BLZqxzvs=,MFzeooz8l+UQ1v0txMbC5P/HT3Q=
-31,17,HST+FJcx4Kt3TBlS7R6BLZqxzvs=,Ig1giEmD59DtNJb9G4VNlWgfKbk=
-17,16,HST+FJcx4Kt3TBlS7R6BLZqxzvs=,MFzeooz8l+UQ1v0txMbC5P/HT3Q=
-32,17,HST+FJcx4Kt3TBlS7R6BLZqxzvs=,Ig1giEmD59DtNJb9G4VNlWgfKbk=
-32,31,HST+FJcx4Kt3TBlS7R6BLZqxzvs=,jNHDpjcw2+b6i7oYpE6WtJvjgqY=
-31,31,HST+FJcx4Kt3TBlS7R6BLZqxzvs=,jNHDpjcw2+b6i7oYpE6WtJvjgqY=
-31,30,HST+FJcx4Kt3TBlS7R6BLZqxzvs=,jNHDpjcw2+b6i7oYpE6WtJvjgqY=
-32,30,HST+FJcx4Kt3TBlS7R6BLZqxzvs=,jNHDpjcw2+b6i7oYpE6WtJvjgqY=
-6,19,Q8EqVEGxvuwgaH46wyGOwsOCysI=,seOLrFGo9fAe+BjciSKu0h25DUw=
-6,20,SSoCx+rtEjkWTX2jdOgoHd3d6ow=,Hzuqp4tqApOBvJYyrQ9dmd9sTZU=
-5,19,Q8EqVEGxvuwgaH46wyGOwsOCysI=,seOLrFGo9fAe+BjciSKu0h25DUw=
-5,21,Q8EqVEGxvuwgaH46wyGOwsOCysI=,Hzuqp4tqApOBvJYyrQ9dmd9sTZU=
-3,19,nM9P5tBkOEzcxWbhDh+eDC6yFMc=,mzTyQFuUu09MUmcnQGlMGjg8/6Y=
-6,21,Q8EqVEGxvuwgaH46wyGOwsOCysI=,Hzuqp4tqApOBvJYyrQ9dmd9sTZU=
-4,21,Q8EqVEGxvuwgaH46wyGOwsOCysI=,Hzuqp4tqApOBvJYyrQ9dmd9sTZU=
-4,19,nM9P5tBkOEzcxWbhDh+eDC6yFMc=,mzTyQFuUu09MUmcnQGlMGjg8/6Y=
-3,18,nM9P5tBkOEzcxWbhDh+eDC6yFMc=,mzTyQFuUu09MUmcnQGlMGjg8/6Y=
-3,21,Q8EqVEGxvuwgaH46wyGOwsOCysI=,Hzuqp4tqApOBvJYyrQ9dmd9sTZU=
-6,18,Q8EqVEGxvuwgaH46wyGOwsOCysI=,seOLrFGo9fAe+BjciSKu0h25DUw=
-5,20,Q8EqVEGxvuwgaH46wyGOwsOCysI=,Hzuqp4tqApOBvJYyrQ9dmd9sTZU=
-5,18,Q8EqVEGxvuwgaH46wyGOwsOCysI=,seOLrFGo9fAe+BjciSKu0h25DUw=
-4,20,Q8EqVEGxvuwgaH46wyGOwsOCysI=,Hzuqp4tqApOBvJYyrQ9dmd9sTZU=
-3,20,Q8EqVEGxvuwgaH46wyGOwsOCysI=,Hzuqp4tqApOBvJYyrQ9dmd9sTZU=
-4,18,nM9P5tBkOEzcxWbhDh+eDC6yFMc=,mzTyQFuUu09MUmcnQGlMGjg8/6Y=
-5,23,Q8EqVEGxvuwgaH46wyGOwsOCysI=,Hzuqp4tqApOBvJYyrQ9dmd9sTZU=
-6,22,Q8EqVEGxvuwgaH46wyGOwsOCysI=,Hzuqp4tqApOBvJYyrQ9dmd9sTZU=
-6,23,Q8EqVEGxvuwgaH46wyGOwsOCysI=,Hzuqp4tqApOBvJYyrQ9dmd9sTZU=
-5,25,4Dj87yaxFCfHVsyalVpWJVCCzxo=,6GIQTxIRgeSkCNuRNiNLv7s1SEw=
-4,24,4Dj87yaxFCfHVsyalVpWJVCCzxo=,k1lBqMIeAU4d5/DO6UBsm6Ut9yw=
-3,23,Q8EqVEGxvuwgaH46wyGOwsOCysI=,Hzuqp4tqApOBvJYyrQ9dmd9sTZU=
-6,25,4Dj87yaxFCfHVsyalVpWJVCCzxo=,6GIQTxIRgeSkCNuRNiNLv7s1SEw=
-4,22,Q8EqVEGxvuwgaH46wyGOwsOCysI=,Hzuqp4tqApOBvJYyrQ9dmd9sTZU=
-5,22,Q8EqVEGxvuwgaH46wyGOwsOCysI=,Hzuqp4tqApOBvJYyrQ9dmd9sTZU=
-5,24,4Dj87yaxFCfHVsyalVpWJVCCzxo=,6GIQTxIRgeSkCNuRNiNLv7s1SEw=
-4,23,Q8EqVEGxvuwgaH46wyGOwsOCysI=,Hzuqp4tqApOBvJYyrQ9dmd9sTZU=
-3,22,Q8EqVEGxvuwgaH46wyGOwsOCysI=,Hzuqp4tqApOBvJYyrQ9dmd9sTZU=
-3,24,4Dj87yaxFCfHVsyalVpWJVCCzxo=,k1lBqMIeAU4d5/DO6UBsm6Ut9yw=
-4,25,4Dj87yaxFCfHVsyalVpWJVCCzxo=,k1lBqMIeAU4d5/DO6UBsm6Ut9yw=
-6,24,4Dj87yaxFCfHVsyalVpWJVCCzxo=,6GIQTxIRgeSkCNuRNiNLv7s1SEw=
-3,25,4Dj87yaxFCfHVsyalVpWJVCCzxo=,k1lBqMIeAU4d5/DO6UBsm6Ut9yw=
-6,29,7ZBzqcKJeK9bghI/5P+DgL+Gcfs=,6GIQTxIRgeSkCNuRNiNLv7s1SEw=
-5,29,7ZBzqcKJeK9bghI/5P+DgL+Gcfs=,6GIQTxIRgeSkCNuRNiNLv7s1SEw=
-4,27,7ZBzqcKJeK9bghI/5P+DgL+Gcfs=,k1lBqMIeAU4d5/DO6UBsm6Ut9yw=
-5,26,7ZBzqcKJeK9bghI/5P+DgL+Gcfs=,6GIQTxIRgeSkCNuRNiNLv7s1SEw=
-3,27,7ZBzqcKJeK9bghI/5P+DgL+Gcfs=,k1lBqMIeAU4d5/DO6UBsm6Ut9yw=
-6,27,7ZBzqcKJeK9bghI/5P+DgL+Gcfs=,6GIQTxIRgeSkCNuRNiNLv7s1SEw=
-6,26,7ZBzqcKJeK9bghI/5P+DgL+Gcfs=,6GIQTxIRgeSkCNuRNiNLv7s1SEw=
-4,28,7ZBzqcKJeK9bghI/5P+DgL+Gcfs=,Yg/ZzEAHVEo7ZTKchDhONyKlqsU=
-4,26,7ZBzqcKJeK9bghI/5P+DgL+Gcfs=,k1lBqMIeAU4d5/DO6UBsm6Ut9yw=
-5,27,7ZBzqcKJeK9bghI/5P+DgL+Gcfs=,6GIQTxIRgeSkCNuRNiNLv7s1SEw=
-3,26,7ZBzqcKJeK9bghI/5P+DgL+Gcfs=,k1lBqMIeAU4d5/DO6UBsm6Ut9yw=
-5,28,7ZBzqcKJeK9bghI/5P+DgL+Gcfs=,6GIQTxIRgeSkCNuRNiNLv7s1SEw=
-4,29,7ZBzqcKJeK9bghI/5P+DgL+Gcfs=,Yg/ZzEAHVEo7ZTKchDhONyKlqsU=
-3,28,Qr8FxglPsOVCQs+PNcc+I9wrUDE=,Yg/ZzEAHVEo7ZTKchDhONyKlqsU=
-6,28,Qr8FxglPsOVCQs+PNcc+I9wrUDE=,6GIQTxIRgeSkCNuRNiNLv7s1SEw=
-3,29,Qr8FxglPsOVCQs+PNcc+I9wrUDE=,Yg/ZzEAHVEo7ZTKchDhONyKlqsU=
-7,28,Qr8FxglPsOVCQs+PNcc+I9wrUDE=,6GIQTxIRgeSkCNuRNiNLv7s1SEw=
-8,28,Qr8FxglPsOVCQs+PNcc+I9wrUDE=,6GIQTxIRgeSkCNuRNiNLv7s1SEw=
-8,26,Qr8FxglPsOVCQs+PNcc+I9wrUDE=,6GIQTxIRgeSkCNuRNiNLv7s1SEw=
-7,29,Qr8FxglPsOVCQs+PNcc+I9wrUDE=,6GIQTxIRgeSkCNuRNiNLv7s1SEw=
-7,26,Qr8FxglPsOVCQs+PNcc+I9wrUDE=,6GIQTxIRgeSkCNuRNiNLv7s1SEw=
-8,27,Qr8FxglPsOVCQs+PNcc+I9wrUDE=,6GIQTxIRgeSkCNuRNiNLv7s1SEw=
-10,29,Qr8FxglPsOVCQs+PNcc+I9wrUDE=,PzyGDootuIBgCOXHO3jv/FsfB9Q=
-9,29,Qr8FxglPsOVCQs+PNcc+I9wrUDE=,PzyGDootuIBgCOXHO3jv/FsfB9Q=
-8,29,Qr8FxglPsOVCQs+PNcc+I9wrUDE=,6GIQTxIRgeSkCNuRNiNLv7s1SEw=
-9,26,Qr8FxglPsOVCQs+PNcc+I9wrUDE=,XzFzRFaAhMLYXyfM7gQhl6KvlkA=
-10,28,Qr8FxglPsOVCQs+PNcc+I9wrUDE=,PzyGDootuIBgCOXHO3jv/FsfB9Q=
-9,28,Qr8FxglPsOVCQs+PNcc+I9wrUDE=,PzyGDootuIBgCOXHO3jv/FsfB9Q=
-9,27,Qr8FxglPsOVCQs+PNcc+I9wrUDE=,XzFzRFaAhMLYXyfM7gQhl6KvlkA=
-10,26,Qr8FxglPsOVCQs+PNcc+I9wrUDE=,XzFzRFaAhMLYXyfM7gQhl6KvlkA=
-10,27,qEUwrjPw8rS37yaXRVUIStz0/kQ=,XzFzRFaAhMLYXyfM7gQhl6KvlkA=
-7,27,qEUwrjPw8rS37yaXRVUIStz0/kQ=,6GIQTxIRgeSkCNuRNiNLv7s1SEw=
-13,28,qEUwrjPw8rS37yaXRVUIStz0/kQ=,PzyGDootuIBgCOXHO3jv/FsfB9Q=
-14,28,qEUwrjPw8rS37yaXRVUIStz0/kQ=,PzyGDootuIBgCOXHO3jv/FsfB9Q=
-12,27,qEUwrjPw8rS37yaXRVUIStz0/kQ=,XzFzRFaAhMLYXyfM7gQhl6KvlkA=
-12,29,qEUwrjPw8rS37yaXRVUIStz0/kQ=,PzyGDootuIBgCOXHO3jv/FsfB9Q=
-11,27,qEUwrjPw8rS37yaXRVUIStz0/kQ=,XzFzRFaAhMLYXyfM7gQhl6KvlkA=
-13,29,qEUwrjPw8rS37yaXRVUIStz0/kQ=,PzyGDootuIBgCOXHO3jv/FsfB9Q=
-13,27,qEUwrjPw8rS37yaXRVUIStz0/kQ=,OBBgb33IhLaVrWApIA2N6mjgQ/U=
-13,26,qEUwrjPw8rS37yaXRVUIStz0/kQ=,OBBgb33IhLaVrWApIA2N6mjgQ/U=
-14,27,qEUwrjPw8rS37yaXRVUIStz0/kQ=,OBBgb33IhLaVrWApIA2N6mjgQ/U=
-14,29,qEUwrjPw8rS37yaXRVUIStz0/kQ=,PzyGDootuIBgCOXHO3jv/FsfB9Q=
-14,26,qEUwrjPw8rS37yaXRVUIStz0/kQ=,OBBgb33IhLaVrWApIA2N6mjgQ/U=
-11,28,qEUwrjPw8rS37yaXRVUIStz0/kQ=,PzyGDootuIBgCOXHO3jv/FsfB9Q=
-12,26,qEUwrjPw8rS37yaXRVUIStz0/kQ=,XzFzRFaAhMLYXyfM7gQhl6KvlkA=
-11,29,qEUwrjPw8rS37yaXRVUIStz0/kQ=,PzyGDootuIBgCOXHO3jv/FsfB9Q=
-11,26,qEUwrjPw8rS37yaXRVUIStz0/kQ=,XzFzRFaAhMLYXyfM7gQhl6KvlkA=
-12,28,qEUwrjPw8rS37yaXRVUIStz0/kQ=,PzyGDootuIBgCOXHO3jv/FsfB9Q=
-8,25,GIRUHIyV21f7bt3EogXac4QdqNY=,6GIQTxIRgeSkCNuRNiNLv7s1SEw=
-10,19,GIRUHIyV21f7bt3EogXac4QdqNY=,h2A0UOrsLE694UXqD4pxUVDmO+4=
-14,22,+7YN/AtSXNTjqVEQgcU31cjh18A=,5hOTSVduptAuzEsjD6n2tU8D5AA=
-9,23,+7YN/AtSXNTjqVEQgcU31cjh18A=,h2A0UOrsLE694UXqD4pxUVDmO+4=
-13,22,+7YN/AtSXNTjqVEQgcU31cjh18A=,5hOTSVduptAuzEsjD6n2tU8D5AA=
-8,19,Q8EqVEGxvuwgaH46wyGOwsOCysI=,seOLrFGo9fAe+BjciSKu0h25DUw=
-8,23,xvLpaajoYjRK3MGP8PfdM24Vps8=,Hzuqp4tqApOBvJYyrQ9dmd9sTZU=
-7,25,+7YN/AtSXNTjqVEQgcU31cjh18A=,6GIQTxIRgeSkCNuRNiNLv7s1SEw=
-9,21,+7YN/AtSXNTjqVEQgcU31cjh18A=,h2A0UOrsLE694UXqD4pxUVDmO+4=
-9,19,+7YN/AtSXNTjqVEQgcU31cjh18A=,h2A0UOrsLE694UXqD4pxUVDmO+4=
-10,23,+7YN/AtSXNTjqVEQgcU31cjh18A=,h2A0UOrsLE694UXqD4pxUVDmO+4=
-8,22,xvLpaajoYjRK3MGP8PfdM24Vps8=,Hzuqp4tqApOBvJYyrQ9dmd9sTZU=
-7,22,xvLpaajoYjRK3MGP8PfdM24Vps8=,Hzuqp4tqApOBvJYyrQ9dmd9sTZU=
-7,19,Q8EqVEGxvuwgaH46wyGOwsOCysI=,seOLrFGo9fAe+BjciSKu0h25DUw=
-12,22,+7YN/AtSXNTjqVEQgcU31cjh18A=,h2A0UOrsLE694UXqD4pxUVDmO+4=
-9,18,+7YN/AtSXNTjqVEQgcU31cjh18A=,h2A0UOrsLE694UXqD4pxUVDmO+4=
-10,25,+7YN/AtSXNTjqVEQgcU31cjh18A=,XzFzRFaAhMLYXyfM7gQhl6KvlkA=
-12,23,+7YN/AtSXNTjqVEQgcU31cjh18A=,h2A0UOrsLE694UXqD4pxUVDmO+4=
-9,25,+7YN/AtSXNTjqVEQgcU31cjh18A=,XzFzRFaAhMLYXyfM7gQhl6KvlkA=
-10,21,+7YN/AtSXNTjqVEQgcU31cjh18A=,h2A0UOrsLE694UXqD4pxUVDmO+4=
-10,18,+7YN/AtSXNTjqVEQgcU31cjh18A=,h2A0UOrsLE694UXqD4pxUVDmO+4=
-11,23,+7YN/AtSXNTjqVEQgcU31cjh18A=,h2A0UOrsLE694UXqD4pxUVDmO+4=
-11,22,+7YN/AtSXNTjqVEQgcU31cjh18A=,h2A0UOrsLE694UXqD4pxUVDmO+4=
-8,20,Q8EqVEGxvuwgaH46wyGOwsOCysI=,Hzuqp4tqApOBvJYyrQ9dmd9sTZU=
-9,20,+7YN/AtSXNTjqVEQgcU31cjh18A=,h2A0UOrsLE694UXqD4pxUVDmO+4=
-7,21,Q8EqVEGxvuwgaH46wyGOwsOCysI=,Hzuqp4tqApOBvJYyrQ9dmd9sTZU=
-10,20,+7YN/AtSXNTjqVEQgcU31cjh18A=,h2A0UOrsLE694UXqD4pxUVDmO+4=
-8,24,+7YN/AtSXNTjqVEQgcU31cjh18A=,6GIQTxIRgeSkCNuRNiNLv7s1SEw=
-10,24,+7YN/AtSXNTjqVEQgcU31cjh18A=,XzFzRFaAhMLYXyfM7gQhl6KvlkA=
-13,25,+7YN/AtSXNTjqVEQgcU31cjh18A=,OBBgb33IhLaVrWApIA2N6mjgQ/U=
-8,21,Q8EqVEGxvuwgaH46wyGOwsOCysI=,Hzuqp4tqApOBvJYyrQ9dmd9sTZU=
-7,24,+7YN/AtSXNTjqVEQgcU31cjh18A=,6GIQTxIRgeSkCNuRNiNLv7s1SEw=
-12,25,+7YN/AtSXNTjqVEQgcU31cjh18A=,XzFzRFaAhMLYXyfM7gQhl6KvlkA=
-9,24,+7YN/AtSXNTjqVEQgcU31cjh18A=,XzFzRFaAhMLYXyfM7gQhl6KvlkA=
-14,25,+7YN/AtSXNTjqVEQgcU31cjh18A=,OBBgb33IhLaVrWApIA2N6mjgQ/U=
-13,24,+7YN/AtSXNTjqVEQgcU31cjh18A=,OBBgb33IhLaVrWApIA2N6mjgQ/U=
-7,23,xvLpaajoYjRK3MGP8PfdM24Vps8=,Hzuqp4tqApOBvJYyrQ9dmd9sTZU=
-9,22,+7YN/AtSXNTjqVEQgcU31cjh18A=,h2A0UOrsLE694UXqD4pxUVDmO+4=
-13,23,+7YN/AtSXNTjqVEQgcU31cjh18A=,5hOTSVduptAuzEsjD6n2tU8D5AA=
-14,23,+7YN/AtSXNTjqVEQgcU31cjh18A=,5hOTSVduptAuzEsjD6n2tU8D5AA=
-7,20,Q8EqVEGxvuwgaH46wyGOwsOCysI=,Hzuqp4tqApOBvJYyrQ9dmd9sTZU=
-10,22,+7YN/AtSXNTjqVEQgcU31cjh18A=,h2A0UOrsLE694UXqD4pxUVDmO+4=
-11,24,+7YN/AtSXNTjqVEQgcU31cjh18A=,XzFzRFaAhMLYXyfM7gQhl6KvlkA=
-11,25,+7YN/AtSXNTjqVEQgcU31cjh18A=,XzFzRFaAhMLYXyfM7gQhl6KvlkA=
-14,24,+7YN/AtSXNTjqVEQgcU31cjh18A=,OBBgb33IhLaVrWApIA2N6mjgQ/U=
-8,18,Q8EqVEGxvuwgaH46wyGOwsOCysI=,seOLrFGo9fAe+BjciSKu0h25DUw=
-7,18,Q8EqVEGxvuwgaH46wyGOwsOCysI=,seOLrFGo9fAe+BjciSKu0h25DUw=
-15,22,+7YN/AtSXNTjqVEQgcU31cjh18A=,5hOTSVduptAuzEsjD6n2tU8D5AA=
-15,23,+7YN/AtSXNTjqVEQgcU31cjh18A=,5hOTSVduptAuzEsjD6n2tU8D5AA=
-12,24,+7YN/AtSXNTjqVEQgcU31cjh18A=,XzFzRFaAhMLYXyfM7gQhl6KvlkA=
-16,22,+7YN/AtSXNTjqVEQgcU31cjh18A=,5hOTSVduptAuzEsjD6n2tU8D5AA=
-16,25,+7YN/AtSXNTjqVEQgcU31cjh18A=,OBBgb33IhLaVrWApIA2N6mjgQ/U=
-15,24,+7YN/AtSXNTjqVEQgcU31cjh18A=,OBBgb33IhLaVrWApIA2N6mjgQ/U=
-16,24,+7YN/AtSXNTjqVEQgcU31cjh18A=,OBBgb33IhLaVrWApIA2N6mjgQ/U=
-15,27,+7YN/AtSXNTjqVEQgcU31cjh18A=,OBBgb33IhLaVrWApIA2N6mjgQ/U=
-15,28,+7YN/AtSXNTjqVEQgcU31cjh18A=,PzyGDootuIBgCOXHO3jv/FsfB9Q=
-15,25,+7YN/AtSXNTjqVEQgcU31cjh18A=,OBBgb33IhLaVrWApIA2N6mjgQ/U=
-16,27,+7YN/AtSXNTjqVEQgcU31cjh18A=,OBBgb33IhLaVrWApIA2N6mjgQ/U=
-16,23,+7YN/AtSXNTjqVEQgcU31cjh18A=,5hOTSVduptAuzEsjD6n2tU8D5AA=
-16,26,+7YN/AtSXNTjqVEQgcU31cjh18A=,OBBgb33IhLaVrWApIA2N6mjgQ/U=
-15,29,+7YN/AtSXNTjqVEQgcU31cjh18A=,PzyGDootuIBgCOXHO3jv/FsfB9Q=
-16,28,+7YN/AtSXNTjqVEQgcU31cjh18A=,PzyGDootuIBgCOXHO3jv/FsfB9Q=
-15,26,+7YN/AtSXNTjqVEQgcU31cjh18A=,OBBgb33IhLaVrWApIA2N6mjgQ/U=
-16,20,+7YN/AtSXNTjqVEQgcU31cjh18A=,5hOTSVduptAuzEsjD6n2tU8D5AA=
-15,20,+7YN/AtSXNTjqVEQgcU31cjh18A=,5hOTSVduptAuzEsjD6n2tU8D5AA=
-14,19,+7YN/AtSXNTjqVEQgcU31cjh18A=,MFzeooz8l+UQ1v0txMbC5P/HT3Q=
-16,29,+7YN/AtSXNTjqVEQgcU31cjh18A=,PzyGDootuIBgCOXHO3jv/FsfB9Q=
-13,18,+7YN/AtSXNTjqVEQgcU31cjh18A=,MFzeooz8l+UQ1v0txMbC5P/HT3Q=
-16,19,+7YN/AtSXNTjqVEQgcU31cjh18A=,MFzeooz8l+UQ1v0txMbC5P/HT3Q=
-15,21,+7YN/AtSXNTjqVEQgcU31cjh18A=,5hOTSVduptAuzEsjD6n2tU8D5AA=
-14,18,+7YN/AtSXNTjqVEQgcU31cjh18A=,MFzeooz8l+UQ1v0txMbC5P/HT3Q=
-13,17,+7YN/AtSXNTjqVEQgcU31cjh18A=,MFzeooz8l+UQ1v0txMbC5P/HT3Q=
-12,19,+7YN/AtSXNTjqVEQgcU31cjh18A=,h2A0UOrsLE694UXqD4pxUVDmO+4=
-12,17,+7YN/AtSXNTjqVEQgcU31cjh18A=,h2A0UOrsLE694UXqD4pxUVDmO+4=
-16,18,+7YN/AtSXNTjqVEQgcU31cjh18A=,MFzeooz8l+UQ1v0txMbC5P/HT3Q=
-11,16,+7YN/AtSXNTjqVEQgcU31cjh18A=,h2A0UOrsLE694UXqD4pxUVDmO+4=
-11,17,+7YN/AtSXNTjqVEQgcU31cjh18A=,h2A0UOrsLE694UXqD4pxUVDmO+4=
-12,18,+7YN/AtSXNTjqVEQgcU31cjh18A=,h2A0UOrsLE694UXqD4pxUVDmO+4=
-13,21,+7YN/AtSXNTjqVEQgcU31cjh18A=,5hOTSVduptAuzEsjD6n2tU8D5AA=
-14,20,+7YN/AtSXNTjqVEQgcU31cjh18A=,5hOTSVduptAuzEsjD6n2tU8D5AA=
-11,19,+7YN/AtSXNTjqVEQgcU31cjh18A=,h2A0UOrsLE694UXqD4pxUVDmO+4=
-16,21,+7YN/AtSXNTjqVEQgcU31cjh18A=,5hOTSVduptAuzEsjD6n2tU8D5AA=
-13,20,+7YN/AtSXNTjqVEQgcU31cjh18A=,5hOTSVduptAuzEsjD6n2tU8D5AA=
-13,19,+7YN/AtSXNTjqVEQgcU31cjh18A=,MFzeooz8l+UQ1v0txMbC5P/HT3Q=
-14,17,+7YN/AtSXNTjqVEQgcU31cjh18A=,MFzeooz8l+UQ1v0txMbC5P/HT3Q=
-15,19,+7YN/AtSXNTjqVEQgcU31cjh18A=,MFzeooz8l+UQ1v0txMbC5P/HT3Q=
-12,16,+7YN/AtSXNTjqVEQgcU31cjh18A=,h2A0UOrsLE694UXqD4pxUVDmO+4=
-11,21,+7YN/AtSXNTjqVEQgcU31cjh18A=,h2A0UOrsLE694UXqD4pxUVDmO+4=
-14,16,+7YN/AtSXNTjqVEQgcU31cjh18A=,MFzeooz8l+UQ1v0txMbC5P/HT3Q=
-12,20,+7YN/AtSXNTjqVEQgcU31cjh18A=,h2A0UOrsLE694UXqD4pxUVDmO+4=
-14,21,+7YN/AtSXNTjqVEQgcU31cjh18A=,5hOTSVduptAuzEsjD6n2tU8D5AA=
-15,18,+7YN/AtSXNTjqVEQgcU31cjh18A=,MFzeooz8l+UQ1v0txMbC5P/HT3Q=
-11,20,+7YN/AtSXNTjqVEQgcU31cjh18A=,h2A0UOrsLE694UXqD4pxUVDmO+4=
-12,21,+7YN/AtSXNTjqVEQgcU31cjh18A=,h2A0UOrsLE694UXqD4pxUVDmO+4=
-11,18,+7YN/AtSXNTjqVEQgcU31cjh18A=,h2A0UOrsLE694UXqD4pxUVDmO+4=
-13,16,+7YN/AtSXNTjqVEQgcU31cjh18A=,MFzeooz8l+UQ1v0txMbC5P/HT3Q=
-11,31,qx2ug9J86z8i8Y8of/5A2RLGVRo=,PzyGDootuIBgCOXHO3jv/FsfB9Q=
-13,30,qx2ug9J86z8i8Y8of/5A2RLGVRo=,PzyGDootuIBgCOXHO3jv/FsfB9Q=
-12,31,qx2ug9J86z8i8Y8of/5A2RLGVRo=,PzyGDootuIBgCOXHO3jv/FsfB9Q=
-9,31,qx2ug9J86z8i8Y8of/5A2RLGVRo=,PzyGDootuIBgCOXHO3jv/FsfB9Q=
-10,31,qx2ug9J86z8i8Y8of/5A2RLGVRo=,PzyGDootuIBgCOXHO3jv/FsfB9Q=
-3,30,qx2ug9J86z8i8Y8of/5A2RLGVRo=,Yg/ZzEAHVEo7ZTKchDhONyKlqsU=
-11,30,qx2ug9J86z8i8Y8of/5A2RLGVRo=,PzyGDootuIBgCOXHO3jv/FsfB9Q=
-14,30,qx2ug9J86z8i8Y8of/5A2RLGVRo=,PzyGDootuIBgCOXHO3jv/FsfB9Q=
-12,30,qx2ug9J86z8i8Y8of/5A2RLGVRo=,PzyGDootuIBgCOXHO3jv/FsfB9Q=
-13,31,qx2ug9J86z8i8Y8of/5A2RLGVRo=,PzyGDootuIBgCOXHO3jv/FsfB9Q=
-6,30,qx2ug9J86z8i8Y8of/5A2RLGVRo=,6GIQTxIRgeSkCNuRNiNLv7s1SEw=
-14,31,qx2ug9J86z8i8Y8of/5A2RLGVRo=,PzyGDootuIBgCOXHO3jv/FsfB9Q=
-5,31,qx2ug9J86z8i8Y8of/5A2RLGVRo=,6GIQTxIRgeSkCNuRNiNLv7s1SEw=
-3,31,qx2ug9J86z8i8Y8of/5A2RLGVRo=,Yg/ZzEAHVEo7ZTKchDhONyKlqsU=
-7,30,qx2ug9J86z8i8Y8of/5A2RLGVRo=,6GIQTxIRgeSkCNuRNiNLv7s1SEw=
-8,30,qx2ug9J86z8i8Y8of/5A2RLGVRo=,6GIQTxIRgeSkCNuRNiNLv7s1SEw=
-9,30,qx2ug9J86z8i8Y8of/5A2RLGVRo=,PzyGDootuIBgCOXHO3jv/FsfB9Q=
-10,30,qx2ug9J86z8i8Y8of/5A2RLGVRo=,PzyGDootuIBgCOXHO3jv/FsfB9Q=
-8,31,qx2ug9J86z8i8Y8of/5A2RLGVRo=,6GIQTxIRgeSkCNuRNiNLv7s1SEw=
-7,31,qx2ug9J86z8i8Y8of/5A2RLGVRo=,6GIQTxIRgeSkCNuRNiNLv7s1SEw=
-4,31,qx2ug9J86z8i8Y8of/5A2RLGVRo=,Yg/ZzEAHVEo7ZTKchDhONyKlqsU=
-5,30,qx2ug9J86z8i8Y8of/5A2RLGVRo=,6GIQTxIRgeSkCNuRNiNLv7s1SEw=
-4,30,qx2ug9J86z8i8Y8of/5A2RLGVRo=,Yg/ZzEAHVEo7ZTKchDhONyKlqsU=
-6,31,qx2ug9J86z8i8Y8of/5A2RLGVRo=,6GIQTxIRgeSkCNuRNiNLv7s1SEw=
-1,27,qx2ug9J86z8i8Y8of/5A2RLGVRo=,k1lBqMIeAU4d5/DO6UBsm6Ut9yw=
-1,29,qx2ug9J86z8i8Y8of/5A2RLGVRo=,Yg/ZzEAHVEo7ZTKchDhONyKlqsU=
-2,26,qx2ug9J86z8i8Y8of/5A2RLGVRo=,k1lBqMIeAU4d5/DO6UBsm6Ut9yw=
-1,28,qx2ug9J86z8i8Y8of/5A2RLGVRo=,Yg/ZzEAHVEo7ZTKchDhONyKlqsU=
-2,29,qx2ug9J86z8i8Y8of/5A2RLGVRo=,Yg/ZzEAHVEo7ZTKchDhONyKlqsU=
-1,22,JfGHOW+oLKdxg5trb4D7dB6rAi0=,Hzuqp4tqApOBvJYyrQ9dmd9sTZU=
-2,22,JfGHOW+oLKdxg5trb4D7dB6rAi0=,Hzuqp4tqApOBvJYyrQ9dmd9sTZU=
-2,23,xvLpaajoYjRK3MGP8PfdM24Vps8=,Hzuqp4tqApOBvJYyrQ9dmd9sTZU=
-2,28,qx2ug9J86z8i8Y8of/5A2RLGVRo=,Yg/ZzEAHVEo7ZTKchDhONyKlqsU=
-1,23,JfGHOW+oLKdxg5trb4D7dB6rAi0=,Hzuqp4tqApOBvJYyrQ9dmd9sTZU=
-2,27,qx2ug9J86z8i8Y8of/5A2RLGVRo=,k1lBqMIeAU4d5/DO6UBsm6Ut9yw=
-1,24,qx2ug9J86z8i8Y8of/5A2RLGVRo=,k1lBqMIeAU4d5/DO6UBsm6Ut9yw=
-2,25,qx2ug9J86z8i8Y8of/5A2RLGVRo=,k1lBqMIeAU4d5/DO6UBsm6Ut9yw=
-1,26,qx2ug9J86z8i8Y8of/5A2RLGVRo=,k1lBqMIeAU4d5/DO6UBsm6Ut9yw=
-2,24,qx2ug9J86z8i8Y8of/5A2RLGVRo=,k1lBqMIeAU4d5/DO6UBsm6Ut9yw=
-1,25,qx2ug9J86z8i8Y8of/5A2RLGVRo=,k1lBqMIeAU4d5/DO6UBsm6Ut9yw=
-1,30,jUmRTOiRrMyxskh2Hr4V5IUgQRo=,Yg/ZzEAHVEo7ZTKchDhONyKlqsU=
-2,30,jUmRTOiRrMyxskh2Hr4V5IUgQRo=,Yg/ZzEAHVEo7ZTKchDhONyKlqsU=
-1,31,jUmRTOiRrMyxskh2Hr4V5IUgQRo=,Yg/ZzEAHVEo7ZTKchDhONyKlqsU=
-2,31,jUmRTOiRrMyxskh2Hr4V5IUgQRo=,Yg/ZzEAHVEo7ZTKchDhONyKlqsU=
-2,19,nM9P5tBkOEzcxWbhDh+eDC6yFMc=,mzTyQFuUu09MUmcnQGlMGjg8/6Y=
-10,17,jUmRTOiRrMyxskh2Hr4V5IUgQRo=,h2A0UOrsLE694UXqD4pxUVDmO+4=
-9,17,jUmRTOiRrMyxskh2Hr4V5IUgQRo=,h2A0UOrsLE694UXqD4pxUVDmO+4=
-2,16,nM9P5tBkOEzcxWbhDh+eDC6yFMc=,mzTyQFuUu09MUmcnQGlMGjg8/6Y=
-1,19,nM9P5tBkOEzcxWbhDh+eDC6yFMc=,mzTyQFuUu09MUmcnQGlMGjg8/6Y=
-7,17,JfGHOW+oLKdxg5trb4D7dB6rAi0=,seOLrFGo9fAe+BjciSKu0h25DUw=
-5,16,JfGHOW+oLKdxg5trb4D7dB6rAi0=,seOLrFGo9fAe+BjciSKu0h25DUw=
-1,21,Q8EqVEGxvuwgaH46wyGOwsOCysI=,Hzuqp4tqApOBvJYyrQ9dmd9sTZU=
-8,16,JfGHOW+oLKdxg5trb4D7dB6rAi0=,seOLrFGo9fAe+BjciSKu0h25DUw=
-8,17,JfGHOW+oLKdxg5trb4D7dB6rAi0=,seOLrFGo9fAe+BjciSKu0h25DUw=
-10,16,jUmRTOiRrMyxskh2Hr4V5IUgQRo=,h2A0UOrsLE694UXqD4pxUVDmO+4=
-1,20,Q8EqVEGxvuwgaH46wyGOwsOCysI=,Hzuqp4tqApOBvJYyrQ9dmd9sTZU=
-2,18,nM9P5tBkOEzcxWbhDh+eDC6yFMc=,mzTyQFuUu09MUmcnQGlMGjg8/6Y=
-7,16,JfGHOW+oLKdxg5trb4D7dB6rAi0=,seOLrFGo9fAe+BjciSKu0h25DUw=
-1,17,nM9P5tBkOEzcxWbhDh+eDC6yFMc=,mzTyQFuUu09MUmcnQGlMGjg8/6Y=
-5,17,JfGHOW+oLKdxg5trb4D7dB6rAi0=,seOLrFGo9fAe+BjciSKu0h25DUw=
-1,16,nM9P5tBkOEzcxWbhDh+eDC6yFMc=,mzTyQFuUu09MUmcnQGlMGjg8/6Y=
-4,16,nM9P5tBkOEzcxWbhDh+eDC6yFMc=,mzTyQFuUu09MUmcnQGlMGjg8/6Y=
-4,17,nM9P5tBkOEzcxWbhDh+eDC6yFMc=,mzTyQFuUu09MUmcnQGlMGjg8/6Y=
-2,21,Q8EqVEGxvuwgaH46wyGOwsOCysI=,Hzuqp4tqApOBvJYyrQ9dmd9sTZU=
-2,20,Q8EqVEGxvuwgaH46wyGOwsOCysI=,Hzuqp4tqApOBvJYyrQ9dmd9sTZU=
-1,18,nM9P5tBkOEzcxWbhDh+eDC6yFMc=,mzTyQFuUu09MUmcnQGlMGjg8/6Y=
-6,17,JfGHOW+oLKdxg5trb4D7dB6rAi0=,seOLrFGo9fAe+BjciSKu0h25DUw=
-3,17,nM9P5tBkOEzcxWbhDh+eDC6yFMc=,mzTyQFuUu09MUmcnQGlMGjg8/6Y=
-3,16,nM9P5tBkOEzcxWbhDh+eDC6yFMc=,mzTyQFuUu09MUmcnQGlMGjg8/6Y=
-2,17,nM9P5tBkOEzcxWbhDh+eDC6yFMc=,mzTyQFuUu09MUmcnQGlMGjg8/6Y=
-9,16,jUmRTOiRrMyxskh2Hr4V5IUgQRo=,h2A0UOrsLE694UXqD4pxUVDmO+4=
-6,16,JfGHOW+oLKdxg5trb4D7dB6rAi0=,seOLrFGo9fAe+BjciSKu0h25DUw=
-16,16,azvHtghO3mBuwcZKMuMk94IK7RA=,MFzeooz8l+UQ1v0txMbC5P/HT3Q=
-15,17,azvHtghO3mBuwcZKMuMk94IK7RA=,MFzeooz8l+UQ1v0txMbC5P/HT3Q=
-15,16,azvHtghO3mBuwcZKMuMk94IK7RA=,MFzeooz8l+UQ1v0txMbC5P/HT3Q=
-15,30,azvHtghO3mBuwcZKMuMk94IK7RA=,PzyGDootuIBgCOXHO3jv/FsfB9Q=
-15,31,azvHtghO3mBuwcZKMuMk94IK7RA=,PzyGDootuIBgCOXHO3jv/FsfB9Q=
-16,30,azvHtghO3mBuwcZKMuMk94IK7RA=,PzyGDootuIBgCOXHO3jv/FsfB9Q=
-16,17,azvHtghO3mBuwcZKMuMk94IK7RA=,MFzeooz8l+UQ1v0txMbC5P/HT3Q=
-16,31,azvHtghO3mBuwcZKMuMk94IK7RA=,PzyGDootuIBgCOXHO3jv/FsfB9Q=
-12,7,HthVfhBHGE2LWd7p9Djxkpl0FN0=,7UrZ29uAx1wgEJ7FirN9yOKoCf8=
-14,7,VskwzFfMCsK1Nf6P9EVj6p27+tw=,9hWAk1CYD3BX8Hx8CV/1W75Y7Yg=
-13,9,VskwzFfMCsK1Nf6P9EVj6p27+tw=,JFssC5rHIHnjlONvKtNKahBtqyw=
-14,9,D4Y3fT1JS0jyCr3WHLtT8SzlDU8=,JFssC5rHIHnjlONvKtNKahBtqyw=
-13,7,D4Y3fT1JS0jyCr3WHLtT8SzlDU8=,9hWAk1CYD3BX8Hx8CV/1W75Y7Yg=
-12,8,HthVfhBHGE2LWd7p9Djxkpl0FN0=,7UrZ29uAx1wgEJ7FirN9yOKoCf8=
-14,6,D4Y3fT1JS0jyCr3WHLtT8SzlDU8=,9hWAk1CYD3BX8Hx8CV/1W75Y7Yg=
-11,7,HthVfhBHGE2LWd7p9Djxkpl0FN0=,7UrZ29uAx1wgEJ7FirN9yOKoCf8=
-11,8,HthVfhBHGE2LWd7p9Djxkpl0FN0=,7UrZ29uAx1wgEJ7FirN9yOKoCf8=
-12,6,HthVfhBHGE2LWd7p9Djxkpl0FN0=,7UrZ29uAx1wgEJ7FirN9yOKoCf8=
-11,6,HthVfhBHGE2LWd7p9Djxkpl0FN0=,7UrZ29uAx1wgEJ7FirN9yOKoCf8=
-13,8,D4Y3fT1JS0jyCr3WHLtT8SzlDU8=,JFssC5rHIHnjlONvKtNKahBtqyw=
-11,9,HthVfhBHGE2LWd7p9Djxkpl0FN0=,7UrZ29uAx1wgEJ7FirN9yOKoCf8=
-14,8,VskwzFfMCsK1Nf6P9EVj6p27+tw=,JFssC5rHIHnjlONvKtNKahBtqyw=
-12,9,HthVfhBHGE2LWd7p9Djxkpl0FN0=,7UrZ29uAx1wgEJ7FirN9yOKoCf8=
-13,6,VskwzFfMCsK1Nf6P9EVj6p27+tw=,9hWAk1CYD3BX8Hx8CV/1W75Y7Yg=
-13,13,NjQT25bYxJbqCVMwFXvVTSbMVOQ=,bZ/A7tmLF4HzTDKAjxNfVwMVoDk=
-14,11,adHr53aLPJsE5f2FK2lMcPrOgA0=,JFssC5rHIHnjlONvKtNKahBtqyw=
-14,12,NjQT25bYxJbqCVMwFXvVTSbMVOQ=,bZ/A7tmLF4HzTDKAjxNfVwMVoDk=
-14,13,NjQT25bYxJbqCVMwFXvVTSbMVOQ=,bZ/A7tmLF4HzTDKAjxNfVwMVoDk=
-13,12,NjQT25bYxJbqCVMwFXvVTSbMVOQ=,bZ/A7tmLF4HzTDKAjxNfVwMVoDk=
-14,10,adHr53aLPJsE5f2FK2lMcPrOgA0=,JFssC5rHIHnjlONvKtNKahBtqyw=
-13,11,adHr53aLPJsE5f2FK2lMcPrOgA0=,JFssC5rHIHnjlONvKtNKahBtqyw=
-12,11,NjQT25bYxJbqCVMwFXvVTSbMVOQ=,7UrZ29uAx1wgEJ7FirN9yOKoCf8=
-13,10,adHr53aLPJsE5f2FK2lMcPrOgA0=,JFssC5rHIHnjlONvKtNKahBtqyw=
-11,10,NjQT25bYxJbqCVMwFXvVTSbMVOQ=,7UrZ29uAx1wgEJ7FirN9yOKoCf8=
-12,10,NjQT25bYxJbqCVMwFXvVTSbMVOQ=,7UrZ29uAx1wgEJ7FirN9yOKoCf8=
-11,13,NjQT25bYxJbqCVMwFXvVTSbMVOQ=,N5rBPx9R2fhwLYxaUOuI/qW0ims=
-11,11,NjQT25bYxJbqCVMwFXvVTSbMVOQ=,7UrZ29uAx1wgEJ7FirN9yOKoCf8=
-12,13,NjQT25bYxJbqCVMwFXvVTSbMVOQ=,N5rBPx9R2fhwLYxaUOuI/qW0ims=
-12,12,NjQT25bYxJbqCVMwFXvVTSbMVOQ=,N5rBPx9R2fhwLYxaUOuI/qW0ims=
-11,12,NjQT25bYxJbqCVMwFXvVTSbMVOQ=,N5rBPx9R2fhwLYxaUOuI/qW0ims=
-10,7,ApDXI80vJM+3qZ9DJkITZOtgGy4=,7UrZ29uAx1wgEJ7FirN9yOKoCf8=
-7,6,XZ9lCr2fiEbZi6A7vgZTieQ+KkE=,RsDSs0BU6WdKMhmMs+6ScqD/37I=
-8,6,TN2o7qR5fE0gliNetK8D5FfGyyE=,RsDSs0BU6WdKMhmMs+6ScqD/37I=
-10,6,ApDXI80vJM+3qZ9DJkITZOtgGy4=,7UrZ29uAx1wgEJ7FirN9yOKoCf8=
-9,7,ApDXI80vJM+3qZ9DJkITZOtgGy4=,7UrZ29uAx1wgEJ7FirN9yOKoCf8=
-9,6,ApDXI80vJM+3qZ9DJkITZOtgGy4=,7UrZ29uAx1wgEJ7FirN9yOKoCf8=
-10,8,ApDXI80vJM+3qZ9DJkITZOtgGy4=,7UrZ29uAx1wgEJ7FirN9yOKoCf8=
-8,7,TN2o7qR5fE0gliNetK8D5FfGyyE=,RsDSs0BU6WdKMhmMs+6ScqD/37I=
-9,8,Ho529ldP/nifeyWJjRRAq2eWu9E=,7UrZ29uAx1wgEJ7FirN9yOKoCf8=
-7,7,TN2o7qR5fE0gliNetK8D5FfGyyE=,RsDSs0BU6WdKMhmMs+6ScqD/37I=
-7,9,hzeITwyOw2XQkwBEEXtHOu9WXuI=,dIhjQ24PNcG3f/IDZDalXY6mg3w=
-9,9,rWwDJ5VxkDLTl8gwvEF+NEa5zxk=,7UrZ29uAx1wgEJ7FirN9yOKoCf8=
-8,8,hzeITwyOw2XQkwBEEXtHOu9WXuI=,dIhjQ24PNcG3f/IDZDalXY6mg3w=
-10,9,rWwDJ5VxkDLTl8gwvEF+NEa5zxk=,7UrZ29uAx1wgEJ7FirN9yOKoCf8=
-8,9,hzeITwyOw2XQkwBEEXtHOu9WXuI=,dIhjQ24PNcG3f/IDZDalXY6mg3w=
-7,8,hzeITwyOw2XQkwBEEXtHOu9WXuI=,dIhjQ24PNcG3f/IDZDalXY6mg3w=
-9,11,rWwDJ5VxkDLTl8gwvEF+NEa5zxk=,7UrZ29uAx1wgEJ7FirN9yOKoCf8=
-10,11,rWwDJ5VxkDLTl8gwvEF+NEa5zxk=,7UrZ29uAx1wgEJ7FirN9yOKoCf8=
-7,11,adHr53aLPJsE5f2FK2lMcPrOgA0=,dIhjQ24PNcG3f/IDZDalXY6mg3w=
-8,12,adHr53aLPJsE5f2FK2lMcPrOgA0=,seOLrFGo9fAe+BjciSKu0h25DUw=
-9,13,N8fSEg7cPPXgukRf5nA/uTyzycs=,N5rBPx9R2fhwLYxaUOuI/qW0ims=
-8,11,adHr53aLPJsE5f2FK2lMcPrOgA0=,dIhjQ24PNcG3f/IDZDalXY6mg3w=
-10,10,N8fSEg7cPPXgukRf5nA/uTyzycs=,7UrZ29uAx1wgEJ7FirN9yOKoCf8=
-10,13,N8fSEg7cPPXgukRf5nA/uTyzycs=,N5rBPx9R2fhwLYxaUOuI/qW0ims=
-10,12,N8fSEg7cPPXgukRf5nA/uTyzycs=,N5rBPx9R2fhwLYxaUOuI/qW0ims=
-7,10,adHr53aLPJsE5f2FK2lMcPrOgA0=,dIhjQ24PNcG3f/IDZDalXY6mg3w=
-9,12,N8fSEg7cPPXgukRf5nA/uTyzycs=,N5rBPx9R2fhwLYxaUOuI/qW0ims=
-8,10,adHr53aLPJsE5f2FK2lMcPrOgA0=,dIhjQ24PNcG3f/IDZDalXY6mg3w=
-7,12,adHr53aLPJsE5f2FK2lMcPrOgA0=,seOLrFGo9fAe+BjciSKu0h25DUw=
-9,10,N8fSEg7cPPXgukRf5nA/uTyzycs=,7UrZ29uAx1wgEJ7FirN9yOKoCf8=
-8,13,adHr53aLPJsE5f2FK2lMcPrOgA0=,seOLrFGo9fAe+BjciSKu0h25DUw=
-7,13,adHr53aLPJsE5f2FK2lMcPrOgA0=,seOLrFGo9fAe+BjciSKu0h25DUw=
-3,9,FZSROw78clPnAh7+pyp73W0p1Kc=,9DfYyNxQoNa7s9klOCOQxPk0dl8=
-3,8,FZSROw78clPnAh7+pyp73W0p1Kc=,9DfYyNxQoNa7s9klOCOQxPk0dl8=
-4,9,FZSROw78clPnAh7+pyp73W0p1Kc=,9DfYyNxQoNa7s9klOCOQxPk0dl8=
-3,6,FZSROw78clPnAh7+pyp73W0p1Kc=,Q+1pVpWESh7uigiNBE3AeO1Epwk=
-6,9,mQk56wlTXEkpebj6Rg+eLxNvXTc=,dIhjQ24PNcG3f/IDZDalXY6mg3w=
-3,7,FZSROw78clPnAh7+pyp73W0p1Kc=,Q+1pVpWESh7uigiNBE3AeO1Epwk=
-4,6,FZSROw78clPnAh7+pyp73W0p1Kc=,Q+1pVpWESh7uigiNBE3AeO1Epwk=
-5,9,mQk56wlTXEkpebj6Rg+eLxNvXTc=,dIhjQ24PNcG3f/IDZDalXY6mg3w=
-5,8,hzeITwyOw2XQkwBEEXtHOu9WXuI=,dIhjQ24PNcG3f/IDZDalXY6mg3w=
-5,7,FZSROw78clPnAh7+pyp73W0p1Kc=,RsDSs0BU6WdKMhmMs+6ScqD/37I=
-6,8,mQk56wlTXEkpebj6Rg+eLxNvXTc=,dIhjQ24PNcG3f/IDZDalXY6mg3w=
-6,6,FZSROw78clPnAh7+pyp73W0p1Kc=,RsDSs0BU6WdKMhmMs+6ScqD/37I=
-6,7,FZSROw78clPnAh7+pyp73W0p1Kc=,RsDSs0BU6WdKMhmMs+6ScqD/37I=
-4,7,FZSROw78clPnAh7+pyp73W0p1Kc=,Q+1pVpWESh7uigiNBE3AeO1Epwk=
-4,8,FZSROw78clPnAh7+pyp73W0p1Kc=,9DfYyNxQoNa7s9klOCOQxPk0dl8=
-5,6,FZSROw78clPnAh7+pyp73W0p1Kc=,RsDSs0BU6WdKMhmMs+6ScqD/37I=
-4,10,yIYpdLX56F8hXJu1Z9d3rUghzsA=,9DfYyNxQoNa7s9klOCOQxPk0dl8=
-6,10,dVM102SBlUWKqQSCcOURialFEP8=,dIhjQ24PNcG3f/IDZDalXY6mg3w=
-5,13,dVM102SBlUWKqQSCcOURialFEP8=,seOLrFGo9fAe+BjciSKu0h25DUw=
-6,11,dVM102SBlUWKqQSCcOURialFEP8=,dIhjQ24PNcG3f/IDZDalXY6mg3w=
-5,10,dVM102SBlUWKqQSCcOURialFEP8=,dIhjQ24PNcG3f/IDZDalXY6mg3w=
-4,13,yIYpdLX56F8hXJu1Z9d3rUghzsA=,mzTyQFuUu09MUmcnQGlMGjg8/6Y=
-3,10,yIYpdLX56F8hXJu1Z9d3rUghzsA=,9DfYyNxQoNa7s9klOCOQxPk0dl8=
-4,12,yIYpdLX56F8hXJu1Z9d3rUghzsA=,mzTyQFuUu09MUmcnQGlMGjg8/6Y=
-6,13,dVM102SBlUWKqQSCcOURialFEP8=,seOLrFGo9fAe+BjciSKu0h25DUw=
-3,12,yIYpdLX56F8hXJu1Z9d3rUghzsA=,mzTyQFuUu09MUmcnQGlMGjg8/6Y=
-5,12,dVM102SBlUWKqQSCcOURialFEP8=,seOLrFGo9fAe+BjciSKu0h25DUw=
-3,13,yIYpdLX56F8hXJu1Z9d3rUghzsA=,mzTyQFuUu09MUmcnQGlMGjg8/6Y=
-6,12,dVM102SBlUWKqQSCcOURialFEP8=,seOLrFGo9fAe+BjciSKu0h25DUw=
-4,11,yIYpdLX56F8hXJu1Z9d3rUghzsA=,9DfYyNxQoNa7s9klOCOQxPk0dl8=
-5,11,dVM102SBlUWKqQSCcOURialFEP8=,dIhjQ24PNcG3f/IDZDalXY6mg3w=
-3,11,yIYpdLX56F8hXJu1Z9d3rUghzsA=,9DfYyNxQoNa7s9klOCOQxPk0dl8=
-6,3,4P0Tgpx8uiIf1Ced/6OTIduovpw=,fNC3nGPiGpYeyR/+zMN73ts3Uak=
-5,5,hb5oS86vysENTUwN/k0MQ9B2YGI=,RsDSs0BU6WdKMhmMs+6ScqD/37I=
-5,2,hb5oS86vysENTUwN/k0MQ9B2YGI=,fNC3nGPiGpYeyR/+zMN73ts3Uak=
-6,5,hb5oS86vysENTUwN/k0MQ9B2YGI=,RsDSs0BU6WdKMhmMs+6ScqD/37I=
-3,3,hb5oS86vysENTUwN/k0MQ9B2YGI=,WQ3uEuaVjp4J99Xi3WHumGx2liw=
-3,5,hb5oS86vysENTUwN/k0MQ9B2YGI=,Q+1pVpWESh7uigiNBE3AeO1Epwk=
-6,2,hb5oS86vysENTUwN/k0MQ9B2YGI=,fNC3nGPiGpYeyR/+zMN73ts3Uak=
-4,4,hb5oS86vysENTUwN/k0MQ9B2YGI=,Q+1pVpWESh7uigiNBE3AeO1Epwk=
-4,5,hb5oS86vysENTUwN/k0MQ9B2YGI=,Q+1pVpWESh7uigiNBE3AeO1Epwk=
-5,3,hb5oS86vysENTUwN/k0MQ9B2YGI=,fNC3nGPiGpYeyR/+zMN73ts3Uak=
-4,2,hb5oS86vysENTUwN/k0MQ9B2YGI=,WQ3uEuaVjp4J99Xi3WHumGx2liw=
-3,2,hb5oS86vysENTUwN/k0MQ9B2YGI=,WQ3uEuaVjp4J99Xi3WHumGx2liw=
-3,4,hb5oS86vysENTUwN/k0MQ9B2YGI=,Q+1pVpWESh7uigiNBE3AeO1Epwk=
-5,4,hb5oS86vysENTUwN/k0MQ9B2YGI=,RsDSs0BU6WdKMhmMs+6ScqD/37I=
-4,3,hb5oS86vysENTUwN/k0MQ9B2YGI=,WQ3uEuaVjp4J99Xi3WHumGx2liw=
-6,4,hb5oS86vysENTUwN/k0MQ9B2YGI=,RsDSs0BU6WdKMhmMs+6ScqD/37I=
-8,4,yIYpdLX56F8hXJu1Z9d3rUghzsA=,RsDSs0BU6WdKMhmMs+6ScqD/37I=
-10,5,zUEGLw5ZDAx57U8MdslSA487IuQ=,7UrZ29uAx1wgEJ7FirN9yOKoCf8=
-10,2,yIYpdLX56F8hXJu1Z9d3rUghzsA=,iBkJgtjnAxQobg9pcl1WzVJKFp8=
-7,5,yIYpdLX56F8hXJu1Z9d3rUghzsA=,RsDSs0BU6WdKMhmMs+6ScqD/37I=
-9,3,yIYpdLX56F8hXJu1Z9d3rUghzsA=,iBkJgtjnAxQobg9pcl1WzVJKFp8=
-8,5,yIYpdLX56F8hXJu1Z9d3rUghzsA=,RsDSs0BU6WdKMhmMs+6ScqD/37I=
-7,4,yIYpdLX56F8hXJu1Z9d3rUghzsA=,RsDSs0BU6WdKMhmMs+6ScqD/37I=
-10,4,zUEGLw5ZDAx57U8MdslSA487IuQ=,7UrZ29uAx1wgEJ7FirN9yOKoCf8=
-8,2,yIYpdLX56F8hXJu1Z9d3rUghzsA=,fNC3nGPiGpYeyR/+zMN73ts3Uak=
-8,3,yIYpdLX56F8hXJu1Z9d3rUghzsA=,fNC3nGPiGpYeyR/+zMN73ts3Uak=
-9,4,zUEGLw5ZDAx57U8MdslSA487IuQ=,7UrZ29uAx1wgEJ7FirN9yOKoCf8=
-10,3,yIYpdLX56F8hXJu1Z9d3rUghzsA=,iBkJgtjnAxQobg9pcl1WzVJKFp8=
-7,2,yIYpdLX56F8hXJu1Z9d3rUghzsA=,fNC3nGPiGpYeyR/+zMN73ts3Uak=
-9,2,yIYpdLX56F8hXJu1Z9d3rUghzsA=,iBkJgtjnAxQobg9pcl1WzVJKFp8=
-7,3,yIYpdLX56F8hXJu1Z9d3rUghzsA=,fNC3nGPiGpYeyR/+zMN73ts3Uak=
-9,5,zUEGLw5ZDAx57U8MdslSA487IuQ=,7UrZ29uAx1wgEJ7FirN9yOKoCf8=
-10,1,yIYpdLX56F8hXJu1Z9d3rUghzsA=,iBkJgtjnAxQobg9pcl1WzVJKFp8=
-9,1,yIYpdLX56F8hXJu1Z9d3rUghzsA=,iBkJgtjnAxQobg9pcl1WzVJKFp8=
-7,0,yIYpdLX56F8hXJu1Z9d3rUghzsA=,fNC3nGPiGpYeyR/+zMN73ts3Uak=
-10,0,yIYpdLX56F8hXJu1Z9d3rUghzsA=,iBkJgtjnAxQobg9pcl1WzVJKFp8=
-8,0,yIYpdLX56F8hXJu1Z9d3rUghzsA=,fNC3nGPiGpYeyR/+zMN73ts3Uak=
-7,1,yIYpdLX56F8hXJu1Z9d3rUghzsA=,fNC3nGPiGpYeyR/+zMN73ts3Uak=
-9,0,yIYpdLX56F8hXJu1Z9d3rUghzsA=,iBkJgtjnAxQobg9pcl1WzVJKFp8=
-8,1,yIYpdLX56F8hXJu1Z9d3rUghzsA=,fNC3nGPiGpYeyR/+zMN73ts3Uak=
-11,3,XZ9lCr2fiEbZi6A7vgZTieQ+KkE=,iBkJgtjnAxQobg9pcl1WzVJKFp8=
-13,5,D4Y3fT1JS0jyCr3WHLtT8SzlDU8=,9hWAk1CYD3BX8Hx8CV/1W75Y7Yg=
-13,2,D4Y3fT1JS0jyCr3WHLtT8SzlDU8=,9hWAk1CYD3BX8Hx8CV/1W75Y7Yg=
-12,5,5BNJsZjWpbRN+3x2bnb7GNRbn64=,7UrZ29uAx1wgEJ7FirN9yOKoCf8=
-13,3,D4Y3fT1JS0jyCr3WHLtT8SzlDU8=,9hWAk1CYD3BX8Hx8CV/1W75Y7Yg=
-11,5,5BNJsZjWpbRN+3x2bnb7GNRbn64=,7UrZ29uAx1wgEJ7FirN9yOKoCf8=
-11,2,XZ9lCr2fiEbZi6A7vgZTieQ+KkE=,iBkJgtjnAxQobg9pcl1WzVJKFp8=
-11,4,5BNJsZjWpbRN+3x2bnb7GNRbn64=,7UrZ29uAx1wgEJ7FirN9yOKoCf8=
-14,5,D4Y3fT1JS0jyCr3WHLtT8SzlDU8=,9hWAk1CYD3BX8Hx8CV/1W75Y7Yg=
-12,2,XZ9lCr2fiEbZi6A7vgZTieQ+KkE=,iBkJgtjnAxQobg9pcl1WzVJKFp8=
-13,4,D4Y3fT1JS0jyCr3WHLtT8SzlDU8=,9hWAk1CYD3BX8Hx8CV/1W75Y7Yg=
-12,3,XZ9lCr2fiEbZi6A7vgZTieQ+KkE=,iBkJgtjnAxQobg9pcl1WzVJKFp8=
-12,4,5BNJsZjWpbRN+3x2bnb7GNRbn64=,7UrZ29uAx1wgEJ7FirN9yOKoCf8=
-14,3,D4Y3fT1JS0jyCr3WHLtT8SzlDU8=,9hWAk1CYD3BX8Hx8CV/1W75Y7Yg=
-14,2,D4Y3fT1JS0jyCr3WHLtT8SzlDU8=,9hWAk1CYD3BX8Hx8CV/1W75Y7Yg=
-14,4,D4Y3fT1JS0jyCr3WHLtT8SzlDU8=,9hWAk1CYD3BX8Hx8CV/1W75Y7Yg=
-16,3,D4Y3fT1JS0jyCr3WHLtT8SzlDU8=,9hWAk1CYD3BX8Hx8CV/1W75Y7Yg=
-15,2,D4Y3fT1JS0jyCr3WHLtT8SzlDU8=,9hWAk1CYD3BX8Hx8CV/1W75Y7Yg=
-16,5,D4Y3fT1JS0jyCr3WHLtT8SzlDU8=,9hWAk1CYD3BX8Hx8CV/1W75Y7Yg=
-16,4,D4Y3fT1JS0jyCr3WHLtT8SzlDU8=,9hWAk1CYD3BX8Hx8CV/1W75Y7Yg=
-15,5,D4Y3fT1JS0jyCr3WHLtT8SzlDU8=,9hWAk1CYD3BX8Hx8CV/1W75Y7Yg=
-16,2,D4Y3fT1JS0jyCr3WHLtT8SzlDU8=,9hWAk1CYD3BX8Hx8CV/1W75Y7Yg=
-15,4,D4Y3fT1JS0jyCr3WHLtT8SzlDU8=,9hWAk1CYD3BX8Hx8CV/1W75Y7Yg=
-15,3,D4Y3fT1JS0jyCr3WHLtT8SzlDU8=,9hWAk1CYD3BX8Hx8CV/1W75Y7Yg=
-16,8,D4Y3fT1JS0jyCr3WHLtT8SzlDU8=,JFssC5rHIHnjlONvKtNKahBtqyw=
-15,9,D4Y3fT1JS0jyCr3WHLtT8SzlDU8=,JFssC5rHIHnjlONvKtNKahBtqyw=
-15,6,D4Y3fT1JS0jyCr3WHLtT8SzlDU8=,9hWAk1CYD3BX8Hx8CV/1W75Y7Yg=
-16,9,VskwzFfMCsK1Nf6P9EVj6p27+tw=,JFssC5rHIHnjlONvKtNKahBtqyw=
-15,7,D4Y3fT1JS0jyCr3WHLtT8SzlDU8=,9hWAk1CYD3BX8Hx8CV/1W75Y7Yg=
-15,8,VskwzFfMCsK1Nf6P9EVj6p27+tw=,JFssC5rHIHnjlONvKtNKahBtqyw=
-16,7,VskwzFfMCsK1Nf6P9EVj6p27+tw=,9hWAk1CYD3BX8Hx8CV/1W75Y7Yg=
-16,6,VskwzFfMCsK1Nf6P9EVj6p27+tw=,9hWAk1CYD3BX8Hx8CV/1W75Y7Yg=
-16,10,adHr53aLPJsE5f2FK2lMcPrOgA0=,JFssC5rHIHnjlONvKtNKahBtqyw=
-16,11,OYmSCfVc5nmezm1paAagn2rBti4=,JFssC5rHIHnjlONvKtNKahBtqyw=
-15,13,18ZwB24H7XabhyTXPJ9/U526VoQ=,bZ/A7tmLF4HzTDKAjxNfVwMVoDk=
-15,11,adHr53aLPJsE5f2FK2lMcPrOgA0=,JFssC5rHIHnjlONvKtNKahBtqyw=
-16,12,18ZwB24H7XabhyTXPJ9/U526VoQ=,bZ/A7tmLF4HzTDKAjxNfVwMVoDk=
-15,12,18ZwB24H7XabhyTXPJ9/U526VoQ=,bZ/A7tmLF4HzTDKAjxNfVwMVoDk=
-16,13,18ZwB24H7XabhyTXPJ9/U526VoQ=,bZ/A7tmLF4HzTDKAjxNfVwMVoDk=
-15,10,OYmSCfVc5nmezm1paAagn2rBti4=,JFssC5rHIHnjlONvKtNKahBtqyw=
-14,15,LPWrBtbLWlxg3xTt7njdIipQe9U=,bZ/A7tmLF4HzTDKAjxNfVwMVoDk=
-13,15,LPWrBtbLWlxg3xTt7njdIipQe9U=,bZ/A7tmLF4HzTDKAjxNfVwMVoDk=
-13,14,LPWrBtbLWlxg3xTt7njdIipQe9U=,bZ/A7tmLF4HzTDKAjxNfVwMVoDk=
-14,14,tGKVpa04tZdLcBGh/2U4paFa8ko=,bZ/A7tmLF4HzTDKAjxNfVwMVoDk=
-12,14,tGKVpa04tZdLcBGh/2U4paFa8ko=,N5rBPx9R2fhwLYxaUOuI/qW0ims=
-12,15,tGKVpa04tZdLcBGh/2U4paFa8ko=,N5rBPx9R2fhwLYxaUOuI/qW0ims=
-11,15,tGKVpa04tZdLcBGh/2U4paFa8ko=,N5rBPx9R2fhwLYxaUOuI/qW0ims=
-2,13,yIYpdLX56F8hXJu1Z9d3rUghzsA=,mzTyQFuUu09MUmcnQGlMGjg8/6Y=
-2,10,yIYpdLX56F8hXJu1Z9d3rUghzsA=,9DfYyNxQoNa7s9klOCOQxPk0dl8=
-11,14,tGKVpa04tZdLcBGh/2U4paFa8ko=,N5rBPx9R2fhwLYxaUOuI/qW0ims=
-1,13,yIYpdLX56F8hXJu1Z9d3rUghzsA=,mzTyQFuUu09MUmcnQGlMGjg8/6Y=
-1,12,yIYpdLX56F8hXJu1Z9d3rUghzsA=,mzTyQFuUu09MUmcnQGlMGjg8/6Y=
-9,15,tGKVpa04tZdLcBGh/2U4paFa8ko=,N5rBPx9R2fhwLYxaUOuI/qW0ims=
-1,10,yIYpdLX56F8hXJu1Z9d3rUghzsA=,9DfYyNxQoNa7s9klOCOQxPk0dl8=
-2,12,yIYpdLX56F8hXJu1Z9d3rUghzsA=,mzTyQFuUu09MUmcnQGlMGjg8/6Y=
-8,15,adHr53aLPJsE5f2FK2lMcPrOgA0=,seOLrFGo9fAe+BjciSKu0h25DUw=
-8,14,adHr53aLPJsE5f2FK2lMcPrOgA0=,seOLrFGo9fAe+BjciSKu0h25DUw=
-9,14,tGKVpa04tZdLcBGh/2U4paFa8ko=,N5rBPx9R2fhwLYxaUOuI/qW0ims=
-7,14,adHr53aLPJsE5f2FK2lMcPrOgA0=,seOLrFGo9fAe+BjciSKu0h25DUw=
-7,15,adHr53aLPJsE5f2FK2lMcPrOgA0=,seOLrFGo9fAe+BjciSKu0h25DUw=
-3,15,TN2o7qR5fE0gliNetK8D5FfGyyE=,mzTyQFuUu09MUmcnQGlMGjg8/6Y=
-6,15,adHr53aLPJsE5f2FK2lMcPrOgA0=,seOLrFGo9fAe+BjciSKu0h25DUw=
-6,14,adHr53aLPJsE5f2FK2lMcPrOgA0=,seOLrFGo9fAe+BjciSKu0h25DUw=
-5,15,adHr53aLPJsE5f2FK2lMcPrOgA0=,seOLrFGo9fAe+BjciSKu0h25DUw=
-5,14,adHr53aLPJsE5f2FK2lMcPrOgA0=,seOLrFGo9fAe+BjciSKu0h25DUw=
-10,15,tGKVpa04tZdLcBGh/2U4paFa8ko=,N5rBPx9R2fhwLYxaUOuI/qW0ims=
-1,11,yIYpdLX56F8hXJu1Z9d3rUghzsA=,9DfYyNxQoNa7s9klOCOQxPk0dl8=
-2,11,yIYpdLX56F8hXJu1Z9d3rUghzsA=,9DfYyNxQoNa7s9klOCOQxPk0dl8=
-3,14,TN2o7qR5fE0gliNetK8D5FfGyyE=,mzTyQFuUu09MUmcnQGlMGjg8/6Y=
-2,7,XZ9lCr2fiEbZi6A7vgZTieQ+KkE=,Q+1pVpWESh7uigiNBE3AeO1Epwk=
-1,6,XZ9lCr2fiEbZi6A7vgZTieQ+KkE=,Q+1pVpWESh7uigiNBE3AeO1Epwk=
-1,8,XZ9lCr2fiEbZi6A7vgZTieQ+KkE=,9DfYyNxQoNa7s9klOCOQxPk0dl8=
-10,14,tGKVpa04tZdLcBGh/2U4paFa8ko=,N5rBPx9R2fhwLYxaUOuI/qW0ims=
-4,14,TN2o7qR5fE0gliNetK8D5FfGyyE=,mzTyQFuUu09MUmcnQGlMGjg8/6Y=
-4,15,TN2o7qR5fE0gliNetK8D5FfGyyE=,mzTyQFuUu09MUmcnQGlMGjg8/6Y=
-2,6,XZ9lCr2fiEbZi6A7vgZTieQ+KkE=,Q+1pVpWESh7uigiNBE3AeO1Epwk=
-2,9,XZ9lCr2fiEbZi6A7vgZTieQ+KkE=,9DfYyNxQoNa7s9klOCOQxPk0dl8=
-1,7,XZ9lCr2fiEbZi6A7vgZTieQ+KkE=,Q+1pVpWESh7uigiNBE3AeO1Epwk=
-2,8,XZ9lCr2fiEbZi6A7vgZTieQ+KkE=,9DfYyNxQoNa7s9klOCOQxPk0dl8=
-1,9,XZ9lCr2fiEbZi6A7vgZTieQ+KkE=,9DfYyNxQoNa7s9klOCOQxPk0dl8=
-1,14,TN2o7qR5fE0gliNetK8D5FfGyyE=,mzTyQFuUu09MUmcnQGlMGjg8/6Y=
-1,15,TN2o7qR5fE0gliNetK8D5FfGyyE=,mzTyQFuUu09MUmcnQGlMGjg8/6Y=
-2,14,TN2o7qR5fE0gliNetK8D5FfGyyE=,mzTyQFuUu09MUmcnQGlMGjg8/6Y=
-6,1,XZ9lCr2fiEbZi6A7vgZTieQ+KkE=,fNC3nGPiGpYeyR/+zMN73ts3Uak=
-2,15,TN2o7qR5fE0gliNetK8D5FfGyyE=,mzTyQFuUu09MUmcnQGlMGjg8/6Y=
-5,1,XZ9lCr2fiEbZi6A7vgZTieQ+KkE=,fNC3nGPiGpYeyR/+zMN73ts3Uak=
-3,1,XZ9lCr2fiEbZi6A7vgZTieQ+KkE=,WQ3uEuaVjp4J99Xi3WHumGx2liw=
-4,1,XZ9lCr2fiEbZi6A7vgZTieQ+KkE=,WQ3uEuaVjp4J99Xi3WHumGx2liw=
-4,0,52EuLnxPon/WNgkhTsORaPFmMuo=,WQ3uEuaVjp4J99Xi3WHumGx2liw=
-14,0,D4Y3fT1JS0jyCr3WHLtT8SzlDU8=,9hWAk1CYD3BX8Hx8CV/1W75Y7Yg=
-12,1,TN2o7qR5fE0gliNetK8D5FfGyyE=,iBkJgtjnAxQobg9pcl1WzVJKFp8=
-12,0,TN2o7qR5fE0gliNetK8D5FfGyyE=,iBkJgtjnAxQobg9pcl1WzVJKFp8=
-11,0,TN2o7qR5fE0gliNetK8D5FfGyyE=,iBkJgtjnAxQobg9pcl1WzVJKFp8=
-14,1,D4Y3fT1JS0jyCr3WHLtT8SzlDU8=,9hWAk1CYD3BX8Hx8CV/1W75Y7Yg=
-5,0,XZ9lCr2fiEbZi6A7vgZTieQ+KkE=,fNC3nGPiGpYeyR/+zMN73ts3Uak=
-3,0,XZ9lCr2fiEbZi6A7vgZTieQ+KkE=,WQ3uEuaVjp4J99Xi3WHumGx2liw=
-13,1,D4Y3fT1JS0jyCr3WHLtT8SzlDU8=,9hWAk1CYD3BX8Hx8CV/1W75Y7Yg=
-2,3,XZ9lCr2fiEbZi6A7vgZTieQ+KkE=,WQ3uEuaVjp4J99Xi3WHumGx2liw=
-11,1,TN2o7qR5fE0gliNetK8D5FfGyyE=,iBkJgtjnAxQobg9pcl1WzVJKFp8=
-1,3,XZ9lCr2fiEbZi6A7vgZTieQ+KkE=,WQ3uEuaVjp4J99Xi3WHumGx2liw=
-2,1,XZ9lCr2fiEbZi6A7vgZTieQ+KkE=,WQ3uEuaVjp4J99Xi3WHumGx2liw=
-1,2,XZ9lCr2fiEbZi6A7vgZTieQ+KkE=,WQ3uEuaVjp4J99Xi3WHumGx2liw=
-6,0,XZ9lCr2fiEbZi6A7vgZTieQ+KkE=,fNC3nGPiGpYeyR/+zMN73ts3Uak=
-1,1,XZ9lCr2fiEbZi6A7vgZTieQ+KkE=,WQ3uEuaVjp4J99Xi3WHumGx2liw=
-2,2,XZ9lCr2fiEbZi6A7vgZTieQ+KkE=,WQ3uEuaVjp4J99Xi3WHumGx2liw=
-13,0,D4Y3fT1JS0jyCr3WHLtT8SzlDU8=,9hWAk1CYD3BX8Hx8CV/1W75Y7Yg=
-1,0,XZ9lCr2fiEbZi6A7vgZTieQ+KkE=,WQ3uEuaVjp4J99Xi3WHumGx2liw=
-1,4,XZ9lCr2fiEbZi6A7vgZTieQ+KkE=,Q+1pVpWESh7uigiNBE3AeO1Epwk=
-2,4,XZ9lCr2fiEbZi6A7vgZTieQ+KkE=,Q+1pVpWESh7uigiNBE3AeO1Epwk=
-2,0,XZ9lCr2fiEbZi6A7vgZTieQ+KkE=,WQ3uEuaVjp4J99Xi3WHumGx2liw=
-1,5,XZ9lCr2fiEbZi6A7vgZTieQ+KkE=,Q+1pVpWESh7uigiNBE3AeO1Epwk=
-2,5,XZ9lCr2fiEbZi6A7vgZTieQ+KkE=,Q+1pVpWESh7uigiNBE3AeO1Epwk=
-15,15,ykMmSVZEzkKVB7VbaD8iIBlripM=,bZ/A7tmLF4HzTDKAjxNfVwMVoDk=
-16,14,Pg0PTzeicjnIqFP7qqT3cTkhpMM=,bZ/A7tmLF4HzTDKAjxNfVwMVoDk=
-15,14,Pg0PTzeicjnIqFP7qqT3cTkhpMM=,bZ/A7tmLF4HzTDKAjxNfVwMVoDk=
-16,15,Pg0PTzeicjnIqFP7qqT3cTkhpMM=,bZ/A7tmLF4HzTDKAjxNfVwMVoDk=
-15,1,OYmSCfVc5nmezm1paAagn2rBti4=,9hWAk1CYD3BX8Hx8CV/1W75Y7Yg=
-16,0,OYmSCfVc5nmezm1paAagn2rBti4=,9hWAk1CYD3BX8Hx8CV/1W75Y7Yg=
-16,1,OYmSCfVc5nmezm1paAagn2rBti4=,9hWAk1CYD3BX8Hx8CV/1W75Y7Yg=
-15,0,OYmSCfVc5nmezm1paAagn2rBti4=,9hWAk1CYD3BX8Hx8CV/1W75Y7Yg=
