18,-3,jNUzweC7mESnCbyJLX52+7Yq7Us=,h7SqnGb5xgEHRWcdrfuQCaCPqlA=
17,-3,jNUzweC7mESnCbyJLX52+7Yq7Us=,empn7UaUh6cTbxt2kkJ2gkli8L8=
18,-2,jNUzweC7mESnCbyJLX52+7Yq7Us=,RSmYM+o3k1IdVaNAKPjSGguxRRo=
17,-2,jNUzweC7mESnCbyJLX52+7Yq7Us=,f9t16FwDZMFU9CxIxrPaPNHW9lE=
17,-5,jNUzweC7mESnCbyJLX52+7Yq7Us=,J75wNd2spyjDExb6/J3y6TIb0HY=
17,-4,jNUzweC7mESnCbyJLX52+7Yq7Us=,empn7UaUh6cTbxt2kkJ2gkli8L8=
18,-4,nG8U9QAK0B9n5HmM+y1dn3Y1ZUM=,h7SqnGb5xgEHRWcdrfuQCaCPqlA=
18,-5,nG8U9QAK0B9n5HmM+y1dn3Y1ZUM=,I2NUiOruzhQbOHXCQgRlFK1qLcU=
17,-6,aMMNQvxxV48nk+ntvrzcrY4qDIk=,J75wNd2spyjDExb6/J3y6TIb0HY=
18,-6,aMMNQvxxV48nk+ntvrzcrY4qDIk=,I2NUiOruzhQbOHXCQgRlFK1qLcU=
18,-7,VGt/ftlM8QDk2cqvhJeMVBN3l9M=,h7SqnGb5xgEHRWcdrfuQCaCPqlA=
17,-7,VGt/ftlM8QDk2cqvhJeMVBN3l9M=,mnv07koIOPi6cB9nrcet/cmd2zk=
18,-9,VGt/ftlM8QDk2cqvhJeMVBN3l9M=,h7SqnGb5xgEHRWcdrfuQCaCPqlA=
18,-8,VGt/ftlM8QDk2cqvhJeMVBN3l9M=,h7SqnGb5xgEHRWcdrfuQCaCPqlA=
17,-8,ACLtA1+tA0jdYlVbcYR0DH/j278=,mnv07koIOPi6cB9nrcet/cmd2zk=
17,-9,ACLtA1+tA0jdYlVbcYR0DH/j278=,yqzq4Q8Ltv9Wz5ACetLh43ocpUE=
17,-10,ACLtA1+tA0jdYlVbcYR0DH/j278=,yqzq4Q8Ltv9Wz5ACetLh43ocpUE=
18,-10,ACLtA1+tA0jdYlVbcYR0DH/j278=,h7SqnGb5xgEHRWcdrfuQCaCPqlA=
18,-11,ACLtA1+tA0jdYlVbcYR0DH/j278=,RSmYM+o3k1IdVaNAKPjSGguxRRo=
17,-11,ACLtA1+tA0jdYlVbcYR0DH/j278=,vOCLtSQGX8A2SUsIehnI10NmD9E=
17,-13,56/AJ5zNOw9pOvwtvX0Ug4OOTRo=,vOCLtSQGX8A2SUsIehnI10NmD9E=
18,-13,56/AJ5zNOw9pOvwtvX0Ug4OOTRo=,RSmYM+o3k1IdVaNAKPjSGguxRRo=
17,-12,56/AJ5zNOw9pOvwtvX0Ug4OOTRo=,vOCLtSQGX8A2SUsIehnI10NmD9E=
18,-12,56/AJ5zNOw9pOvwtvX0Ug4OOTRo=,RSmYM+o3k1IdVaNAKPjSGguxRRo=
17,-16,56/AJ5zNOw9pOvwtvX0Ug4OOTRo=,dzJjSjHXSBOMThUkf4lcECnJdwY=
16,-12,56/AJ5zNOw9pOvwtvX0Ug4OOTRo=,vOCLtSQGX8A2SUsIehnI10NmD9E=
16,-13,56/AJ5zNOw9pOvwtvX0Ug4OOTRo=,vOCLtSQGX8A2SUsIehnI10NmD9E=
18,-16,56/AJ5zNOw9pOvwtvX0Ug4OOTRo=,3lJoFT6uwTozpWtl/y8a4bht7bU=
16,-10,56/AJ5zNOw9pOvwtvX0Ug4OOTRo=,yqzq4Q8Ltv9Wz5ACetLh43ocpUE=
16,-15,56/AJ5zNOw9pOvwtvX0Ug4OOTRo=,dzJjSjHXSBOMThUkf4lcECnJdwY=
17,-15,56/AJ5zNOw9pOvwtvX0Ug4OOTRo=,dzJjSjHXSBOMThUkf4lcECnJdwY=
18,-15,56/AJ5zNOw9pOvwtvX0Ug4OOTRo=,3lJoFT6uwTozpWtl/y8a4bht7bU=
16,-11,56/AJ5zNOw9pOvwtvX0Ug4OOTRo=,vOCLtSQGX8A2SUsIehnI10NmD9E=
17,-14,56/AJ5zNOw9pOvwtvX0Ug4OOTRo=,vOCLtSQGX8A2SUsIehnI10NmD9E=
18,-14,56/AJ5zNOw9pOvwtvX0Ug4OOTRo=,RSmYM+o3k1IdVaNAKPjSGguxRRo=
16,-14,56/AJ5zNOw9pOvwtvX0Ug4OOTRo=,vOCLtSQGX8A2SUsIehnI10NmD9E=
16,-8,56/AJ5zNOw9pOvwtvX0Ug4OOTRo=,mnv07koIOPi6cB9nrcet/cmd2zk=
16,-9,56/AJ5zNOw9pOvwtvX0Ug4OOTRo=,yqzq4Q8Ltv9Wz5ACetLh43ocpUE=
16,-6,oGc1pJusceeLzOHr4A2NcaHHLto=,J75wNd2spyjDExb6/J3y6TIb0HY=
16,-5,oGc1pJusceeLzOHr4A2NcaHHLto=,J75wNd2spyjDExb6/J3y6TIb0HY=
19,-2,oGc1pJusceeLzOHr4A2NcaHHLto=,RSmYM+o3k1IdVaNAKPjSGguxRRo=
16,-4,oGc1pJusceeLzOHr4A2NcaHHLto=,empn7UaUh6cTbxt2kkJ2gkli8L8=
16,-7,oGc1pJusceeLzOHr4A2NcaHHLto=,mnv07koIOPi6cB9nrcet/cmd2zk=
19,-3,oGc1pJusceeLzOHr4A2NcaHHLto=,h7SqnGb5xgEHRWcdrfuQCaCPqlA=
16,-2,oGc1pJusceeLzOHr4A2NcaHHLto=,f9t16FwDZMFU9CxIxrPaPNHW9lE=
16,-3,oGc1pJusceeLzOHr4A2NcaHHLto=,empn7UaUh6cTbxt2kkJ2gkli8L8=
17,-1,oGc1pJusceeLzOHr4A2NcaHHLto=,f9t16FwDZMFU9CxIxrPaPNHW9lE=
18,-1,oGc1pJusceeLzOHr4A2NcaHHLto=,RSmYM+o3k1IdVaNAKPjSGguxRRo=
19,-1,oGc1pJusceeLzOHr4A2NcaHHLto=,RSmYM+o3k1IdVaNAKPjSGguxRRo=
19,-13,oGc1pJusceeLzOHr4A2NcaHHLto=,RSmYM+o3k1IdVaNAKPjSGguxRRo=
19,-10,oGc1pJusceeLzOHr4A2NcaHHLto=,h7SqnGb5xgEHRWcdrfuQCaCPqlA=
19,-4,oGc1pJusceeLzOHr4A2NcaHHLto=,h7SqnGb5xgEHRWcdrfuQCaCPqlA=
19,-9,oGc1pJusceeLzOHr4A2NcaHHLto=,h7SqnGb5xgEHRWcdrfuQCaCPqlA=
19,-12,oGc1pJusceeLzOHr4A2NcaHHLto=,RSmYM+o3k1IdVaNAKPjSGguxRRo=
19,-8,oGc1pJusceeLzOHr4A2NcaHHLto=,h7SqnGb5xgEHRWcdrfuQCaCPqlA=
19,-5,oGc1pJusceeLzOHr4A2NcaHHLto=,I2NUiOruzhQbOHXCQgRlFK1qLcU=
19,-11,oGc1pJusceeLzOHr4A2NcaHHLto=,RSmYM+o3k1IdVaNAKPjSGguxRRo=
19,-7,oGc1pJusceeLzOHr4A2NcaHHLto=,h7SqnGb5xgEHRWcdrfuQCaCPqlA=
19,-6,oGc1pJusceeLzOHr4A2NcaHHLto=,I2NUiOruzhQbOHXCQgRlFK1qLcU=
19,-15,oGc1pJusceeLzOHr4A2NcaHHLto=,3lJoFT6uwTozpWtl/y8a4bht7bU=
19,-14,oGc1pJusceeLzOHr4A2NcaHHLto=,RSmYM+o3k1IdVaNAKPjSGguxRRo=
19,-16,oGc1pJusceeLzOHr4A2NcaHHLto=,3lJoFT6uwTozpWtl/y8a4bht7bU=
16,-16,4V+BzwdJUlw0HD657ugAn2fcZX4=,dzJjSjHXSBOMThUkf4lcECnJdwY=
16,-1,4V+BzwdJUlw0HD657ugAn2fcZX4=,f9t16FwDZMFU9CxIxrPaPNHW9lE=
18,-19,Dk1Em3k1BGx7cwk1TzqY1CusmOQ=,RSmYM+o3k1IdVaNAKPjSGguxRRo=
17,-19,Dk1Em3k1BGx7cwk1TzqY1CusmOQ=,RSmYM+o3k1IdVaNAKPjSGguxRRo=
18,-18,Dk1Em3k1BGx7cwk1TzqY1CusmOQ=,k1lBqMIeAU4d5/DO6UBsm6Ut9yw=
17,-18,Dk1Em3k1BGx7cwk1TzqY1CusmOQ=,dzJjSjHXSBOMThUkf4lcECnJdwY=
17,-20,Dk1Em3k1BGx7cwk1TzqY1CusmOQ=,RSmYM+o3k1IdVaNAKPjSGguxRRo=
18,-17,Dk1Em3k1BGx7cwk1TzqY1CusmOQ=,k1lBqMIeAU4d5/DO6UBsm6Ut9yw=
18,-20,Dk1Em3k1BGx7cwk1TzqY1CusmOQ=,RSmYM+o3k1IdVaNAKPjSGguxRRo=
17,-17,Dk1Em3k1BGx7cwk1TzqY1CusmOQ=,dzJjSjHXSBOMThUkf4lcECnJdwY=
16,-19,Dk1Em3k1BGx7cwk1TzqY1CusmOQ=,RSmYM+o3k1IdVaNAKPjSGguxRRo=
16,-18,Dk1Em3k1BGx7cwk1TzqY1CusmOQ=,dzJjSjHXSBOMThUkf4lcECnJdwY=
19,-20,Dk1Em3k1BGx7cwk1TzqY1CusmOQ=,RSmYM+o3k1IdVaNAKPjSGguxRRo=
19,-19,Dk1Em3k1BGx7cwk1TzqY1CusmOQ=,RSmYM+o3k1IdVaNAKPjSGguxRRo=
16,-20,Dk1Em3k1BGx7cwk1TzqY1CusmOQ=,RSmYM+o3k1IdVaNAKPjSGguxRRo=
19,-18,Dk1Em3k1BGx7cwk1TzqY1CusmOQ=,k1lBqMIeAU4d5/DO6UBsm6Ut9yw=
19,-17,Dk1Em3k1BGx7cwk1TzqY1CusmOQ=,k1lBqMIeAU4d5/DO6UBsm6Ut9yw=
16,-17,Dk1Em3k1BGx7cwk1TzqY1CusmOQ=,dzJjSjHXSBOMThUkf4lcECnJdwY=
7,-19,/lw6vULPfb9C14AQChsZ0wt2VqM=,JRzcPUyYWATZCLbYAzV5OvC0eTo=
8,-19,MtGmqz3gptbxP7v0NIQJPnSuGII=,c43YsoKoOVD7fSnnK5g6yJs0OwQ=
7,-18,MtGmqz3gptbxP7v0NIQJPnSuGII=,sPKSucyzAd4St7Y0BGsnKYUOUAE=
8,-18,MtGmqz3gptbxP7v0NIQJPnSuGII=,BnbykE/eEB7L+AUp7m5KJ3eai4A=
10,-18,MtGmqz3gptbxP7v0NIQJPnSuGII=,k1lBqMIeAU4d5/DO6UBsm6Ut9yw=
10,-19,MtGmqz3gptbxP7v0NIQJPnSuGII=,irtgc6ywoQmQt4jP3ZN78XaTrfY=
9,-19,MtGmqz3gptbxP7v0NIQJPnSuGII=,c43YsoKoOVD7fSnnK5g6yJs0OwQ=
9,-18,MtGmqz3gptbxP7v0NIQJPnSuGII=,BnbykE/eEB7L+AUp7m5KJ3eai4A=
10,-20,AepfFqKYS7sMulD7/hySgMh+plc=,irtgc6ywoQmQt4jP3ZN78XaTrfY=
11,-18,AepfFqKYS7sMulD7/hySgMh+plc=,k1lBqMIeAU4d5/DO6UBsm6Ut9yw=
12,-18,AepfFqKYS7sMulD7/hySgMh+plc=,k1lBqMIeAU4d5/DO6UBsm6Ut9yw=
13,-20,AepfFqKYS7sMulD7/hySgMh+plc=,RSmYM+o3k1IdVaNAKPjSGguxRRo=
7,-20,IiJCDBF3PI7OGwVk0GV5CKlqcf8=,JRzcPUyYWATZCLbYAzV5OvC0eTo=
9,-20,IiJCDBF3PI7OGwVk0GV5CKlqcf8=,c43YsoKoOVD7fSnnK5g6yJs0OwQ=
8,-20,IiJCDBF3PI7OGwVk0GV5CKlqcf8=,c43YsoKoOVD7fSnnK5g6yJs0OwQ=
11,-20,IiJCDBF3PI7OGwVk0GV5CKlqcf8=,irtgc6ywoQmQt4jP3ZN78XaTrfY=
12,-19,IiJCDBF3PI7OGwVk0GV5CKlqcf8=,RSmYM+o3k1IdVaNAKPjSGguxRRo=
12,-20,IiJCDBF3PI7OGwVk0GV5CKlqcf8=,RSmYM+o3k1IdVaNAKPjSGguxRRo=
11,-19,IiJCDBF3PI7OGwVk0GV5CKlqcf8=,irtgc6ywoQmQt4jP3ZN78XaTrfY=
12,-17,IiJCDBF3PI7OGwVk0GV5CKlqcf8=,k1lBqMIeAU4d5/DO6UBsm6Ut9yw=
13,-18,IiJCDBF3PI7OGwVk0GV5CKlqcf8=,k1lBqMIeAU4d5/DO6UBsm6Ut9yw=
14,-20,IiJCDBF3PI7OGwVk0GV5CKlqcf8=,RSmYM+o3k1IdVaNAKPjSGguxRRo=
14,-17,IiJCDBF3PI7OGwVk0GV5CKlqcf8=,Xz1kxWRb9gM5XN6SJAiWAgN2S14=
13,-19,IiJCDBF3PI7OGwVk0GV5CKlqcf8=,RSmYM+o3k1IdVaNAKPjSGguxRRo=
11,-17,IiJCDBF3PI7OGwVk0GV5CKlqcf8=,k1lBqMIeAU4d5/DO6UBsm6Ut9yw=
13,-17,IiJCDBF3PI7OGwVk0GV5CKlqcf8=,k1lBqMIeAU4d5/DO6UBsm6Ut9yw=
14,-19,IiJCDBF3PI7OGwVk0GV5CKlqcf8=,RSmYM+o3k1IdVaNAKPjSGguxRRo=
15,-19,IiJCDBF3PI7OGwVk0GV5CKlqcf8=,RSmYM+o3k1IdVaNAKPjSGguxRRo=
14,-18,IiJCDBF3PI7OGwVk0GV5CKlqcf8=,Xz1kxWRb9gM5XN6SJAiWAgN2S14=
15,-18,IiJCDBF3PI7OGwVk0GV5CKlqcf8=,Xz1kxWRb9gM5XN6SJAiWAgN2S14=
9,-17,IiJCDBF3PI7OGwVk0GV5CKlqcf8=,BnbykE/eEB7L+AUp7m5KJ3eai4A=
10,-17,IiJCDBF3PI7OGwVk0GV5CKlqcf8=,k1lBqMIeAU4d5/DO6UBsm6Ut9yw=
7,-17,9AOShCCdaKQkguy9V2ef3IJK/OI=,sPKSucyzAd4St7Y0BGsnKYUOUAE=
8,-17,9AOShCCdaKQkguy9V2ef3IJK/OI=,BnbykE/eEB7L+AUp7m5KJ3eai4A=
5,-18,rYpO+n749qsnr5FY8A71hV96kWc=,baz8QE1CgqjukeDnnuFV/ZsSn48=
5,-19,rYpO+n749qsnr5FY8A71hV96kWc=,nle5SL+3IaRonISa9Zb3+rn8liY=
6,-19,rYpO+n749qsnr5FY8A71hV96kWc=,JRzcPUyYWATZCLbYAzV5OvC0eTo=
6,-18,rYpO+n749qsnr5FY8A71hV96kWc=,sPKSucyzAd4St7Y0BGsnKYUOUAE=
1,-17,LddxibrvxvcvVTZkKW9a04sZ5yI=,/iMUCYGqG2JS25Edt0KzKmlo0Pk=
1,-18,LddxibrvxvcvVTZkKW9a04sZ5yI=,/iMUCYGqG2JS25Edt0KzKmlo0Pk=
4,-18,LddxibrvxvcvVTZkKW9a04sZ5yI=,baz8QE1CgqjukeDnnuFV/ZsSn48=
1,-19,LddxibrvxvcvVTZkKW9a04sZ5yI=,baz8QE1CgqjukeDnnuFV/ZsSn48=
3,-18,LddxibrvxvcvVTZkKW9a04sZ5yI=,/iMUCYGqG2JS25Edt0KzKmlo0Pk=
4,-19,LddxibrvxvcvVTZkKW9a04sZ5yI=,nle5SL+3IaRonISa9Zb3+rn8liY=
2,-18,LddxibrvxvcvVTZkKW9a04sZ5yI=,/iMUCYGqG2JS25Edt0KzKmlo0Pk=
3,-17,LddxibrvxvcvVTZkKW9a04sZ5yI=,/iMUCYGqG2JS25Edt0KzKmlo0Pk=
6,-17,LddxibrvxvcvVTZkKW9a04sZ5yI=,sPKSucyzAd4St7Y0BGsnKYUOUAE=
2,-17,LddxibrvxvcvVTZkKW9a04sZ5yI=,/iMUCYGqG2JS25Edt0KzKmlo0Pk=
2,-19,LddxibrvxvcvVTZkKW9a04sZ5yI=,baz8QE1CgqjukeDnnuFV/ZsSn48=
3,-19,LddxibrvxvcvVTZkKW9a04sZ5yI=,baz8QE1CgqjukeDnnuFV/ZsSn48=
0,-19,LddxibrvxvcvVTZkKW9a04sZ5yI=,baz8QE1CgqjukeDnnuFV/ZsSn48=
4,-17,LddxibrvxvcvVTZkKW9a04sZ5yI=,baz8QE1CgqjukeDnnuFV/ZsSn48=
0,-18,LddxibrvxvcvVTZkKW9a04sZ5yI=,/iMUCYGqG2JS25Edt0KzKmlo0Pk=
5,-17,LddxibrvxvcvVTZkKW9a04sZ5yI=,baz8QE1CgqjukeDnnuFV/ZsSn48=
1,-20,Bngq9ByYWqZqVckzZKhBxytm+BU=,baz8QE1CgqjukeDnnuFV/ZsSn48=
4,-20,Bngq9ByYWqZqVckzZKhBxytm+BU=,nle5SL+3IaRonISa9Zb3+rn8liY=
6,-20,Bngq9ByYWqZqVckzZKhBxytm+BU=,JRzcPUyYWATZCLbYAzV5OvC0eTo=
5,-20,Bngq9ByYWqZqVckzZKhBxytm+BU=,nle5SL+3IaRonISa9Zb3+rn8liY=
0,-20,Bngq9ByYWqZqVckzZKhBxytm+BU=,baz8QE1CgqjukeDnnuFV/ZsSn48=
3,-20,Bngq9ByYWqZqVckzZKhBxytm+BU=,baz8QE1CgqjukeDnnuFV/ZsSn48=
2,-20,Bngq9ByYWqZqVckzZKhBxytm+BU=,baz8QE1CgqjukeDnnuFV/ZsSn48=
0,-17,Bngq9ByYWqZqVckzZKhBxytm+BU=,/iMUCYGqG2JS25Edt0KzKmlo0Pk=
15,-20,Bngq9ByYWqZqVckzZKhBxytm+BU=,RSmYM+o3k1IdVaNAKPjSGguxRRo=
15,-17,Bngq9ByYWqZqVckzZKhBxytm+BU=,Xz1kxWRb9gM5XN6SJAiWAgN2S14=
2,-2,BtClWeb181mzJ4JVt36bv6XEuQw=,Xqg2BOd4cGeTS8Xo5/N2LtjtsmA=
1,-3,BtClWeb181mzJ4JVt36bv6XEuQw=,RCHsThXxI2nHTkZD1ZdhzMmXUvg=
1,-2,BtClWeb181mzJ4JVt36bv6XEuQw=,CFMljfDW3w9fmp+LXvsrncpu8gU=
2,-3,BtClWeb181mzJ4JVt36bv6XEuQw=,4wrGFAD1dIDwqh4ertKK+jSKBvI=
4,-2,4z6xW9nCn85zS0/lb0iAJjMs3Hw=,59iKQo4tGiiEdfkMViTqq1WEk50=
3,-2,4z6xW9nCn85zS0/lb0iAJjMs3Hw=,Xqg2BOd4cGeTS8Xo5/N2LtjtsmA=
3,-3,4z6xW9nCn85zS0/lb0iAJjMs3Hw=,4wrGFAD1dIDwqh4ertKK+jSKBvI=
4,-3,4z6xW9nCn85zS0/lb0iAJjMs3Hw=,72fz/j+9m9UIDu54ij64WudQ17o=
6,-4,Q3mnnu0w8rdwM7F6v6eUqAisfks=,1Xwpn2fyb94ruZ3NYpkN8aHdXDA=
5,-5,Q3mnnu0w8rdwM7F6v6eUqAisfks=,72fz/j+9m9UIDu54ij64WudQ17o=
5,-4,Q3mnnu0w8rdwM7F6v6eUqAisfks=,72fz/j+9m9UIDu54ij64WudQ17o=
6,-5,Q3mnnu0w8rdwM7F6v6eUqAisfks=,72fz/j+9m9UIDu54ij64WudQ17o=
6,-10,c7WwjpmLAG0FoaCWwoXCN4UhptI=,ETp3UcKI+ME1JbX7Wwpe3F3jTYY=
6,-11,c7WwjpmLAG0FoaCWwoXCN4UhptI=,ix593+lgM8wxxdF1Q4pgaBnpzJY=
5,-11,c7WwjpmLAG0FoaCWwoXCN4UhptI=,UW7vgp9xAmW1JQVZoQBMp19owN0=
5,-10,c7WwjpmLAG0FoaCWwoXCN4UhptI=,z8lblJDGguFSwlxX/AivMeyLm4s=
6,-9,YP8TMMvUja0Ou2cWDqOS5JZF8tw=,ETp3UcKI+ME1JbX7Wwpe3F3jTYY=
6,-6,YP8TMMvUja0Ou2cWDqOS5JZF8tw=,72fz/j+9m9UIDu54ij64WudQ17o=
5,-6,YP8TMMvUja0Ou2cWDqOS5JZF8tw=,72fz/j+9m9UIDu54ij64WudQ17o=
6,-7,YP8TMMvUja0Ou2cWDqOS5JZF8tw=,l9y+rOBmz8LTBFpUXZdpmQvgQNk=
5,-7,YP8TMMvUja0Ou2cWDqOS5JZF8tw=,7yBqAhCK/ckkkFxWb98sIFsOxhc=
6,-8,YP8TMMvUja0Ou2cWDqOS5JZF8tw=,l9y+rOBmz8LTBFpUXZdpmQvgQNk=
5,-9,YP8TMMvUja0Ou2cWDqOS5JZF8tw=,z8lblJDGguFSwlxX/AivMeyLm4s=
5,-8,YP8TMMvUja0Ou2cWDqOS5JZF8tw=,7yBqAhCK/ckkkFxWb98sIFsOxhc=
7,-11,NYTZhl9pFkPw/FurRrLGWjMw7P8=,ix593+lgM8wxxdF1Q4pgaBnpzJY=
8,-10,NYTZhl9pFkPw/FurRrLGWjMw7P8=,oKIPc1AzWJqLs9+0lxTbR2lLbug=
7,-10,NYTZhl9pFkPw/FurRrLGWjMw7P8=,ETp3UcKI+ME1JbX7Wwpe3F3jTYY=
8,-11,NYTZhl9pFkPw/FurRrLGWjMw7P8=,ix593+lgM8wxxdF1Q4pgaBnpzJY=
9,-10,LlL7MkR47/LZbfJZOerm0X7vsEE=,oKIPc1AzWJqLs9+0lxTbR2lLbug=
10,-10,LlL7MkR47/LZbfJZOerm0X7vsEE=,baz8QE1CgqjukeDnnuFV/ZsSn48=
9,-11,hY+cUULstDz9Q9Fm2HAmuasR1YM=,ix593+lgM8wxxdF1Q4pgaBnpzJY=
10,-11,hY+cUULstDz9Q9Fm2HAmuasR1YM=,baz8QE1CgqjukeDnnuFV/ZsSn48=
13,-10,FqwbW7rLcLGqYFs/YTelZ4x8tzw=,dKhgmBzbOA2h1glhdYhZoD8rVuU=
11,-11,FqwbW7rLcLGqYFs/YTelZ4x8tzw=,baz8QE1CgqjukeDnnuFV/ZsSn48=
12,-11,FqwbW7rLcLGqYFs/YTelZ4x8tzw=,WQgQ2EHdFcH2fLWjuXJONdW4X3k=
12,-10,FqwbW7rLcLGqYFs/YTelZ4x8tzw=,dKhgmBzbOA2h1glhdYhZoD8rVuU=
11,-10,FqwbW7rLcLGqYFs/YTelZ4x8tzw=,baz8QE1CgqjukeDnnuFV/ZsSn48=
14,-10,FqwbW7rLcLGqYFs/YTelZ4x8tzw=,k1lBqMIeAU4d5/DO6UBsm6Ut9yw=
13,-11,FqwbW7rLcLGqYFs/YTelZ4x8tzw=,WQgQ2EHdFcH2fLWjuXJONdW4X3k=
14,-11,FqwbW7rLcLGqYFs/YTelZ4x8tzw=,WQgQ2EHdFcH2fLWjuXJONdW4X3k=
14,-12,jE7kzMMoFumoWIb4x7RuBmi2ouc=,WQgQ2EHdFcH2fLWjuXJONdW4X3k=
13,-13,jE7kzMMoFumoWIb4x7RuBmi2ouc=,k1lBqMIeAU4d5/DO6UBsm6Ut9yw=
13,-12,jE7kzMMoFumoWIb4x7RuBmi2ouc=,WQgQ2EHdFcH2fLWjuXJONdW4X3k=
14,-13,jE7kzMMoFumoWIb4x7RuBmi2ouc=,Ut22Exxc/uO40Uv+9+KtFEmQWDM=
13,-14,Uys+u7T8hfageaEU3B82NhET/Oc=,k1lBqMIeAU4d5/DO6UBsm6Ut9yw=
14,-15,Uys+u7T8hfageaEU3B82NhET/Oc=,k1lBqMIeAU4d5/DO6UBsm6Ut9yw=
13,-15,Uys+u7T8hfageaEU3B82NhET/Oc=,k1lBqMIeAU4d5/DO6UBsm6Ut9yw=
14,-14,Uys+u7T8hfageaEU3B82NhET/Oc=,Ut22Exxc/uO40Uv+9+KtFEmQWDM=
12,-13,Nb4ohJpyqshHPUH2Iym65phGxGY=,k1lBqMIeAU4d5/DO6UBsm6Ut9yw=
12,-14,Nb4ohJpyqshHPUH2Iym65phGxGY=,k1lBqMIeAU4d5/DO6UBsm6Ut9yw=
12,-12,Nb4ohJpyqshHPUH2Iym65phGxGY=,WQgQ2EHdFcH2fLWjuXJONdW4X3k=
11,-14,Nb4ohJpyqshHPUH2Iym65phGxGY=,baz8QE1CgqjukeDnnuFV/ZsSn48=
12,-15,Nb4ohJpyqshHPUH2Iym65phGxGY=,k1lBqMIeAU4d5/DO6UBsm6Ut9yw=
11,-13,Nb4ohJpyqshHPUH2Iym65phGxGY=,baz8QE1CgqjukeDnnuFV/ZsSn48=
11,-12,Nb4ohJpyqshHPUH2Iym65phGxGY=,baz8QE1CgqjukeDnnuFV/ZsSn48=
10,-13,Nb4ohJpyqshHPUH2Iym65phGxGY=,baz8QE1CgqjukeDnnuFV/ZsSn48=
11,-15,Nb4ohJpyqshHPUH2Iym65phGxGY=,dNxKaw273b5mmCPRDV/e/JM5PsE=
9,-12,C5508mWlmAvLT63tzfQl+Q0lSSc=,ix593+lgM8wxxdF1Q4pgaBnpzJY=
10,-12,C5508mWlmAvLT63tzfQl+Q0lSSc=,baz8QE1CgqjukeDnnuFV/ZsSn48=
9,-14,C5508mWlmAvLT63tzfQl+Q0lSSc=,/m/ldQpFwuky7EDAOrT0tk89tKI=
9,-13,C5508mWlmAvLT63tzfQl+Q0lSSc=,/m/ldQpFwuky7EDAOrT0tk89tKI=
10,-15,C5508mWlmAvLT63tzfQl+Q0lSSc=,dNxKaw273b5mmCPRDV/e/JM5PsE=
9,-15,C5508mWlmAvLT63tzfQl+Q0lSSc=,/m/ldQpFwuky7EDAOrT0tk89tKI=
10,-14,C5508mWlmAvLT63tzfQl+Q0lSSc=,baz8QE1CgqjukeDnnuFV/ZsSn48=
7,-12,C5508mWlmAvLT63tzfQl+Q0lSSc=,ix593+lgM8wxxdF1Q4pgaBnpzJY=
8,-12,C5508mWlmAvLT63tzfQl+Q0lSSc=,ix593+lgM8wxxdF1Q4pgaBnpzJY=
7,-13,C5508mWlmAvLT63tzfQl+Q0lSSc=,gE1FDoblowhXvikcmkhtk1Y0GU8=
8,-13,C5508mWlmAvLT63tzfQl+Q0lSSc=,/m/ldQpFwuky7EDAOrT0tk89tKI=
5,-12,Rpc8z+yCOPGrpD+rxFQBFTstIc4=,UW7vgp9xAmW1JQVZoQBMp19owN0=
6,-12,Rpc8z+yCOPGrpD+rxFQBFTstIc4=,ix593+lgM8wxxdF1Q4pgaBnpzJY=
5,-13,U+rnt9F1cp6dErAV2iig5xTuj5A=,gE1FDoblowhXvikcmkhtk1Y0GU8=
8,-14,U+rnt9F1cp6dErAV2iig5xTuj5A=,/m/ldQpFwuky7EDAOrT0tk89tKI=
6,-13,U+rnt9F1cp6dErAV2iig5xTuj5A=,gE1FDoblowhXvikcmkhtk1Y0GU8=
7,-15,U+rnt9F1cp6dErAV2iig5xTuj5A=,sPKSucyzAd4St7Y0BGsnKYUOUAE=
6,-14,U+rnt9F1cp6dErAV2iig5xTuj5A=,gE1FDoblowhXvikcmkhtk1Y0GU8=
8,-15,U+rnt9F1cp6dErAV2iig5xTuj5A=,/m/ldQpFwuky7EDAOrT0tk89tKI=
6,-15,U+rnt9F1cp6dErAV2iig5xTuj5A=,sPKSucyzAd4St7Y0BGsnKYUOUAE=
7,-14,U+rnt9F1cp6dErAV2iig5xTuj5A=,gE1FDoblowhXvikcmkhtk1Y0GU8=
4,-14,U+rnt9F1cp6dErAV2iig5xTuj5A=,gE1FDoblowhXvikcmkhtk1Y0GU8=
5,-14,U+rnt9F1cp6dErAV2iig5xTuj5A=,gE1FDoblowhXvikcmkhtk1Y0GU8=
5,-15,BhmBVYzS1IN5RccarA5r6PCQ6QQ=,RafJYvyUwsXd+iy/ozyF+C2Y1ZI=
4,-15,BhmBVYzS1IN5RccarA5r6PCQ6QQ=,RafJYvyUwsXd+iy/ozyF+C2Y1ZI=
3,-15,BhmBVYzS1IN5RccarA5r6PCQ6QQ=,/iMUCYGqG2JS25Edt0KzKmlo0Pk=
3,-14,BhmBVYzS1IN5RccarA5r6PCQ6QQ=,CDpJ1SMetRb99oLFSXJvWQoq1vY=
2,-14,BhmBVYzS1IN5RccarA5r6PCQ6QQ=,CDpJ1SMetRb99oLFSXJvWQoq1vY=
1,-15,BhmBVYzS1IN5RccarA5r6PCQ6QQ=,/iMUCYGqG2JS25Edt0KzKmlo0Pk=
2,-15,BhmBVYzS1IN5RccarA5r6PCQ6QQ=,/iMUCYGqG2JS25Edt0KzKmlo0Pk=
1,-14,BhmBVYzS1IN5RccarA5r6PCQ6QQ=,CDpJ1SMetRb99oLFSXJvWQoq1vY=
4,-12,TvdH1i9BuP5yTUdfzeP6BQPLtFY=,UW7vgp9xAmW1JQVZoQBMp19owN0=
4,-13,TvdH1i9BuP5yTUdfzeP6BQPLtFY=,gE1FDoblowhXvikcmkhtk1Y0GU8=
3,-12,TvdH1i9BuP5yTUdfzeP6BQPLtFY=,UW7vgp9xAmW1JQVZoQBMp19owN0=
2,-12,TvdH1i9BuP5yTUdfzeP6BQPLtFY=,UW7vgp9xAmW1JQVZoQBMp19owN0=
1,-12,oVd+MSJDT/IGx2LH9x+V4VCfOlY=,RoF0sglkMvP+hUUBQ72X7od2mbY=
2,-13,oVd+MSJDT/IGx2LH9x+V4VCfOlY=,CDpJ1SMetRb99oLFSXJvWQoq1vY=
3,-13,oVd+MSJDT/IGx2LH9x+V4VCfOlY=,CDpJ1SMetRb99oLFSXJvWQoq1vY=
1,-13,oVd+MSJDT/IGx2LH9x+V4VCfOlY=,CDpJ1SMetRb99oLFSXJvWQoq1vY=
2,-10,Dk4WCltIEXmPm5KuFGsp89+44Uc=,t5imeKlleME3PWyc+piS+NtUTQs=
4,-11,Dk4WCltIEXmPm5KuFGsp89+44Uc=,UW7vgp9xAmW1JQVZoQBMp19owN0=
3,-10,Dk4WCltIEXmPm5KuFGsp89+44Uc=,t5imeKlleME3PWyc+piS+NtUTQs=
1,-10,Dk4WCltIEXmPm5KuFGsp89+44Uc=,t5imeKlleME3PWyc+piS+NtUTQs=
4,-10,Dk4WCltIEXmPm5KuFGsp89+44Uc=,z8lblJDGguFSwlxX/AivMeyLm4s=
3,-8,Dk4WCltIEXmPm5KuFGsp89+44Uc=,7yBqAhCK/ckkkFxWb98sIFsOxhc=
2,-11,Dk4WCltIEXmPm5KuFGsp89+44Uc=,UW7vgp9xAmW1JQVZoQBMp19owN0=
3,-11,Dk4WCltIEXmPm5KuFGsp89+44Uc=,UW7vgp9xAmW1JQVZoQBMp19owN0=
1,-11,Dk4WCltIEXmPm5KuFGsp89+44Uc=,RoF0sglkMvP+hUUBQ72X7od2mbY=
3,-9,Dk4WCltIEXmPm5KuFGsp89+44Uc=,t5imeKlleME3PWyc+piS+NtUTQs=
2,-8,xyase+fZn+T2+H1z6dTr23Gqrbw=,7yBqAhCK/ckkkFxWb98sIFsOxhc=
4,-8,xyase+fZn+T2+H1z6dTr23Gqrbw=,7yBqAhCK/ckkkFxWb98sIFsOxhc=
1,-8,xyase+fZn+T2+H1z6dTr23Gqrbw=,vmdR92uwjHsKjfYBSUZ2gRcnld8=
4,-9,xyase+fZn+T2+H1z6dTr23Gqrbw=,z8lblJDGguFSwlxX/AivMeyLm4s=
1,-9,xyase+fZn+T2+H1z6dTr23Gqrbw=,t5imeKlleME3PWyc+piS+NtUTQs=
4,-6,xyase+fZn+T2+H1z6dTr23Gqrbw=,72fz/j+9m9UIDu54ij64WudQ17o=
2,-9,xyase+fZn+T2+H1z6dTr23Gqrbw=,t5imeKlleME3PWyc+piS+NtUTQs=
4,-4,xyase+fZn+T2+H1z6dTr23Gqrbw=,72fz/j+9m9UIDu54ij64WudQ17o=
4,-5,xyase+fZn+T2+H1z6dTr23Gqrbw=,72fz/j+9m9UIDu54ij64WudQ17o=
3,-6,xyase+fZn+T2+H1z6dTr23Gqrbw=,4wrGFAD1dIDwqh4ertKK+jSKBvI=
3,-4,xyase+fZn+T2+H1z6dTr23Gqrbw=,4wrGFAD1dIDwqh4ertKK+jSKBvI=
3,-5,xyase+fZn+T2+H1z6dTr23Gqrbw=,4wrGFAD1dIDwqh4ertKK+jSKBvI=
4,-7,xyase+fZn+T2+H1z6dTr23Gqrbw=,7yBqAhCK/ckkkFxWb98sIFsOxhc=
3,-7,xyase+fZn+T2+H1z6dTr23Gqrbw=,7yBqAhCK/ckkkFxWb98sIFsOxhc=
0,-3,0shoJ/0OYnN5L6OLTbuF3W2N19k=,RCHsThXxI2nHTkZD1ZdhzMmXUvg=
0,-2,0shoJ/0OYnN5L6OLTbuF3W2N19k=,CFMljfDW3w9fmp+LXvsrncpu8gU=
0,-6,0shoJ/0OYnN5L6OLTbuF3W2N19k=,vmdR92uwjHsKjfYBSUZ2gRcnld8=
2,-4,0shoJ/0OYnN5L6OLTbuF3W2N19k=,4wrGFAD1dIDwqh4ertKK+jSKBvI=
0,-8,0shoJ/0OYnN5L6OLTbuF3W2N19k=,vmdR92uwjHsKjfYBSUZ2gRcnld8=
0,-4,0shoJ/0OYnN5L6OLTbuF3W2N19k=,RCHsThXxI2nHTkZD1ZdhzMmXUvg=
2,-5,0shoJ/0OYnN5L6OLTbuF3W2N19k=,4wrGFAD1dIDwqh4ertKK+jSKBvI=
1,-4,0shoJ/0OYnN5L6OLTbuF3W2N19k=,RCHsThXxI2nHTkZD1ZdhzMmXUvg=
0,-10,0shoJ/0OYnN5L6OLTbuF3W2N19k=,t5imeKlleME3PWyc+piS+NtUTQs=
0,-7,0shoJ/0OYnN5L6OLTbuF3W2N19k=,vmdR92uwjHsKjfYBSUZ2gRcnld8=
1,-6,0shoJ/0OYnN5L6OLTbuF3W2N19k=,vmdR92uwjHsKjfYBSUZ2gRcnld8=
0,-9,0shoJ/0OYnN5L6OLTbuF3W2N19k=,t5imeKlleME3PWyc+piS+NtUTQs=
0,-5,0shoJ/0OYnN5L6OLTbuF3W2N19k=,vmdR92uwjHsKjfYBSUZ2gRcnld8=
0,-11,0shoJ/0OYnN5L6OLTbuF3W2N19k=,RoF0sglkMvP+hUUBQ72X7od2mbY=
2,-6,0shoJ/0OYnN5L6OLTbuF3W2N19k=,4wrGFAD1dIDwqh4ertKK+jSKBvI=
2,-7,0shoJ/0OYnN5L6OLTbuF3W2N19k=,7yBqAhCK/ckkkFxWb98sIFsOxhc=
1,-5,0shoJ/0OYnN5L6OLTbuF3W2N19k=,vmdR92uwjHsKjfYBSUZ2gRcnld8=
1,-7,0shoJ/0OYnN5L6OLTbuF3W2N19k=,vmdR92uwjHsKjfYBSUZ2gRcnld8=
0,-13,0shoJ/0OYnN5L6OLTbuF3W2N19k=,CDpJ1SMetRb99oLFSXJvWQoq1vY=
0,-12,0shoJ/0OYnN5L6OLTbuF3W2N19k=,RoF0sglkMvP+hUUBQ72X7od2mbY=
0,-14,RgNZx2bugB2xD1E081PZnCAmmBE=,CDpJ1SMetRb99oLFSXJvWQoq1vY=
0,-15,RgNZx2bugB2xD1E081PZnCAmmBE=,/iMUCYGqG2JS25Edt0KzKmlo0Pk=
2,-16,RgNZx2bugB2xD1E081PZnCAmmBE=,/iMUCYGqG2JS25Edt0KzKmlo0Pk=
1,-16,RgNZx2bugB2xD1E081PZnCAmmBE=,/iMUCYGqG2JS25Edt0KzKmlo0Pk=
6,-16,RgNZx2bugB2xD1E081PZnCAmmBE=,sPKSucyzAd4St7Y0BGsnKYUOUAE=
4,-16,RgNZx2bugB2xD1E081PZnCAmmBE=,RafJYvyUwsXd+iy/ozyF+C2Y1ZI=
3,-16,RgNZx2bugB2xD1E081PZnCAmmBE=,/iMUCYGqG2JS25Edt0KzKmlo0Pk=
5,-16,RgNZx2bugB2xD1E081PZnCAmmBE=,RafJYvyUwsXd+iy/ozyF+C2Y1ZI=
14,-16,YWAlWiU6MykKb6z4bfErFMAiyaY=,k1lBqMIeAU4d5/DO6UBsm6Ut9yw=
13,-16,YWAlWiU6MykKb6z4bfErFMAiyaY=,k1lBqMIeAU4d5/DO6UBsm6Ut9yw=
12,-16,YWAlWiU6MykKb6z4bfErFMAiyaY=,k1lBqMIeAU4d5/DO6UBsm6Ut9yw=
7,-16,YWAlWiU6MykKb6z4bfErFMAiyaY=,sPKSucyzAd4St7Y0BGsnKYUOUAE=
10,-16,YWAlWiU6MykKb6z4bfErFMAiyaY=,dNxKaw273b5mmCPRDV/e/JM5PsE=
8,-16,YWAlWiU6MykKb6z4bfErFMAiyaY=,/m/ldQpFwuky7EDAOrT0tk89tKI=
15,-16,YWAlWiU6MykKb6z4bfErFMAiyaY=,k1lBqMIeAU4d5/DO6UBsm6Ut9yw=
9,-16,YWAlWiU6MykKb6z4bfErFMAiyaY=,/m/ldQpFwuky7EDAOrT0tk89tKI=
11,-16,YWAlWiU6MykKb6z4bfErFMAiyaY=,dNxKaw273b5mmCPRDV/e/JM5PsE=
15,-15,YWAlWiU6MykKb6z4bfErFMAiyaY=,k1lBqMIeAU4d5/DO6UBsm6Ut9yw=
15,-12,z/DzsYNbff4IY/b5NJzB2ZM0A5k=,WQgQ2EHdFcH2fLWjuXJONdW4X3k=
15,-10,z/DzsYNbff4IY/b5NJzB2ZM0A5k=,k1lBqMIeAU4d5/DO6UBsm6Ut9yw=
15,-13,z/DzsYNbff4IY/b5NJzB2ZM0A5k=,Ut22Exxc/uO40Uv+9+KtFEmQWDM=
15,-14,z/DzsYNbff4IY/b5NJzB2ZM0A5k=,Ut22Exxc/uO40Uv+9+KtFEmQWDM=
15,-11,z/DzsYNbff4IY/b5NJzB2ZM0A5k=,WQgQ2EHdFcH2fLWjuXJONdW4X3k=
13,-8,5Aq9m6oC9qvb4KEVQ8qP5maXO1w=,PXwdjaeKT8+oHUg/smzIB2yiIv0=
14,-9,5Aq9m6oC9qvb4KEVQ8qP5maXO1w=,k1lBqMIeAU4d5/DO6UBsm6Ut9yw=
13,-9,5Aq9m6oC9qvb4KEVQ8qP5maXO1w=,dKhgmBzbOA2h1glhdYhZoD8rVuU=
14,-8,5Aq9m6oC9qvb4KEVQ8qP5maXO1w=,+3BSnmXUChL+VwLN43pYP9rvpPo=
11,-8,R0sBENm+yRHRneON1tuyRUkYMTo=,PXwdjaeKT8+oHUg/smzIB2yiIv0=
12,-8,R0sBENm+yRHRneON1tuyRUkYMTo=,PXwdjaeKT8+oHUg/smzIB2yiIv0=
8,-9,R0sBENm+yRHRneON1tuyRUkYMTo=,oKIPc1AzWJqLs9+0lxTbR2lLbug=
10,-8,R0sBENm+yRHRneON1tuyRUkYMTo=,PXwdjaeKT8+oHUg/smzIB2yiIv0=
8,-8,R0sBENm+yRHRneON1tuyRUkYMTo=,0QdaZP7qCt5sqDJ4lcE72FFVQ+w=
9,-8,R0sBENm+yRHRneON1tuyRUkYMTo=,0QdaZP7qCt5sqDJ4lcE72FFVQ+w=
7,-9,R0sBENm+yRHRneON1tuyRUkYMTo=,ETp3UcKI+ME1JbX7Wwpe3F3jTYY=
12,-9,R0sBENm+yRHRneON1tuyRUkYMTo=,dKhgmBzbOA2h1glhdYhZoD8rVuU=
11,-9,R0sBENm+yRHRneON1tuyRUkYMTo=,baz8QE1CgqjukeDnnuFV/ZsSn48=
8,-7,R0sBENm+yRHRneON1tuyRUkYMTo=,0QdaZP7qCt5sqDJ4lcE72FFVQ+w=
8,-6,R0sBENm+yRHRneON1tuyRUkYMTo=,0QdaZP7qCt5sqDJ4lcE72FFVQ+w=
7,-6,R0sBENm+yRHRneON1tuyRUkYMTo=,72fz/j+9m9UIDu54ij64WudQ17o=
7,-8,R0sBENm+yRHRneON1tuyRUkYMTo=,l9y+rOBmz8LTBFpUXZdpmQvgQNk=
9,-9,R0sBENm+yRHRneON1tuyRUkYMTo=,oKIPc1AzWJqLs9+0lxTbR2lLbug=
7,-7,R0sBENm+yRHRneON1tuyRUkYMTo=,l9y+rOBmz8LTBFpUXZdpmQvgQNk=
10,-9,R0sBENm+yRHRneON1tuyRUkYMTo=,baz8QE1CgqjukeDnnuFV/ZsSn48=
10,-7,Bxb2hx+RS6+7GbqT02Exxvj5aAI=,PXwdjaeKT8+oHUg/smzIB2yiIv0=
9,-7,Bxb2hx+RS6+7GbqT02Exxvj5aAI=,0QdaZP7qCt5sqDJ4lcE72FFVQ+w=
10,-6,Bxb2hx+RS6+7GbqT02Exxvj5aAI=,eFPtYVAgoCtEFDjfjm3x0DhVwNo=
9,-6,Bxb2hx+RS6+7GbqT02Exxvj5aAI=,0QdaZP7qCt5sqDJ4lcE72FFVQ+w=
8,-5,oqW/S6y+5yBvIBsU4e/F1YHSXYc=,0QdaZP7qCt5sqDJ4lcE72FFVQ+w=
7,-5,oqW/S6y+5yBvIBsU4e/F1YHSXYc=,72fz/j+9m9UIDu54ij64WudQ17o=
7,-4,oqW/S6y+5yBvIBsU4e/F1YHSXYc=,1Xwpn2fyb94ruZ3NYpkN8aHdXDA=
9,-5,oqW/S6y+5yBvIBsU4e/F1YHSXYc=,0QdaZP7qCt5sqDJ4lcE72FFVQ+w=
10,-5,oqW/S6y+5yBvIBsU4e/F1YHSXYc=,eFPtYVAgoCtEFDjfjm3x0DhVwNo=
8,-4,oqW/S6y+5yBvIBsU4e/F1YHSXYc=,LDm3eEkHWFUILYH/dMuYyphTTOE=
9,-4,oqW/S6y+5yBvIBsU4e/F1YHSXYc=,LDm3eEkHWFUILYH/dMuYyphTTOE=
10,-4,oqW/S6y+5yBvIBsU4e/F1YHSXYc=,2Pn2Bj+q2A9zpuUsqeAJOSZIzQY=
10,-3,9cXP3du/XQSEx9/F6Ep8zf4NrHM=,2Pn2Bj+q2A9zpuUsqeAJOSZIzQY=
10,-2,9cXP3du/XQSEx9/F6Ep8zf4NrHM=,WGKBgNGpb+ozKytIGuZmkLYIAYU=
9,-3,9cXP3du/XQSEx9/F6Ep8zf4NrHM=,LDm3eEkHWFUILYH/dMuYyphTTOE=
9,-2,9cXP3du/XQSEx9/F6Ep8zf4NrHM=,NeZgsh9gfcHsOdR2/BnONByvbVs=
11,-2,iIsEwfc8rO54TMbDI5JXRbPidA4=,WGKBgNGpb+ozKytIGuZmkLYIAYU=
12,-2,iIsEwfc8rO54TMbDI5JXRbPidA4=,xCGz5EYpZt9TXayJOr+3TztcRlI=
11,-3,imIc0glKU+XbOj43k8XdYmnzoyo=,2Pn2Bj+q2A9zpuUsqeAJOSZIzQY=
12,-3,imIc0glKU+XbOj43k8XdYmnzoyo=,2Pn2Bj+q2A9zpuUsqeAJOSZIzQY=
13,-3,imIc0glKU+XbOj43k8XdYmnzoyo=,2Pn2Bj+q2A9zpuUsqeAJOSZIzQY=
14,-2,imIc0glKU+XbOj43k8XdYmnzoyo=,baz8QE1CgqjukeDnnuFV/ZsSn48=
13,-2,imIc0glKU+XbOj43k8XdYmnzoyo=,xCGz5EYpZt9TXayJOr+3TztcRlI=
14,-3,imIc0glKU+XbOj43k8XdYmnzoyo=,2Pn2Bj+q2A9zpuUsqeAJOSZIzQY=
15,-6,imIc0glKU+XbOj43k8XdYmnzoyo=,2Pn2Bj+q2A9zpuUsqeAJOSZIzQY=
14,-6,imIc0glKU+XbOj43k8XdYmnzoyo=,2Pn2Bj+q2A9zpuUsqeAJOSZIzQY=
12,-7,imIc0glKU+XbOj43k8XdYmnzoyo=,PXwdjaeKT8+oHUg/smzIB2yiIv0=
11,-6,imIc0glKU+XbOj43k8XdYmnzoyo=,eFPtYVAgoCtEFDjfjm3x0DhVwNo=
15,-9,imIc0glKU+XbOj43k8XdYmnzoyo=,k1lBqMIeAU4d5/DO6UBsm6Ut9yw=
13,-7,e+kBST9xs0Zp1s+JH4zocY8rmoc=,PXwdjaeKT8+oHUg/smzIB2yiIv0=
12,-6,e+kBST9xs0Zp1s+JH4zocY8rmoc=,eFPtYVAgoCtEFDjfjm3x0DhVwNo=
15,-7,e+kBST9xs0Zp1s+JH4zocY8rmoc=,+3BSnmXUChL+VwLN43pYP9rvpPo=
13,-6,e+kBST9xs0Zp1s+JH4zocY8rmoc=,eFPtYVAgoCtEFDjfjm3x0DhVwNo=
11,-7,e+kBST9xs0Zp1s+JH4zocY8rmoc=,PXwdjaeKT8+oHUg/smzIB2yiIv0=
14,-7,e+kBST9xs0Zp1s+JH4zocY8rmoc=,+3BSnmXUChL+VwLN43pYP9rvpPo=
15,-8,e+kBST9xs0Zp1s+JH4zocY8rmoc=,+3BSnmXUChL+VwLN43pYP9rvpPo=
14,-5,e+kBST9xs0Zp1s+JH4zocY8rmoc=,2Pn2Bj+q2A9zpuUsqeAJOSZIzQY=
13,-5,e+kBST9xs0Zp1s+JH4zocY8rmoc=,eFPtYVAgoCtEFDjfjm3x0DhVwNo=
14,-4,e+kBST9xs0Zp1s+JH4zocY8rmoc=,2Pn2Bj+q2A9zpuUsqeAJOSZIzQY=
12,-5,e+kBST9xs0Zp1s+JH4zocY8rmoc=,eFPtYVAgoCtEFDjfjm3x0DhVwNo=
11,-5,e+kBST9xs0Zp1s+JH4zocY8rmoc=,eFPtYVAgoCtEFDjfjm3x0DhVwNo=
13,-4,e+kBST9xs0Zp1s+JH4zocY8rmoc=,2Pn2Bj+q2A9zpuUsqeAJOSZIzQY=
12,-4,e+kBST9xs0Zp1s+JH4zocY8rmoc=,2Pn2Bj+q2A9zpuUsqeAJOSZIzQY=
1,-1,e+kBST9xs0Zp1s+JH4zocY8rmoc=,CFMljfDW3w9fmp+LXvsrncpu8gU=
2,-1,e+kBST9xs0Zp1s+JH4zocY8rmoc=,Xqg2BOd4cGeTS8Xo5/N2LtjtsmA=
11,-4,e+kBST9xs0Zp1s+JH4zocY8rmoc=,2Pn2Bj+q2A9zpuUsqeAJOSZIzQY=
4,-1,e+kBST9xs0Zp1s+JH4zocY8rmoc=,59iKQo4tGiiEdfkMViTqq1WEk50=
3,-1,e+kBST9xs0Zp1s+JH4zocY8rmoc=,Xqg2BOd4cGeTS8Xo5/N2LtjtsmA=
10,-1,1JwcMytQ9f7/orqp/U7gUeNOJSY=,WGKBgNGpb+ozKytIGuZmkLYIAYU=
11,-1,1JwcMytQ9f7/orqp/U7gUeNOJSY=,WGKBgNGpb+ozKytIGuZmkLYIAYU=
9,-1,hkNUntnjlOX4qKft+fo0sXjVTko=,NeZgsh9gfcHsOdR2/BnONByvbVs=
15,-2,hkNUntnjlOX4qKft+fo0sXjVTko=,baz8QE1CgqjukeDnnuFV/ZsSn48=
13,-1,hkNUntnjlOX4qKft+fo0sXjVTko=,xCGz5EYpZt9TXayJOr+3TztcRlI=
5,-2,hkNUntnjlOX4qKft+fo0sXjVTko=,59iKQo4tGiiEdfkMViTqq1WEk50=
14,-1,hkNUntnjlOX4qKft+fo0sXjVTko=,baz8QE1CgqjukeDnnuFV/ZsSn48=
15,-5,hkNUntnjlOX4qKft+fo0sXjVTko=,2Pn2Bj+q2A9zpuUsqeAJOSZIzQY=
12,-1,hkNUntnjlOX4qKft+fo0sXjVTko=,xCGz5EYpZt9TXayJOr+3TztcRlI=
5,-3,hkNUntnjlOX4qKft+fo0sXjVTko=,72fz/j+9m9UIDu54ij64WudQ17o=
6,-2,hkNUntnjlOX4qKft+fo0sXjVTko=,1Xwpn2fyb94ruZ3NYpkN8aHdXDA=
15,-3,hkNUntnjlOX4qKft+fo0sXjVTko=,2Pn2Bj+q2A9zpuUsqeAJOSZIzQY=
8,-2,hkNUntnjlOX4qKft+fo0sXjVTko=,NeZgsh9gfcHsOdR2/BnONByvbVs=
5,-1,hkNUntnjlOX4qKft+fo0sXjVTko=,59iKQo4tGiiEdfkMViTqq1WEk50=
15,-4,hkNUntnjlOX4qKft+fo0sXjVTko=,2Pn2Bj+q2A9zpuUsqeAJOSZIzQY=
7,-3,hkNUntnjlOX4qKft+fo0sXjVTko=,1Xwpn2fyb94ruZ3NYpkN8aHdXDA=
7,-2,hkNUntnjlOX4qKft+fo0sXjVTko=,1Xwpn2fyb94ruZ3NYpkN8aHdXDA=
6,-3,hkNUntnjlOX4qKft+fo0sXjVTko=,1Xwpn2fyb94ruZ3NYpkN8aHdXDA=
8,-3,hkNUntnjlOX4qKft+fo0sXjVTko=,LDm3eEkHWFUILYH/dMuYyphTTOE=
6,-1,hkNUntnjlOX4qKft+fo0sXjVTko=,1Xwpn2fyb94ruZ3NYpkN8aHdXDA=
8,-1,hkNUntnjlOX4qKft+fo0sXjVTko=,NeZgsh9gfcHsOdR2/BnONByvbVs=
0,-1,hkNUntnjlOX4qKft+fo0sXjVTko=,CFMljfDW3w9fmp+LXvsrncpu8gU=
7,-1,hkNUntnjlOX4qKft+fo0sXjVTko=,1Xwpn2fyb94ruZ3NYpkN8aHdXDA=
0,-16,hkNUntnjlOX4qKft+fo0sXjVTko=,/iMUCYGqG2JS25Edt0KzKmlo0Pk=
15,-1,hkNUntnjlOX4qKft+fo0sXjVTko=,baz8QE1CgqjukeDnnuFV/ZsSn48=
