-45,-77,NPN8zM99tDuN6/zOtRdCjaUfCfw=,HODfRmJ2y8HGVbvamFaFZxvxXgc=
-44,-79,NPN8zM99tDuN6/zOtRdCjaUfCfw=,HODfRmJ2y8HGVbvamFaFZxvxXgc=
-44,-76,NPN8zM99tDuN6/zOtRdCjaUfCfw=,HODfRmJ2y8HGVbvamFaFZxvxXgc=
-44,-78,NPN8zM99tDuN6/zOtRdCjaUfCfw=,HODfRmJ2y8HGVbvamFaFZxvxXgc=
-45,-79,NPN8zM99tDuN6/zOtRdCjaUfCfw=,HODfRmJ2y8HGVbvamFaFZxvxXgc=
-45,-80,q8C9CJ9jgPrd8DII+x760jsGigo=,HODfRmJ2y8HGVbvamFaFZxvxXgc=
-45,-76,q8C9CJ9jgPrd8DII+x760jsGigo=,HODfRmJ2y8HGVbvamFaFZxvxXgc=
-45,-78,q8C9CJ9jgPrd8DII+x760jsGigo=,HODfRmJ2y8HGVbvamFaFZxvxXgc=
-44,-80,q8C9CJ9jgPrd8DII+x760jsGigo=,HODfRmJ2y8HGVbvamFaFZxvxXgc=
-44,-77,Ov98GpDVKvHqZb4lj0RM4Hd4CEs=,HODfRmJ2y8HGVbvamFaFZxvxXgc=
-44,-70,Ov98GpDVKvHqZb4lj0RM4Hd4CEs=,vOCLtSQGX8A2SUsIehnI10NmD9E=
-44,-71,Ov98GpDVKvHqZb4lj0RM4Hd4CEs=,vOCLtSQGX8A2SUsIehnI10NmD9E=
-45,-68,Ov98GpDVKvHqZb4lj0RM4Hd4CEs=,vOCLtSQGX8A2SUsIehnI10NmD9E=
-45,-70,Ov98GpDVKvHqZb4lj0RM4Hd4CEs=,vOCLtSQGX8A2SUsIehnI10NmD9E=
-44,-68,Ov98GpDVKvHqZb4lj0RM4Hd4CEs=,vOCLtSQGX8A2SUsIehnI10NmD9E=
-45,-72,Ov98GpDVKvHqZb4lj0RM4Hd4CEs=,vOCLtSQGX8A2SUsIehnI10NmD9E=
-45,-73,Ov98GpDVKvHqZb4lj0RM4Hd4CEs=,HODfRmJ2y8HGVbvamFaFZxvxXgc=
-44,-73,Ov98GpDVKvHqZb4lj0RM4Hd4CEs=,HODfRmJ2y8HGVbvamFaFZxvxXgc=
-45,-71,Ov98GpDVKvHqZb4lj0RM4Hd4CEs=,vOCLtSQGX8A2SUsIehnI10NmD9E=
-45,-69,Ov98GpDVKvHqZb4lj0RM4Hd4CEs=,vOCLtSQGX8A2SUsIehnI10NmD9E=
-45,-74,Ov98GpDVKvHqZb4lj0RM4Hd4CEs=,HODfRmJ2y8HGVbvamFaFZxvxXgc=
-44,-72,Ov98GpDVKvHqZb4lj0RM4Hd4CEs=,vOCLtSQGX8A2SUsIehnI10NmD9E=
-44,-75,Ov98GpDVKvHqZb4lj0RM4Hd4CEs=,HODfRmJ2y8HGVbvamFaFZxvxXgc=
-44,-74,Ov98GpDVKvHqZb4lj0RM4Hd4CEs=,HODfRmJ2y8HGVbvamFaFZxvxXgc=
-44,-69,Ov98GpDVKvHqZb4lj0RM4Hd4CEs=,vOCLtSQGX8A2SUsIehnI10NmD9E=
-45,-75,Ov98GpDVKvHqZb4lj0RM4Hd4CEs=,HODfRmJ2y8HGVbvamFaFZxvxXgc=
-39,-77,Ov98GpDVKvHqZb4lj0RM4Hd4CEs=,EoaDfus/YLmVggj5jWK0OaqO1vs=
-37,-77,Ov98GpDVKvHqZb4lj0RM4Hd4CEs=,EoaDfus/YLmVggj5jWK0OaqO1vs=
-43,-76,Ov98GpDVKvHqZb4lj0RM4Hd4CEs=,HODfRmJ2y8HGVbvamFaFZxvxXgc=
-36,-76,Ov98GpDVKvHqZb4lj0RM4Hd4CEs=,EoaDfus/YLmVggj5jWK0OaqO1vs=
-40,-76,Ov98GpDVKvHqZb4lj0RM4Hd4CEs=,EoaDfus/YLmVggj5jWK0OaqO1vs=
-40,-77,Ov98GpDVKvHqZb4lj0RM4Hd4CEs=,EoaDfus/YLmVggj5jWK0OaqO1vs=
-42,-76,Ov98GpDVKvHqZb4lj0RM4Hd4CEs=,HODfRmJ2y8HGVbvamFaFZxvxXgc=
-41,-77,Ov98GpDVKvHqZb4lj0RM4Hd4CEs=,HODfRmJ2y8HGVbvamFaFZxvxXgc=
-36,-77,Ov98GpDVKvHqZb4lj0RM4Hd4CEs=,EoaDfus/YLmVggj5jWK0OaqO1vs=
-38,-76,Ov98GpDVKvHqZb4lj0RM4Hd4CEs=,EoaDfus/YLmVggj5jWK0OaqO1vs=
-41,-76,Ov98GpDVKvHqZb4lj0RM4Hd4CEs=,HODfRmJ2y8HGVbvamFaFZxvxXgc=
-38,-77,Ov98GpDVKvHqZb4lj0RM4Hd4CEs=,EoaDfus/YLmVggj5jWK0OaqO1vs=
-37,-76,Ov98GpDVKvHqZb4lj0RM4Hd4CEs=,EoaDfus/YLmVggj5jWK0OaqO1vs=
-42,-77,Ov98GpDVKvHqZb4lj0RM4Hd4CEs=,HODfRmJ2y8HGVbvamFaFZxvxXgc=
-43,-77,Ov98GpDVKvHqZb4lj0RM4Hd4CEs=,HODfRmJ2y8HGVbvamFaFZxvxXgc=
-39,-76,Ov98GpDVKvHqZb4lj0RM4Hd4CEs=,EoaDfus/YLmVggj5jWK0OaqO1vs=
-41,-71,Ov98GpDVKvHqZb4lj0RM4Hd4CEs=,vOCLtSQGX8A2SUsIehnI10NmD9E=
-38,-73,Ov98GpDVKvHqZb4lj0RM4Hd4CEs=,EoaDfus/YLmVggj5jWK0OaqO1vs=
-42,-71,Ov98GpDVKvHqZb4lj0RM4Hd4CEs=,vOCLtSQGX8A2SUsIehnI10NmD9E=
-38,-68,Ov98GpDVKvHqZb4lj0RM4Hd4CEs=,vOCLtSQGX8A2SUsIehnI10NmD9E=
-37,-75,Ov98GpDVKvHqZb4lj0RM4Hd4CEs=,EoaDfus/YLmVggj5jWK0OaqO1vs=
-43,-70,Ov98GpDVKvHqZb4lj0RM4Hd4CEs=,vOCLtSQGX8A2SUsIehnI10NmD9E=
-43,-68,Ov98GpDVKvHqZb4lj0RM4Hd4CEs=,vOCLtSQGX8A2SUsIehnI10NmD9E=
-43,-71,Ov98GpDVKvHqZb4lj0RM4Hd4CEs=,vOCLtSQGX8A2SUsIehnI10NmD9E=
-43,-72,Ov98GpDVKvHqZb4lj0RM4Hd4CEs=,vOCLtSQGX8A2SUsIehnI10NmD9E=
-37,-73,Ov98GpDVKvHqZb4lj0RM4Hd4CEs=,EoaDfus/YLmVggj5jWK0OaqO1vs=
-40,-69,Ov98GpDVKvHqZb4lj0RM4Hd4CEs=,vOCLtSQGX8A2SUsIehnI10NmD9E=
-41,-72,Ov98GpDVKvHqZb4lj0RM4Hd4CEs=,vOCLtSQGX8A2SUsIehnI10NmD9E=
-40,-70,Ov98GpDVKvHqZb4lj0RM4Hd4CEs=,vOCLtSQGX8A2SUsIehnI10NmD9E=
-38,-69,Ov98GpDVKvHqZb4lj0RM4Hd4CEs=,vOCLtSQGX8A2SUsIehnI10NmD9E=
-42,-69,Ov98GpDVKvHqZb4lj0RM4Hd4CEs=,vOCLtSQGX8A2SUsIehnI10NmD9E=
-41,-69,Ov98GpDVKvHqZb4lj0RM4Hd4CEs=,vOCLtSQGX8A2SUsIehnI10NmD9E=
-43,-69,Ov98GpDVKvHqZb4lj0RM4Hd4CEs=,vOCLtSQGX8A2SUsIehnI10NmD9E=
-43,-73,Ov98GpDVKvHqZb4lj0RM4Hd4CEs=,HODfRmJ2y8HGVbvamFaFZxvxXgc=
-40,-68,Ov98GpDVKvHqZb4lj0RM4Hd4CEs=,vOCLtSQGX8A2SUsIehnI10NmD9E=
-36,-72,Ov98GpDVKvHqZb4lj0RM4Hd4CEs=,vOCLtSQGX8A2SUsIehnI10NmD9E=
-42,-74,Ov98GpDVKvHqZb4lj0RM4Hd4CEs=,HODfRmJ2y8HGVbvamFaFZxvxXgc=
-39,-70,Ov98GpDVKvHqZb4lj0RM4Hd4CEs=,vOCLtSQGX8A2SUsIehnI10NmD9E=
-41,-73,Ov98GpDVKvHqZb4lj0RM4Hd4CEs=,HODfRmJ2y8HGVbvamFaFZxvxXgc=
-37,-69,Ov98GpDVKvHqZb4lj0RM4Hd4CEs=,vOCLtSQGX8A2SUsIehnI10NmD9E=
-39,-68,Ov98GpDVKvHqZb4lj0RM4Hd4CEs=,vOCLtSQGX8A2SUsIehnI10NmD9E=
-39,-73,Ov98GpDVKvHqZb4lj0RM4Hd4CEs=,EoaDfus/YLmVggj5jWK0OaqO1vs=
-36,-74,Ov98GpDVKvHqZb4lj0RM4Hd4CEs=,EoaDfus/YLmVggj5jWK0OaqO1vs=
-37,-72,Ov98GpDVKvHqZb4lj0RM4Hd4CEs=,vOCLtSQGX8A2SUsIehnI10NmD9E=
-36,-69,Ov98GpDVKvHqZb4lj0RM4Hd4CEs=,vOCLtSQGX8A2SUsIehnI10NmD9E=
-42,-73,Ov98GpDVKvHqZb4lj0RM4Hd4CEs=,HODfRmJ2y8HGVbvamFaFZxvxXgc=
-41,-74,Ov98GpDVKvHqZb4lj0RM4Hd4CEs=,HODfRmJ2y8HGVbvamFaFZxvxXgc=
-43,-74,Ov98GpDVKvHqZb4lj0RM4Hd4CEs=,HODfRmJ2y8HGVbvamFaFZxvxXgc=
-36,-71,Ov98GpDVKvHqZb4lj0RM4Hd4CEs=,vOCLtSQGX8A2SUsIehnI10NmD9E=
-39,-72,Ov98GpDVKvHqZb4lj0RM4Hd4CEs=,vOCLtSQGX8A2SUsIehnI10NmD9E=
-40,-72,Ov98GpDVKvHqZb4lj0RM4Hd4CEs=,vOCLtSQGX8A2SUsIehnI10NmD9E=
-38,-70,Ov98GpDVKvHqZb4lj0RM4Hd4CEs=,vOCLtSQGX8A2SUsIehnI10NmD9E=
-41,-70,Ov98GpDVKvHqZb4lj0RM4Hd4CEs=,vOCLtSQGX8A2SUsIehnI10NmD9E=
-38,-75,Ov98GpDVKvHqZb4lj0RM4Hd4CEs=,EoaDfus/YLmVggj5jWK0OaqO1vs=
-37,-71,Ov98GpDVKvHqZb4lj0RM4Hd4CEs=,vOCLtSQGX8A2SUsIehnI10NmD9E=
-40,-75,Ov98GpDVKvHqZb4lj0RM4Hd4CEs=,EoaDfus/YLmVggj5jWK0OaqO1vs=
-36,-70,Ov98GpDVKvHqZb4lj0RM4Hd4CEs=,vOCLtSQGX8A2SUsIehnI10NmD9E=
-37,-68,Ov98GpDVKvHqZb4lj0RM4Hd4CEs=,vOCLtSQGX8A2SUsIehnI10NmD9E=
-40,-71,Ov98GpDVKvHqZb4lj0RM4Hd4CEs=,vOCLtSQGX8A2SUsIehnI10NmD9E=
-37,-70,Ov98GpDVKvHqZb4lj0RM4Hd4CEs=,vOCLtSQGX8A2SUsIehnI10NmD9E=
-42,-70,Ov98GpDVKvHqZb4lj0RM4Hd4CEs=,vOCLtSQGX8A2SUsIehnI10NmD9E=
-42,-75,Ov98GpDVKvHqZb4lj0RM4Hd4CEs=,HODfRmJ2y8HGVbvamFaFZxvxXgc=
-39,-74,Ov98GpDVKvHqZb4lj0RM4Hd4CEs=,EoaDfus/YLmVggj5jWK0OaqO1vs=
-41,-75,Ov98GpDVKvHqZb4lj0RM4Hd4CEs=,HODfRmJ2y8HGVbvamFaFZxvxXgc=
-37,-74,Ov98GpDVKvHqZb4lj0RM4Hd4CEs=,EoaDfus/YLmVggj5jWK0OaqO1vs=
-42,-72,Ov98GpDVKvHqZb4lj0RM4Hd4CEs=,vOCLtSQGX8A2SUsIehnI10NmD9E=
-39,-75,Ov98GpDVKvHqZb4lj0RM4Hd4CEs=,EoaDfus/YLmVggj5jWK0OaqO1vs=
-36,-73,Ov98GpDVKvHqZb4lj0RM4Hd4CEs=,EoaDfus/YLmVggj5jWK0OaqO1vs=
-40,-73,Ov98GpDVKvHqZb4lj0RM4Hd4CEs=,EoaDfus/YLmVggj5jWK0OaqO1vs=
-38,-72,Ov98GpDVKvHqZb4lj0RM4Hd4CEs=,vOCLtSQGX8A2SUsIehnI10NmD9E=
-43,-75,Ov98GpDVKvHqZb4lj0RM4Hd4CEs=,HODfRmJ2y8HGVbvamFaFZxvxXgc=
-39,-69,Ov98GpDVKvHqZb4lj0RM4Hd4CEs=,vOCLtSQGX8A2SUsIehnI10NmD9E=
-41,-68,Ov98GpDVKvHqZb4lj0RM4Hd4CEs=,vOCLtSQGX8A2SUsIehnI10NmD9E=
-38,-74,Ov98GpDVKvHqZb4lj0RM4Hd4CEs=,EoaDfus/YLmVggj5jWK0OaqO1vs=
-36,-75,Ov98GpDVKvHqZb4lj0RM4Hd4CEs=,EoaDfus/YLmVggj5jWK0OaqO1vs=
-38,-71,Ov98GpDVKvHqZb4lj0RM4Hd4CEs=,vOCLtSQGX8A2SUsIehnI10NmD9E=
-39,-71,Ov98GpDVKvHqZb4lj0RM4Hd4CEs=,vOCLtSQGX8A2SUsIehnI10NmD9E=
-42,-68,Ov98GpDVKvHqZb4lj0RM4Hd4CEs=,vOCLtSQGX8A2SUsIehnI10NmD9E=
-36,-68,Ov98GpDVKvHqZb4lj0RM4Hd4CEs=,vOCLtSQGX8A2SUsIehnI10NmD9E=
-40,-74,Ov98GpDVKvHqZb4lj0RM4Hd4CEs=,EoaDfus/YLmVggj5jWK0OaqO1vs=
-35,-76,52f5j1iUIBmp864To1gV11SdlUw=,EoaDfus/YLmVggj5jWK0OaqO1vs=
-34,-76,ToUlyU/VG7VGDV2ITPMSIpEbdIE=,EoaDfus/YLmVggj5jWK0OaqO1vs=
-33,-76,ToUlyU/VG7VGDV2ITPMSIpEbdIE=,EoaDfus/YLmVggj5jWK0OaqO1vs=
-33,-77,ToUlyU/VG7VGDV2ITPMSIpEbdIE=,EoaDfus/YLmVggj5jWK0OaqO1vs=
-35,-77,ToUlyU/VG7VGDV2ITPMSIpEbdIE=,EoaDfus/YLmVggj5jWK0OaqO1vs=
-34,-77,ToUlyU/VG7VGDV2ITPMSIpEbdIE=,EoaDfus/YLmVggj5jWK0OaqO1vs=
-37,-65,ToUlyU/VG7VGDV2ITPMSIpEbdIE=,vOCLtSQGX8A2SUsIehnI10NmD9E=
-35,-75,ToUlyU/VG7VGDV2ITPMSIpEbdIE=,EoaDfus/YLmVggj5jWK0OaqO1vs=
-37,-67,ToUlyU/VG7VGDV2ITPMSIpEbdIE=,vOCLtSQGX8A2SUsIehnI10NmD9E=
-42,-78,ToUlyU/VG7VGDV2ITPMSIpEbdIE=,HODfRmJ2y8HGVbvamFaFZxvxXgc=
-33,-68,ToUlyU/VG7VGDV2ITPMSIpEbdIE=,vOCLtSQGX8A2SUsIehnI10NmD9E=
-37,-66,ToUlyU/VG7VGDV2ITPMSIpEbdIE=,vOCLtSQGX8A2SUsIehnI10NmD9E=
-40,-79,ToUlyU/VG7VGDV2ITPMSIpEbdIE=,EoaDfus/YLmVggj5jWK0OaqO1vs=
-33,-69,ToUlyU/VG7VGDV2ITPMSIpEbdIE=,vOCLtSQGX8A2SUsIehnI10NmD9E=
-38,-80,ToUlyU/VG7VGDV2ITPMSIpEbdIE=,EoaDfus/YLmVggj5jWK0OaqO1vs=
-42,-79,ToUlyU/VG7VGDV2ITPMSIpEbdIE=,HODfRmJ2y8HGVbvamFaFZxvxXgc=
-43,-78,ToUlyU/VG7VGDV2ITPMSIpEbdIE=,HODfRmJ2y8HGVbvamFaFZxvxXgc=
-39,-80,ToUlyU/VG7VGDV2ITPMSIpEbdIE=,EoaDfus/YLmVggj5jWK0OaqO1vs=
-36,-80,ToUlyU/VG7VGDV2ITPMSIpEbdIE=,EoaDfus/YLmVggj5jWK0OaqO1vs=
-37,-79,ToUlyU/VG7VGDV2ITPMSIpEbdIE=,EoaDfus/YLmVggj5jWK0OaqO1vs=
-34,-69,ToUlyU/VG7VGDV2ITPMSIpEbdIE=,vOCLtSQGX8A2SUsIehnI10NmD9E=
-33,-74,ToUlyU/VG7VGDV2ITPMSIpEbdIE=,EoaDfus/YLmVggj5jWK0OaqO1vs=
-40,-80,ToUlyU/VG7VGDV2ITPMSIpEbdIE=,EoaDfus/YLmVggj5jWK0OaqO1vs=
-34,-75,ToUlyU/VG7VGDV2ITPMSIpEbdIE=,EoaDfus/YLmVggj5jWK0OaqO1vs=
-43,-80,ToUlyU/VG7VGDV2ITPMSIpEbdIE=,HODfRmJ2y8HGVbvamFaFZxvxXgc=
-36,-67,ToUlyU/VG7VGDV2ITPMSIpEbdIE=,vOCLtSQGX8A2SUsIehnI10NmD9E=
-38,-79,ToUlyU/VG7VGDV2ITPMSIpEbdIE=,EoaDfus/YLmVggj5jWK0OaqO1vs=
-42,-80,ToUlyU/VG7VGDV2ITPMSIpEbdIE=,HODfRmJ2y8HGVbvamFaFZxvxXgc=
-37,-78,ToUlyU/VG7VGDV2ITPMSIpEbdIE=,EoaDfus/YLmVggj5jWK0OaqO1vs=
-41,-80,ToUlyU/VG7VGDV2ITPMSIpEbdIE=,HODfRmJ2y8HGVbvamFaFZxvxXgc=
-41,-78,ToUlyU/VG7VGDV2ITPMSIpEbdIE=,HODfRmJ2y8HGVbvamFaFZxvxXgc=
-39,-79,ToUlyU/VG7VGDV2ITPMSIpEbdIE=,EoaDfus/YLmVggj5jWK0OaqO1vs=
-37,-80,ToUlyU/VG7VGDV2ITPMSIpEbdIE=,EoaDfus/YLmVggj5jWK0OaqO1vs=
-40,-78,ToUlyU/VG7VGDV2ITPMSIpEbdIE=,EoaDfus/YLmVggj5jWK0OaqO1vs=
-36,-66,ToUlyU/VG7VGDV2ITPMSIpEbdIE=,vOCLtSQGX8A2SUsIehnI10NmD9E=
-34,-72,ToUlyU/VG7VGDV2ITPMSIpEbdIE=,vOCLtSQGX8A2SUsIehnI10NmD9E=
-35,-72,ToUlyU/VG7VGDV2ITPMSIpEbdIE=,vOCLtSQGX8A2SUsIehnI10NmD9E=
-34,-71,ToUlyU/VG7VGDV2ITPMSIpEbdIE=,vOCLtSQGX8A2SUsIehnI10NmD9E=
-35,-69,ToUlyU/VG7VGDV2ITPMSIpEbdIE=,vOCLtSQGX8A2SUsIehnI10NmD9E=
-36,-78,ToUlyU/VG7VGDV2ITPMSIpEbdIE=,EoaDfus/YLmVggj5jWK0OaqO1vs=
-39,-78,ToUlyU/VG7VGDV2ITPMSIpEbdIE=,EoaDfus/YLmVggj5jWK0OaqO1vs=
-38,-78,ToUlyU/VG7VGDV2ITPMSIpEbdIE=,EoaDfus/YLmVggj5jWK0OaqO1vs=
-41,-79,ToUlyU/VG7VGDV2ITPMSIpEbdIE=,HODfRmJ2y8HGVbvamFaFZxvxXgc=
-34,-73,ToUlyU/VG7VGDV2ITPMSIpEbdIE=,EoaDfus/YLmVggj5jWK0OaqO1vs=
-35,-68,ToUlyU/VG7VGDV2ITPMSIpEbdIE=,vOCLtSQGX8A2SUsIehnI10NmD9E=
-35,-73,ToUlyU/VG7VGDV2ITPMSIpEbdIE=,EoaDfus/YLmVggj5jWK0OaqO1vs=
-33,-75,ToUlyU/VG7VGDV2ITPMSIpEbdIE=,EoaDfus/YLmVggj5jWK0OaqO1vs=
-36,-79,ToUlyU/VG7VGDV2ITPMSIpEbdIE=,EoaDfus/YLmVggj5jWK0OaqO1vs=
-35,-71,ToUlyU/VG7VGDV2ITPMSIpEbdIE=,vOCLtSQGX8A2SUsIehnI10NmD9E=
-34,-68,ToUlyU/VG7VGDV2ITPMSIpEbdIE=,vOCLtSQGX8A2SUsIehnI10NmD9E=
-43,-79,ToUlyU/VG7VGDV2ITPMSIpEbdIE=,HODfRmJ2y8HGVbvamFaFZxvxXgc=
-33,-70,ToUlyU/VG7VGDV2ITPMSIpEbdIE=,vOCLtSQGX8A2SUsIehnI10NmD9E=
-33,-72,ToUlyU/VG7VGDV2ITPMSIpEbdIE=,vOCLtSQGX8A2SUsIehnI10NmD9E=
-36,-65,ToUlyU/VG7VGDV2ITPMSIpEbdIE=,vOCLtSQGX8A2SUsIehnI10NmD9E=
-34,-74,ToUlyU/VG7VGDV2ITPMSIpEbdIE=,EoaDfus/YLmVggj5jWK0OaqO1vs=
-33,-71,ToUlyU/VG7VGDV2ITPMSIpEbdIE=,vOCLtSQGX8A2SUsIehnI10NmD9E=
-35,-70,ToUlyU/VG7VGDV2ITPMSIpEbdIE=,vOCLtSQGX8A2SUsIehnI10NmD9E=
-34,-70,ToUlyU/VG7VGDV2ITPMSIpEbdIE=,vOCLtSQGX8A2SUsIehnI10NmD9E=
-35,-74,ToUlyU/VG7VGDV2ITPMSIpEbdIE=,EoaDfus/YLmVggj5jWK0OaqO1vs=
-33,-73,ToUlyU/VG7VGDV2ITPMSIpEbdIE=,EoaDfus/YLmVggj5jWK0OaqO1vs=
-33,-66,ZjbbsrEHj67DHQhkhmIaqkRJTL0=,vOCLtSQGX8A2SUsIehnI10NmD9E=
-35,-65,ZjbbsrEHj67DHQhkhmIaqkRJTL0=,vOCLtSQGX8A2SUsIehnI10NmD9E=
-34,-66,l1x9vqyVqJxKd1Ut6FonnAZf2hg=,vOCLtSQGX8A2SUsIehnI10NmD9E=
-34,-65,iPFwcrODjmGsidA6gAf+y6ZMHas=,vOCLtSQGX8A2SUsIehnI10NmD9E=
-35,-66,iPFwcrODjmGsidA6gAf+y6ZMHas=,vOCLtSQGX8A2SUsIehnI10NmD9E=
-33,-65,iPFwcrODjmGsidA6gAf+y6ZMHas=,vOCLtSQGX8A2SUsIehnI10NmD9E=
-34,-67,iPFwcrODjmGsidA6gAf+y6ZMHas=,vOCLtSQGX8A2SUsIehnI10NmD9E=
-33,-67,iPFwcrODjmGsidA6gAf+y6ZMHas=,vOCLtSQGX8A2SUsIehnI10NmD9E=
-35,-67,iPFwcrODjmGsidA6gAf+y6ZMHas=,vOCLtSQGX8A2SUsIehnI10NmD9E=
-48,-77,iPFwcrODjmGsidA6gAf+y6ZMHas=,HODfRmJ2y8HGVbvamFaFZxvxXgc=
-46,-80,iPFwcrODjmGsidA6gAf+y6ZMHas=,HODfRmJ2y8HGVbvamFaFZxvxXgc=
-47,-77,iPFwcrODjmGsidA6gAf+y6ZMHas=,HODfRmJ2y8HGVbvamFaFZxvxXgc=
-48,-76,iPFwcrODjmGsidA6gAf+y6ZMHas=,HODfRmJ2y8HGVbvamFaFZxvxXgc=
-47,-80,iPFwcrODjmGsidA6gAf+y6ZMHas=,HODfRmJ2y8HGVbvamFaFZxvxXgc=
-46,-79,iPFwcrODjmGsidA6gAf+y6ZMHas=,HODfRmJ2y8HGVbvamFaFZxvxXgc=
-46,-78,iPFwcrODjmGsidA6gAf+y6ZMHas=,HODfRmJ2y8HGVbvamFaFZxvxXgc=
-47,-79,iPFwcrODjmGsidA6gAf+y6ZMHas=,HODfRmJ2y8HGVbvamFaFZxvxXgc=
-46,-77,iPFwcrODjmGsidA6gAf+y6ZMHas=,HODfRmJ2y8HGVbvamFaFZxvxXgc=
-47,-76,iPFwcrODjmGsidA6gAf+y6ZMHas=,HODfRmJ2y8HGVbvamFaFZxvxXgc=
-48,-80,iPFwcrODjmGsidA6gAf+y6ZMHas=,HODfRmJ2y8HGVbvamFaFZxvxXgc=
-46,-76,iPFwcrODjmGsidA6gAf+y6ZMHas=,HODfRmJ2y8HGVbvamFaFZxvxXgc=
-48,-79,iPFwcrODjmGsidA6gAf+y6ZMHas=,HODfRmJ2y8HGVbvamFaFZxvxXgc=
-47,-75,iPFwcrODjmGsidA6gAf+y6ZMHas=,HODfRmJ2y8HGVbvamFaFZxvxXgc=
-46,-72,iPFwcrODjmGsidA6gAf+y6ZMHas=,vOCLtSQGX8A2SUsIehnI10NmD9E=
-48,-75,iPFwcrODjmGsidA6gAf+y6ZMHas=,HODfRmJ2y8HGVbvamFaFZxvxXgc=
-47,-70,iPFwcrODjmGsidA6gAf+y6ZMHas=,vOCLtSQGX8A2SUsIehnI10NmD9E=
-46,-71,iPFwcrODjmGsidA6gAf+y6ZMHas=,vOCLtSQGX8A2SUsIehnI10NmD9E=
-48,-70,iPFwcrODjmGsidA6gAf+y6ZMHas=,vOCLtSQGX8A2SUsIehnI10NmD9E=
-47,-72,iPFwcrODjmGsidA6gAf+y6ZMHas=,vOCLtSQGX8A2SUsIehnI10NmD9E=
-46,-73,iPFwcrODjmGsidA6gAf+y6ZMHas=,HODfRmJ2y8HGVbvamFaFZxvxXgc=
-47,-73,iPFwcrODjmGsidA6gAf+y6ZMHas=,HODfRmJ2y8HGVbvamFaFZxvxXgc=
-47,-78,iPFwcrODjmGsidA6gAf+y6ZMHas=,HODfRmJ2y8HGVbvamFaFZxvxXgc=
-47,-74,iPFwcrODjmGsidA6gAf+y6ZMHas=,HODfRmJ2y8HGVbvamFaFZxvxXgc=
-48,-68,iPFwcrODjmGsidA6gAf+y6ZMHas=,vOCLtSQGX8A2SUsIehnI10NmD9E=
-46,-74,iPFwcrODjmGsidA6gAf+y6ZMHas=,HODfRmJ2y8HGVbvamFaFZxvxXgc=
-46,-68,iPFwcrODjmGsidA6gAf+y6ZMHas=,vOCLtSQGX8A2SUsIehnI10NmD9E=
-46,-70,iPFwcrODjmGsidA6gAf+y6ZMHas=,vOCLtSQGX8A2SUsIehnI10NmD9E=
-47,-71,iPFwcrODjmGsidA6gAf+y6ZMHas=,vOCLtSQGX8A2SUsIehnI10NmD9E=
-48,-71,iPFwcrODjmGsidA6gAf+y6ZMHas=,vOCLtSQGX8A2SUsIehnI10NmD9E=
-48,-72,iPFwcrODjmGsidA6gAf+y6ZMHas=,vOCLtSQGX8A2SUsIehnI10NmD9E=
-48,-73,iPFwcrODjmGsidA6gAf+y6ZMHas=,HODfRmJ2y8HGVbvamFaFZxvxXgc=
-46,-69,iPFwcrODjmGsidA6gAf+y6ZMHas=,vOCLtSQGX8A2SUsIehnI10NmD9E=
-46,-75,iPFwcrODjmGsidA6gAf+y6ZMHas=,HODfRmJ2y8HGVbvamFaFZxvxXgc=
-48,-78,iPFwcrODjmGsidA6gAf+y6ZMHas=,HODfRmJ2y8HGVbvamFaFZxvxXgc=
-42,-65,iPFwcrODjmGsidA6gAf+y6ZMHas=,vOCLtSQGX8A2SUsIehnI10NmD9E=
-43,-65,iPFwcrODjmGsidA6gAf+y6ZMHas=,vOCLtSQGX8A2SUsIehnI10NmD9E=
-47,-68,iPFwcrODjmGsidA6gAf+y6ZMHas=,vOCLtSQGX8A2SUsIehnI10NmD9E=
-48,-69,iPFwcrODjmGsidA6gAf+y6ZMHas=,vOCLtSQGX8A2SUsIehnI10NmD9E=
-39,-67,iPFwcrODjmGsidA6gAf+y6ZMHas=,vOCLtSQGX8A2SUsIehnI10NmD9E=
-44,-65,iPFwcrODjmGsidA6gAf+y6ZMHas=,vOCLtSQGX8A2SUsIehnI10NmD9E=
-47,-69,iPFwcrODjmGsidA6gAf+y6ZMHas=,vOCLtSQGX8A2SUsIehnI10NmD9E=
-48,-74,iPFwcrODjmGsidA6gAf+y6ZMHas=,HODfRmJ2y8HGVbvamFaFZxvxXgc=
-40,-67,iPFwcrODjmGsidA6gAf+y6ZMHas=,vOCLtSQGX8A2SUsIehnI10NmD9E=
-43,-66,iPFwcrODjmGsidA6gAf+y6ZMHas=,vOCLtSQGX8A2SUsIehnI10NmD9E=
-39,-65,iPFwcrODjmGsidA6gAf+y6ZMHas=,vOCLtSQGX8A2SUsIehnI10NmD9E=
-44,-66,iPFwcrODjmGsidA6gAf+y6ZMHas=,vOCLtSQGX8A2SUsIehnI10NmD9E=
-45,-66,iPFwcrODjmGsidA6gAf+y6ZMHas=,vOCLtSQGX8A2SUsIehnI10NmD9E=
-45,-67,iPFwcrODjmGsidA6gAf+y6ZMHas=,vOCLtSQGX8A2SUsIehnI10NmD9E=
-38,-65,iPFwcrODjmGsidA6gAf+y6ZMHas=,vOCLtSQGX8A2SUsIehnI10NmD9E=
-41,-67,iPFwcrODjmGsidA6gAf+y6ZMHas=,vOCLtSQGX8A2SUsIehnI10NmD9E=
-41,-65,iPFwcrODjmGsidA6gAf+y6ZMHas=,vOCLtSQGX8A2SUsIehnI10NmD9E=
-40,-66,iPFwcrODjmGsidA6gAf+y6ZMHas=,vOCLtSQGX8A2SUsIehnI10NmD9E=
-39,-66,iPFwcrODjmGsidA6gAf+y6ZMHas=,vOCLtSQGX8A2SUsIehnI10NmD9E=
-43,-67,iPFwcrODjmGsidA6gAf+y6ZMHas=,vOCLtSQGX8A2SUsIehnI10NmD9E=
-45,-65,iPFwcrODjmGsidA6gAf+y6ZMHas=,vOCLtSQGX8A2SUsIehnI10NmD9E=
-42,-67,iPFwcrODjmGsidA6gAf+y6ZMHas=,vOCLtSQGX8A2SUsIehnI10NmD9E=
-47,-65,iPFwcrODjmGsidA6gAf+y6ZMHas=,vOCLtSQGX8A2SUsIehnI10NmD9E=
-47,-66,iPFwcrODjmGsidA6gAf+y6ZMHas=,vOCLtSQGX8A2SUsIehnI10NmD9E=
-48,-66,iPFwcrODjmGsidA6gAf+y6ZMHas=,vOCLtSQGX8A2SUsIehnI10NmD9E=
-46,-66,iPFwcrODjmGsidA6gAf+y6ZMHas=,vOCLtSQGX8A2SUsIehnI10NmD9E=
-48,-67,iPFwcrODjmGsidA6gAf+y6ZMHas=,vOCLtSQGX8A2SUsIehnI10NmD9E=
-47,-67,iPFwcrODjmGsidA6gAf+y6ZMHas=,vOCLtSQGX8A2SUsIehnI10NmD9E=
-46,-65,iPFwcrODjmGsidA6gAf+y6ZMHas=,vOCLtSQGX8A2SUsIehnI10NmD9E=
-40,-65,iPFwcrODjmGsidA6gAf+y6ZMHas=,vOCLtSQGX8A2SUsIehnI10NmD9E=
-41,-66,iPFwcrODjmGsidA6gAf+y6ZMHas=,vOCLtSQGX8A2SUsIehnI10NmD9E=
-48,-65,iPFwcrODjmGsidA6gAf+y6ZMHas=,vOCLtSQGX8A2SUsIehnI10NmD9E=
-38,-66,iPFwcrODjmGsidA6gAf+y6ZMHas=,vOCLtSQGX8A2SUsIehnI10NmD9E=
-38,-67,iPFwcrODjmGsidA6gAf+y6ZMHas=,vOCLtSQGX8A2SUsIehnI10NmD9E=
-44,-67,iPFwcrODjmGsidA6gAf+y6ZMHas=,vOCLtSQGX8A2SUsIehnI10NmD9E=
-46,-67,iPFwcrODjmGsidA6gAf+y6ZMHas=,vOCLtSQGX8A2SUsIehnI10NmD9E=
-42,-66,iPFwcrODjmGsidA6gAf+y6ZMHas=,vOCLtSQGX8A2SUsIehnI10NmD9E=
-34,-78,iPFwcrODjmGsidA6gAf+y6ZMHas=,EoaDfus/YLmVggj5jWK0OaqO1vs=
-33,-78,iPFwcrODjmGsidA6gAf+y6ZMHas=,EoaDfus/YLmVggj5jWK0OaqO1vs=
-35,-80,iPFwcrODjmGsidA6gAf+y6ZMHas=,EoaDfus/YLmVggj5jWK0OaqO1vs=
-35,-78,iPFwcrODjmGsidA6gAf+y6ZMHas=,EoaDfus/YLmVggj5jWK0OaqO1vs=
-33,-80,iPFwcrODjmGsidA6gAf+y6ZMHas=,EoaDfus/YLmVggj5jWK0OaqO1vs=
-34,-80,iPFwcrODjmGsidA6gAf+y6ZMHas=,EoaDfus/YLmVggj5jWK0OaqO1vs=
-33,-79,iPFwcrODjmGsidA6gAf+y6ZMHas=,EoaDfus/YLmVggj5jWK0OaqO1vs=
-35,-79,iPFwcrODjmGsidA6gAf+y6ZMHas=,EoaDfus/YLmVggj5jWK0OaqO1vs=
-34,-79,iPFwcrODjmGsidA6gAf+y6ZMHas=,EoaDfus/YLmVggj5jWK0OaqO1vs=
-37,-93,mrbwMF28oQ55WgU5YQvrzEACYqk=,zsc5on12njs1D8c8zC5L9GXe9QE=
-37,-92,mrbwMF28oQ55WgU5YQvrzEACYqk=,zsc5on12njs1D8c8zC5L9GXe9QE=
-36,-92,mrbwMF28oQ55WgU5YQvrzEACYqk=,zsc5on12njs1D8c8zC5L9GXe9QE=
-36,-93,mrbwMF28oQ55WgU5YQvrzEACYqk=,zsc5on12njs1D8c8zC5L9GXe9QE=
-39,-93,L34BGM/yatWo1RegkdWsT5P09HI=,zsc5on12njs1D8c8zC5L9GXe9QE=
-41,-92,L34BGM/yatWo1RegkdWsT5P09HI=,BuFr8DA5ro8yCof/iGgjEO3xCLY=
-44,-95,lcbFtzHfZiTfMtAkKPjt8zhW6fo=,BuFr8DA5ro8yCof/iGgjEO3xCLY=
-45,-95,lcbFtzHfZiTfMtAkKPjt8zhW6fo=,BuFr8DA5ro8yCof/iGgjEO3xCLY=
-43,-92,N2+tHAc+QMiXCCOhlr0VSaqdJl0=,BuFr8DA5ro8yCof/iGgjEO3xCLY=
-45,-92,N2+tHAc+QMiXCCOhlr0VSaqdJl0=,BuFr8DA5ro8yCof/iGgjEO3xCLY=
-40,-93,N2+tHAc+QMiXCCOhlr0VSaqdJl0=,zsc5on12njs1D8c8zC5L9GXe9QE=
-41,-93,N2+tHAc+QMiXCCOhlr0VSaqdJl0=,BuFr8DA5ro8yCof/iGgjEO3xCLY=
-42,-92,N2+tHAc+QMiXCCOhlr0VSaqdJl0=,BuFr8DA5ro8yCof/iGgjEO3xCLY=
-45,-94,N2+tHAc+QMiXCCOhlr0VSaqdJl0=,BuFr8DA5ro8yCof/iGgjEO3xCLY=
-44,-94,N2+tHAc+QMiXCCOhlr0VSaqdJl0=,BuFr8DA5ro8yCof/iGgjEO3xCLY=
-44,-92,N2+tHAc+QMiXCCOhlr0VSaqdJl0=,BuFr8DA5ro8yCof/iGgjEO3xCLY=
-45,-93,N2+tHAc+QMiXCCOhlr0VSaqdJl0=,BuFr8DA5ro8yCof/iGgjEO3xCLY=
-38,-93,N2+tHAc+QMiXCCOhlr0VSaqdJl0=,zsc5on12njs1D8c8zC5L9GXe9QE=
-38,-92,N2+tHAc+QMiXCCOhlr0VSaqdJl0=,zsc5on12njs1D8c8zC5L9GXe9QE=
-40,-92,N2+tHAc+QMiXCCOhlr0VSaqdJl0=,zsc5on12njs1D8c8zC5L9GXe9QE=
-45,-96,N2+tHAc+QMiXCCOhlr0VSaqdJl0=,BuFr8DA5ro8yCof/iGgjEO3xCLY=
-42,-93,N2+tHAc+QMiXCCOhlr0VSaqdJl0=,BuFr8DA5ro8yCof/iGgjEO3xCLY=
-39,-92,N2+tHAc+QMiXCCOhlr0VSaqdJl0=,zsc5on12njs1D8c8zC5L9GXe9QE=
-44,-96,N2+tHAc+QMiXCCOhlr0VSaqdJl0=,BuFr8DA5ro8yCof/iGgjEO3xCLY=
-43,-93,N2+tHAc+QMiXCCOhlr0VSaqdJl0=,BuFr8DA5ro8yCof/iGgjEO3xCLY=
-41,-95,N2+tHAc+QMiXCCOhlr0VSaqdJl0=,BuFr8DA5ro8yCof/iGgjEO3xCLY=
-40,-96,N2+tHAc+QMiXCCOhlr0VSaqdJl0=,zsc5on12njs1D8c8zC5L9GXe9QE=
-44,-93,N2+tHAc+QMiXCCOhlr0VSaqdJl0=,BuFr8DA5ro8yCof/iGgjEO3xCLY=
-39,-94,N2+tHAc+QMiXCCOhlr0VSaqdJl0=,zsc5on12njs1D8c8zC5L9GXe9QE=
-36,-94,N2+tHAc+QMiXCCOhlr0VSaqdJl0=,zsc5on12njs1D8c8zC5L9GXe9QE=
-42,-95,N2+tHAc+QMiXCCOhlr0VSaqdJl0=,BuFr8DA5ro8yCof/iGgjEO3xCLY=
-40,-95,N2+tHAc+QMiXCCOhlr0VSaqdJl0=,zsc5on12njs1D8c8zC5L9GXe9QE=
-37,-95,N2+tHAc+QMiXCCOhlr0VSaqdJl0=,zsc5on12njs1D8c8zC5L9GXe9QE=
-38,-94,N2+tHAc+QMiXCCOhlr0VSaqdJl0=,zsc5on12njs1D8c8zC5L9GXe9QE=
-37,-94,N2+tHAc+QMiXCCOhlr0VSaqdJl0=,zsc5on12njs1D8c8zC5L9GXe9QE=
-39,-96,N2+tHAc+QMiXCCOhlr0VSaqdJl0=,zsc5on12njs1D8c8zC5L9GXe9QE=
-36,-95,N2+tHAc+QMiXCCOhlr0VSaqdJl0=,zsc5on12njs1D8c8zC5L9GXe9QE=
-41,-96,N2+tHAc+QMiXCCOhlr0VSaqdJl0=,BuFr8DA5ro8yCof/iGgjEO3xCLY=
-40,-94,N2+tHAc+QMiXCCOhlr0VSaqdJl0=,zsc5on12njs1D8c8zC5L9GXe9QE=
-38,-95,N2+tHAc+QMiXCCOhlr0VSaqdJl0=,zsc5on12njs1D8c8zC5L9GXe9QE=
-43,-94,N2+tHAc+QMiXCCOhlr0VSaqdJl0=,BuFr8DA5ro8yCof/iGgjEO3xCLY=
-43,-95,N2+tHAc+QMiXCCOhlr0VSaqdJl0=,BuFr8DA5ro8yCof/iGgjEO3xCLY=
-39,-95,N2+tHAc+QMiXCCOhlr0VSaqdJl0=,zsc5on12njs1D8c8zC5L9GXe9QE=
-43,-96,N2+tHAc+QMiXCCOhlr0VSaqdJl0=,BuFr8DA5ro8yCof/iGgjEO3xCLY=
-37,-96,N2+tHAc+QMiXCCOhlr0VSaqdJl0=,zsc5on12njs1D8c8zC5L9GXe9QE=
-42,-96,N2+tHAc+QMiXCCOhlr0VSaqdJl0=,BuFr8DA5ro8yCof/iGgjEO3xCLY=
-41,-94,N2+tHAc+QMiXCCOhlr0VSaqdJl0=,BuFr8DA5ro8yCof/iGgjEO3xCLY=
-36,-96,N2+tHAc+QMiXCCOhlr0VSaqdJl0=,zsc5on12njs1D8c8zC5L9GXe9QE=
-42,-94,N2+tHAc+QMiXCCOhlr0VSaqdJl0=,BuFr8DA5ro8yCof/iGgjEO3xCLY=
-38,-96,N2+tHAc+QMiXCCOhlr0VSaqdJl0=,zsc5on12njs1D8c8zC5L9GXe9QE=
-43,-88,N2+tHAc+QMiXCCOhlr0VSaqdJl0=,WDs4lV7HvfGJTbdHwCYLwV3vBws=
-45,-84,N2+tHAc+QMiXCCOhlr0VSaqdJl0=,WDs4lV7HvfGJTbdHwCYLwV3vBws=
-42,-87,N2+tHAc+QMiXCCOhlr0VSaqdJl0=,WDs4lV7HvfGJTbdHwCYLwV3vBws=
-40,-86,N2+tHAc+QMiXCCOhlr0VSaqdJl0=,H46mlZ1g5X3fNhlJsENZYp1+PsI=
-36,-90,N2+tHAc+QMiXCCOhlr0VSaqdJl0=,zsc5on12njs1D8c8zC5L9GXe9QE=
-43,-84,N2+tHAc+QMiXCCOhlr0VSaqdJl0=,WDs4lV7HvfGJTbdHwCYLwV3vBws=
-41,-87,N2+tHAc+QMiXCCOhlr0VSaqdJl0=,WDs4lV7HvfGJTbdHwCYLwV3vBws=
-38,-84,N2+tHAc+QMiXCCOhlr0VSaqdJl0=,H46mlZ1g5X3fNhlJsENZYp1+PsI=
-39,-84,N2+tHAc+QMiXCCOhlr0VSaqdJl0=,H46mlZ1g5X3fNhlJsENZYp1+PsI=
-39,-86,N2+tHAc+QMiXCCOhlr0VSaqdJl0=,H46mlZ1g5X3fNhlJsENZYp1+PsI=
-41,-85,N2+tHAc+QMiXCCOhlr0VSaqdJl0=,WDs4lV7HvfGJTbdHwCYLwV3vBws=
-42,-88,N2+tHAc+QMiXCCOhlr0VSaqdJl0=,WDs4lV7HvfGJTbdHwCYLwV3vBws=
-45,-88,N2+tHAc+QMiXCCOhlr0VSaqdJl0=,WDs4lV7HvfGJTbdHwCYLwV3vBws=
-37,-84,N2+tHAc+QMiXCCOhlr0VSaqdJl0=,H46mlZ1g5X3fNhlJsENZYp1+PsI=
-41,-88,N2+tHAc+QMiXCCOhlr0VSaqdJl0=,WDs4lV7HvfGJTbdHwCYLwV3vBws=
-44,-88,N2+tHAc+QMiXCCOhlr0VSaqdJl0=,WDs4lV7HvfGJTbdHwCYLwV3vBws=
-40,-90,N2+tHAc+QMiXCCOhlr0VSaqdJl0=,zsc5on12njs1D8c8zC5L9GXe9QE=
-43,-87,N2+tHAc+QMiXCCOhlr0VSaqdJl0=,WDs4lV7HvfGJTbdHwCYLwV3vBws=
-44,-89,N2+tHAc+QMiXCCOhlr0VSaqdJl0=,BuFr8DA5ro8yCof/iGgjEO3xCLY=
-42,-90,N2+tHAc+QMiXCCOhlr0VSaqdJl0=,BuFr8DA5ro8yCof/iGgjEO3xCLY=
-42,-89,N2+tHAc+QMiXCCOhlr0VSaqdJl0=,BuFr8DA5ro8yCof/iGgjEO3xCLY=
-39,-89,N2+tHAc+QMiXCCOhlr0VSaqdJl0=,zsc5on12njs1D8c8zC5L9GXe9QE=
-37,-90,N2+tHAc+QMiXCCOhlr0VSaqdJl0=,zsc5on12njs1D8c8zC5L9GXe9QE=
-40,-87,N2+tHAc+QMiXCCOhlr0VSaqdJl0=,H46mlZ1g5X3fNhlJsENZYp1+PsI=
-43,-90,N2+tHAc+QMiXCCOhlr0VSaqdJl0=,BuFr8DA5ro8yCof/iGgjEO3xCLY=
-38,-89,N2+tHAc+QMiXCCOhlr0VSaqdJl0=,zsc5on12njs1D8c8zC5L9GXe9QE=
-43,-86,N2+tHAc+QMiXCCOhlr0VSaqdJl0=,WDs4lV7HvfGJTbdHwCYLwV3vBws=
-42,-85,N2+tHAc+QMiXCCOhlr0VSaqdJl0=,WDs4lV7HvfGJTbdHwCYLwV3vBws=
-38,-90,N2+tHAc+QMiXCCOhlr0VSaqdJl0=,zsc5on12njs1D8c8zC5L9GXe9QE=
-44,-91,N2+tHAc+QMiXCCOhlr0VSaqdJl0=,BuFr8DA5ro8yCof/iGgjEO3xCLY=
-36,-87,N2+tHAc+QMiXCCOhlr0VSaqdJl0=,H46mlZ1g5X3fNhlJsENZYp1+PsI=
-45,-91,N2+tHAc+QMiXCCOhlr0VSaqdJl0=,BuFr8DA5ro8yCof/iGgjEO3xCLY=
-40,-85,N2+tHAc+QMiXCCOhlr0VSaqdJl0=,H46mlZ1g5X3fNhlJsENZYp1+PsI=
-42,-91,N2+tHAc+QMiXCCOhlr0VSaqdJl0=,BuFr8DA5ro8yCof/iGgjEO3xCLY=
-43,-91,N2+tHAc+QMiXCCOhlr0VSaqdJl0=,BuFr8DA5ro8yCof/iGgjEO3xCLY=
-40,-91,N2+tHAc+QMiXCCOhlr0VSaqdJl0=,zsc5on12njs1D8c8zC5L9GXe9QE=
-45,-90,N2+tHAc+QMiXCCOhlr0VSaqdJl0=,BuFr8DA5ro8yCof/iGgjEO3xCLY=
-39,-91,N2+tHAc+QMiXCCOhlr0VSaqdJl0=,zsc5on12njs1D8c8zC5L9GXe9QE=
-37,-88,N2+tHAc+QMiXCCOhlr0VSaqdJl0=,H46mlZ1g5X3fNhlJsENZYp1+PsI=
-38,-91,N2+tHAc+QMiXCCOhlr0VSaqdJl0=,zsc5on12njs1D8c8zC5L9GXe9QE=
-45,-85,N2+tHAc+QMiXCCOhlr0VSaqdJl0=,WDs4lV7HvfGJTbdHwCYLwV3vBws=
-36,-86,N2+tHAc+QMiXCCOhlr0VSaqdJl0=,H46mlZ1g5X3fNhlJsENZYp1+PsI=
-37,-86,N2+tHAc+QMiXCCOhlr0VSaqdJl0=,H46mlZ1g5X3fNhlJsENZYp1+PsI=
-40,-84,N2+tHAc+QMiXCCOhlr0VSaqdJl0=,H46mlZ1g5X3fNhlJsENZYp1+PsI=
-36,-88,N2+tHAc+QMiXCCOhlr0VSaqdJl0=,H46mlZ1g5X3fNhlJsENZYp1+PsI=
-45,-86,N2+tHAc+QMiXCCOhlr0VSaqdJl0=,WDs4lV7HvfGJTbdHwCYLwV3vBws=
-36,-84,N2+tHAc+QMiXCCOhlr0VSaqdJl0=,H46mlZ1g5X3fNhlJsENZYp1+PsI=
-38,-86,N2+tHAc+QMiXCCOhlr0VSaqdJl0=,H46mlZ1g5X3fNhlJsENZYp1+PsI=
-36,-89,N2+tHAc+QMiXCCOhlr0VSaqdJl0=,zsc5on12njs1D8c8zC5L9GXe9QE=
-43,-89,N2+tHAc+QMiXCCOhlr0VSaqdJl0=,BuFr8DA5ro8yCof/iGgjEO3xCLY=
-36,-91,N2+tHAc+QMiXCCOhlr0VSaqdJl0=,zsc5on12njs1D8c8zC5L9GXe9QE=
-39,-90,N2+tHAc+QMiXCCOhlr0VSaqdJl0=,zsc5on12njs1D8c8zC5L9GXe9QE=
-39,-88,N2+tHAc+QMiXCCOhlr0VSaqdJl0=,H46mlZ1g5X3fNhlJsENZYp1+PsI=
-41,-89,N2+tHAc+QMiXCCOhlr0VSaqdJl0=,BuFr8DA5ro8yCof/iGgjEO3xCLY=
-45,-87,N2+tHAc+QMiXCCOhlr0VSaqdJl0=,WDs4lV7HvfGJTbdHwCYLwV3vBws=
-44,-85,N2+tHAc+QMiXCCOhlr0VSaqdJl0=,WDs4lV7HvfGJTbdHwCYLwV3vBws=
-41,-90,N2+tHAc+QMiXCCOhlr0VSaqdJl0=,BuFr8DA5ro8yCof/iGgjEO3xCLY=
-45,-89,N2+tHAc+QMiXCCOhlr0VSaqdJl0=,BuFr8DA5ro8yCof/iGgjEO3xCLY=
-41,-91,N2+tHAc+QMiXCCOhlr0VSaqdJl0=,BuFr8DA5ro8yCof/iGgjEO3xCLY=
-44,-90,N2+tHAc+QMiXCCOhlr0VSaqdJl0=,BuFr8DA5ro8yCof/iGgjEO3xCLY=
-38,-85,N2+tHAc+QMiXCCOhlr0VSaqdJl0=,H46mlZ1g5X3fNhlJsENZYp1+PsI=
-37,-85,N2+tHAc+QMiXCCOhlr0VSaqdJl0=,H46mlZ1g5X3fNhlJsENZYp1+PsI=
-37,-91,N2+tHAc+QMiXCCOhlr0VSaqdJl0=,zsc5on12njs1D8c8zC5L9GXe9QE=
-43,-85,N2+tHAc+QMiXCCOhlr0VSaqdJl0=,WDs4lV7HvfGJTbdHwCYLwV3vBws=
-37,-89,N2+tHAc+QMiXCCOhlr0VSaqdJl0=,zsc5on12njs1D8c8zC5L9GXe9QE=
-38,-87,N2+tHAc+QMiXCCOhlr0VSaqdJl0=,H46mlZ1g5X3fNhlJsENZYp1+PsI=
-39,-85,N2+tHAc+QMiXCCOhlr0VSaqdJl0=,H46mlZ1g5X3fNhlJsENZYp1+PsI=
-41,-86,N2+tHAc+QMiXCCOhlr0VSaqdJl0=,WDs4lV7HvfGJTbdHwCYLwV3vBws=
-42,-86,N2+tHAc+QMiXCCOhlr0VSaqdJl0=,WDs4lV7HvfGJTbdHwCYLwV3vBws=
-44,-87,N2+tHAc+QMiXCCOhlr0VSaqdJl0=,WDs4lV7HvfGJTbdHwCYLwV3vBws=
-38,-88,N2+tHAc+QMiXCCOhlr0VSaqdJl0=,H46mlZ1g5X3fNhlJsENZYp1+PsI=
-37,-87,N2+tHAc+QMiXCCOhlr0VSaqdJl0=,H46mlZ1g5X3fNhlJsENZYp1+PsI=
-44,-84,N2+tHAc+QMiXCCOhlr0VSaqdJl0=,WDs4lV7HvfGJTbdHwCYLwV3vBws=
-40,-89,N2+tHAc+QMiXCCOhlr0VSaqdJl0=,zsc5on12njs1D8c8zC5L9GXe9QE=
-36,-85,N2+tHAc+QMiXCCOhlr0VSaqdJl0=,H46mlZ1g5X3fNhlJsENZYp1+PsI=
-40,-88,N2+tHAc+QMiXCCOhlr0VSaqdJl0=,H46mlZ1g5X3fNhlJsENZYp1+PsI=
-39,-87,N2+tHAc+QMiXCCOhlr0VSaqdJl0=,H46mlZ1g5X3fNhlJsENZYp1+PsI=
-42,-84,N2+tHAc+QMiXCCOhlr0VSaqdJl0=,WDs4lV7HvfGJTbdHwCYLwV3vBws=
-44,-86,N2+tHAc+QMiXCCOhlr0VSaqdJl0=,WDs4lV7HvfGJTbdHwCYLwV3vBws=
-41,-84,N2+tHAc+QMiXCCOhlr0VSaqdJl0=,WDs4lV7HvfGJTbdHwCYLwV3vBws=
-34,-92,v8sANc+6WCgMJnkYZsySqbU6Krs=,zsc5on12njs1D8c8zC5L9GXe9QE=
-33,-93,v8sANc+6WCgMJnkYZsySqbU6Krs=,zsc5on12njs1D8c8zC5L9GXe9QE=
-44,-81,v8sANc+6WCgMJnkYZsySqbU6Krs=,WDs4lV7HvfGJTbdHwCYLwV3vBws=
-35,-92,v8sANc+6WCgMJnkYZsySqbU6Krs=,zsc5on12njs1D8c8zC5L9GXe9QE=
-45,-81,v8sANc+6WCgMJnkYZsySqbU6Krs=,WDs4lV7HvfGJTbdHwCYLwV3vBws=
-33,-92,v8sANc+6WCgMJnkYZsySqbU6Krs=,zsc5on12njs1D8c8zC5L9GXe9QE=
-34,-93,v8sANc+6WCgMJnkYZsySqbU6Krs=,zsc5on12njs1D8c8zC5L9GXe9QE=
-44,-82,v8sANc+6WCgMJnkYZsySqbU6Krs=,WDs4lV7HvfGJTbdHwCYLwV3vBws=
-44,-83,v8sANc+6WCgMJnkYZsySqbU6Krs=,WDs4lV7HvfGJTbdHwCYLwV3vBws=
-41,-83,v8sANc+6WCgMJnkYZsySqbU6Krs=,WDs4lV7HvfGJTbdHwCYLwV3vBws=
-43,-83,v8sANc+6WCgMJnkYZsySqbU6Krs=,WDs4lV7HvfGJTbdHwCYLwV3vBws=
-36,-81,v8sANc+6WCgMJnkYZsySqbU6Krs=,H46mlZ1g5X3fNhlJsENZYp1+PsI=
-40,-82,v8sANc+6WCgMJnkYZsySqbU6Krs=,H46mlZ1g5X3fNhlJsENZYp1+PsI=
-35,-93,v8sANc+6WCgMJnkYZsySqbU6Krs=,zsc5on12njs1D8c8zC5L9GXe9QE=
-36,-83,v8sANc+6WCgMJnkYZsySqbU6Krs=,H46mlZ1g5X3fNhlJsENZYp1+PsI=
-42,-83,v8sANc+6WCgMJnkYZsySqbU6Krs=,WDs4lV7HvfGJTbdHwCYLwV3vBws=
-39,-82,v8sANc+6WCgMJnkYZsySqbU6Krs=,H46mlZ1g5X3fNhlJsENZYp1+PsI=
-38,-83,v8sANc+6WCgMJnkYZsySqbU6Krs=,H46mlZ1g5X3fNhlJsENZYp1+PsI=
-41,-81,v8sANc+6WCgMJnkYZsySqbU6Krs=,WDs4lV7HvfGJTbdHwCYLwV3vBws=
-39,-83,v8sANc+6WCgMJnkYZsySqbU6Krs=,H46mlZ1g5X3fNhlJsENZYp1+PsI=
-37,-82,v8sANc+6WCgMJnkYZsySqbU6Krs=,H46mlZ1g5X3fNhlJsENZYp1+PsI=
-40,-81,v8sANc+6WCgMJnkYZsySqbU6Krs=,H46mlZ1g5X3fNhlJsENZYp1+PsI=
-39,-81,v8sANc+6WCgMJnkYZsySqbU6Krs=,H46mlZ1g5X3fNhlJsENZYp1+PsI=
-40,-83,v8sANc+6WCgMJnkYZsySqbU6Krs=,H46mlZ1g5X3fNhlJsENZYp1+PsI=
-43,-82,v8sANc+6WCgMJnkYZsySqbU6Krs=,WDs4lV7HvfGJTbdHwCYLwV3vBws=
-35,-87,v8sANc+6WCgMJnkYZsySqbU6Krs=,H46mlZ1g5X3fNhlJsENZYp1+PsI=
-34,-91,v8sANc+6WCgMJnkYZsySqbU6Krs=,zsc5on12njs1D8c8zC5L9GXe9QE=
-34,-89,v8sANc+6WCgMJnkYZsySqbU6Krs=,zsc5on12njs1D8c8zC5L9GXe9QE=
-35,-89,v8sANc+6WCgMJnkYZsySqbU6Krs=,zsc5on12njs1D8c8zC5L9GXe9QE=
-33,-89,v8sANc+6WCgMJnkYZsySqbU6Krs=,zsc5on12njs1D8c8zC5L9GXe9QE=
-35,-86,v8sANc+6WCgMJnkYZsySqbU6Krs=,H46mlZ1g5X3fNhlJsENZYp1+PsI=
-36,-82,v8sANc+6WCgMJnkYZsySqbU6Krs=,H46mlZ1g5X3fNhlJsENZYp1+PsI=
-33,-84,v8sANc+6WCgMJnkYZsySqbU6Krs=,H46mlZ1g5X3fNhlJsENZYp1+PsI=
-45,-83,v8sANc+6WCgMJnkYZsySqbU6Krs=,WDs4lV7HvfGJTbdHwCYLwV3vBws=
-38,-81,v8sANc+6WCgMJnkYZsySqbU6Krs=,H46mlZ1g5X3fNhlJsENZYp1+PsI=
-42,-81,v8sANc+6WCgMJnkYZsySqbU6Krs=,WDs4lV7HvfGJTbdHwCYLwV3vBws=
-34,-87,v8sANc+6WCgMJnkYZsySqbU6Krs=,H46mlZ1g5X3fNhlJsENZYp1+PsI=
-33,-87,v8sANc+6WCgMJnkYZsySqbU6Krs=,H46mlZ1g5X3fNhlJsENZYp1+PsI=
-43,-81,v8sANc+6WCgMJnkYZsySqbU6Krs=,WDs4lV7HvfGJTbdHwCYLwV3vBws=
-34,-88,v8sANc+6WCgMJnkYZsySqbU6Krs=,H46mlZ1g5X3fNhlJsENZYp1+PsI=
-33,-90,v8sANc+6WCgMJnkYZsySqbU6Krs=,zsc5on12njs1D8c8zC5L9GXe9QE=
-33,-88,v8sANc+6WCgMJnkYZsySqbU6Krs=,H46mlZ1g5X3fNhlJsENZYp1+PsI=
-41,-82,v8sANc+6WCgMJnkYZsySqbU6Krs=,WDs4lV7HvfGJTbdHwCYLwV3vBws=
-38,-82,v8sANc+6WCgMJnkYZsySqbU6Krs=,H46mlZ1g5X3fNhlJsENZYp1+PsI=
-34,-86,v8sANc+6WCgMJnkYZsySqbU6Krs=,H46mlZ1g5X3fNhlJsENZYp1+PsI=
-34,-84,v8sANc+6WCgMJnkYZsySqbU6Krs=,H46mlZ1g5X3fNhlJsENZYp1+PsI=
-34,-90,v8sANc+6WCgMJnkYZsySqbU6Krs=,zsc5on12njs1D8c8zC5L9GXe9QE=
-35,-84,v8sANc+6WCgMJnkYZsySqbU6Krs=,H46mlZ1g5X3fNhlJsENZYp1+PsI=
-45,-82,v8sANc+6WCgMJnkYZsySqbU6Krs=,WDs4lV7HvfGJTbdHwCYLwV3vBws=
-33,-91,v8sANc+6WCgMJnkYZsySqbU6Krs=,zsc5on12njs1D8c8zC5L9GXe9QE=
-35,-90,v8sANc+6WCgMJnkYZsySqbU6Krs=,zsc5on12njs1D8c8zC5L9GXe9QE=
-35,-88,v8sANc+6WCgMJnkYZsySqbU6Krs=,H46mlZ1g5X3fNhlJsENZYp1+PsI=
-33,-85,v8sANc+6WCgMJnkYZsySqbU6Krs=,H46mlZ1g5X3fNhlJsENZYp1+PsI=
-42,-82,v8sANc+6WCgMJnkYZsySqbU6Krs=,WDs4lV7HvfGJTbdHwCYLwV3vBws=
-34,-85,v8sANc+6WCgMJnkYZsySqbU6Krs=,H46mlZ1g5X3fNhlJsENZYp1+PsI=
-35,-91,v8sANc+6WCgMJnkYZsySqbU6Krs=,zsc5on12njs1D8c8zC5L9GXe9QE=
-37,-81,v8sANc+6WCgMJnkYZsySqbU6Krs=,H46mlZ1g5X3fNhlJsENZYp1+PsI=
-37,-83,v8sANc+6WCgMJnkYZsySqbU6Krs=,H46mlZ1g5X3fNhlJsENZYp1+PsI=
-35,-85,v8sANc+6WCgMJnkYZsySqbU6Krs=,H46mlZ1g5X3fNhlJsENZYp1+PsI=
-33,-86,v8sANc+6WCgMJnkYZsySqbU6Krs=,H46mlZ1g5X3fNhlJsENZYp1+PsI=
-33,-95,hBessIKyN5w0pCU8hTWm0orfJNk=,zsc5on12njs1D8c8zC5L9GXe9QE=
-34,-96,hBessIKyN5w0pCU8hTWm0orfJNk=,zsc5on12njs1D8c8zC5L9GXe9QE=
-33,-96,hBessIKyN5w0pCU8hTWm0orfJNk=,zsc5on12njs1D8c8zC5L9GXe9QE=
-33,-82,FR1q9AtP563mk7gHXRswVX2Y4Dk=,H46mlZ1g5X3fNhlJsENZYp1+PsI=
-35,-95,FR1q9AtP563mk7gHXRswVX2Y4Dk=,zsc5on12njs1D8c8zC5L9GXe9QE=
-34,-95,FR1q9AtP563mk7gHXRswVX2Y4Dk=,zsc5on12njs1D8c8zC5L9GXe9QE=
-33,-94,FR1q9AtP563mk7gHXRswVX2Y4Dk=,zsc5on12njs1D8c8zC5L9GXe9QE=
-35,-83,FR1q9AtP563mk7gHXRswVX2Y4Dk=,H46mlZ1g5X3fNhlJsENZYp1+PsI=
-34,-81,FR1q9AtP563mk7gHXRswVX2Y4Dk=,H46mlZ1g5X3fNhlJsENZYp1+PsI=
-35,-82,FR1q9AtP563mk7gHXRswVX2Y4Dk=,H46mlZ1g5X3fNhlJsENZYp1+PsI=
-34,-82,FR1q9AtP563mk7gHXRswVX2Y4Dk=,H46mlZ1g5X3fNhlJsENZYp1+PsI=
-33,-81,FR1q9AtP563mk7gHXRswVX2Y4Dk=,H46mlZ1g5X3fNhlJsENZYp1+PsI=
-35,-81,FR1q9AtP563mk7gHXRswVX2Y4Dk=,H46mlZ1g5X3fNhlJsENZYp1+PsI=
-33,-83,FR1q9AtP563mk7gHXRswVX2Y4Dk=,H46mlZ1g5X3fNhlJsENZYp1+PsI=
-34,-94,FR1q9AtP563mk7gHXRswVX2Y4Dk=,zsc5on12njs1D8c8zC5L9GXe9QE=
-34,-83,FR1q9AtP563mk7gHXRswVX2Y4Dk=,H46mlZ1g5X3fNhlJsENZYp1+PsI=
-35,-96,FR1q9AtP563mk7gHXRswVX2Y4Dk=,zsc5on12njs1D8c8zC5L9GXe9QE=
-35,-94,FR1q9AtP563mk7gHXRswVX2Y4Dk=,zsc5on12njs1D8c8zC5L9GXe9QE=
-46,-84,FR1q9AtP563mk7gHXRswVX2Y4Dk=,WDs4lV7HvfGJTbdHwCYLwV3vBws=
-47,-84,FR1q9AtP563mk7gHXRswVX2Y4Dk=,WDs4lV7HvfGJTbdHwCYLwV3vBws=
-46,-82,FR1q9AtP563mk7gHXRswVX2Y4Dk=,WDs4lV7HvfGJTbdHwCYLwV3vBws=
-48,-85,FR1q9AtP563mk7gHXRswVX2Y4Dk=,WDs4lV7HvfGJTbdHwCYLwV3vBws=
-48,-82,FR1q9AtP563mk7gHXRswVX2Y4Dk=,WDs4lV7HvfGJTbdHwCYLwV3vBws=
-48,-84,FR1q9AtP563mk7gHXRswVX2Y4Dk=,WDs4lV7HvfGJTbdHwCYLwV3vBws=
-47,-85,FR1q9AtP563mk7gHXRswVX2Y4Dk=,WDs4lV7HvfGJTbdHwCYLwV3vBws=
-46,-85,FR1q9AtP563mk7gHXRswVX2Y4Dk=,WDs4lV7HvfGJTbdHwCYLwV3vBws=
-47,-83,FR1q9AtP563mk7gHXRswVX2Y4Dk=,WDs4lV7HvfGJTbdHwCYLwV3vBws=
-47,-82,FR1q9AtP563mk7gHXRswVX2Y4Dk=,WDs4lV7HvfGJTbdHwCYLwV3vBws=
-46,-81,FR1q9AtP563mk7gHXRswVX2Y4Dk=,WDs4lV7HvfGJTbdHwCYLwV3vBws=
-47,-81,FR1q9AtP563mk7gHXRswVX2Y4Dk=,WDs4lV7HvfGJTbdHwCYLwV3vBws=
-46,-83,FR1q9AtP563mk7gHXRswVX2Y4Dk=,WDs4lV7HvfGJTbdHwCYLwV3vBws=
-48,-81,FR1q9AtP563mk7gHXRswVX2Y4Dk=,WDs4lV7HvfGJTbdHwCYLwV3vBws=
-48,-83,FR1q9AtP563mk7gHXRswVX2Y4Dk=,WDs4lV7HvfGJTbdHwCYLwV3vBws=
-47,-87,FR1q9AtP563mk7gHXRswVX2Y4Dk=,WDs4lV7HvfGJTbdHwCYLwV3vBws=
-47,-88,FR1q9AtP563mk7gHXRswVX2Y4Dk=,WDs4lV7HvfGJTbdHwCYLwV3vBws=
-48,-87,FR1q9AtP563mk7gHXRswVX2Y4Dk=,WDs4lV7HvfGJTbdHwCYLwV3vBws=
-48,-88,FR1q9AtP563mk7gHXRswVX2Y4Dk=,WDs4lV7HvfGJTbdHwCYLwV3vBws=
-46,-88,FR1q9AtP563mk7gHXRswVX2Y4Dk=,WDs4lV7HvfGJTbdHwCYLwV3vBws=
-46,-86,FR1q9AtP563mk7gHXRswVX2Y4Dk=,WDs4lV7HvfGJTbdHwCYLwV3vBws=
-46,-90,FR1q9AtP563mk7gHXRswVX2Y4Dk=,BuFr8DA5ro8yCof/iGgjEO3xCLY=
-46,-87,FR1q9AtP563mk7gHXRswVX2Y4Dk=,WDs4lV7HvfGJTbdHwCYLwV3vBws=
-48,-95,FR1q9AtP563mk7gHXRswVX2Y4Dk=,BuFr8DA5ro8yCof/iGgjEO3xCLY=
-48,-93,FR1q9AtP563mk7gHXRswVX2Y4Dk=,BuFr8DA5ro8yCof/iGgjEO3xCLY=
-47,-91,FR1q9AtP563mk7gHXRswVX2Y4Dk=,BuFr8DA5ro8yCof/iGgjEO3xCLY=
-48,-92,FR1q9AtP563mk7gHXRswVX2Y4Dk=,BuFr8DA5ro8yCof/iGgjEO3xCLY=
-47,-95,FR1q9AtP563mk7gHXRswVX2Y4Dk=,BuFr8DA5ro8yCof/iGgjEO3xCLY=
-48,-96,FR1q9AtP563mk7gHXRswVX2Y4Dk=,BuFr8DA5ro8yCof/iGgjEO3xCLY=
-47,-89,FR1q9AtP563mk7gHXRswVX2Y4Dk=,BuFr8DA5ro8yCof/iGgjEO3xCLY=
-47,-86,FR1q9AtP563mk7gHXRswVX2Y4Dk=,WDs4lV7HvfGJTbdHwCYLwV3vBws=
-46,-96,FR1q9AtP563mk7gHXRswVX2Y4Dk=,BuFr8DA5ro8yCof/iGgjEO3xCLY=
-46,-89,FR1q9AtP563mk7gHXRswVX2Y4Dk=,BuFr8DA5ro8yCof/iGgjEO3xCLY=
-47,-93,FR1q9AtP563mk7gHXRswVX2Y4Dk=,BuFr8DA5ro8yCof/iGgjEO3xCLY=
-48,-89,FR1q9AtP563mk7gHXRswVX2Y4Dk=,BuFr8DA5ro8yCof/iGgjEO3xCLY=
-47,-94,FR1q9AtP563mk7gHXRswVX2Y4Dk=,BuFr8DA5ro8yCof/iGgjEO3xCLY=
-48,-91,FR1q9AtP563mk7gHXRswVX2Y4Dk=,BuFr8DA5ro8yCof/iGgjEO3xCLY=
-46,-92,FR1q9AtP563mk7gHXRswVX2Y4Dk=,BuFr8DA5ro8yCof/iGgjEO3xCLY=
-47,-90,FR1q9AtP563mk7gHXRswVX2Y4Dk=,BuFr8DA5ro8yCof/iGgjEO3xCLY=
-46,-94,FR1q9AtP563mk7gHXRswVX2Y4Dk=,BuFr8DA5ro8yCof/iGgjEO3xCLY=
-48,-86,FR1q9AtP563mk7gHXRswVX2Y4Dk=,WDs4lV7HvfGJTbdHwCYLwV3vBws=
-48,-90,FR1q9AtP563mk7gHXRswVX2Y4Dk=,BuFr8DA5ro8yCof/iGgjEO3xCLY=
-48,-94,FR1q9AtP563mk7gHXRswVX2Y4Dk=,BuFr8DA5ro8yCof/iGgjEO3xCLY=
-47,-92,FR1q9AtP563mk7gHXRswVX2Y4Dk=,BuFr8DA5ro8yCof/iGgjEO3xCLY=
-46,-93,FR1q9AtP563mk7gHXRswVX2Y4Dk=,BuFr8DA5ro8yCof/iGgjEO3xCLY=
-46,-91,FR1q9AtP563mk7gHXRswVX2Y4Dk=,BuFr8DA5ro8yCof/iGgjEO3xCLY=
-46,-95,FR1q9AtP563mk7gHXRswVX2Y4Dk=,BuFr8DA5ro8yCof/iGgjEO3xCLY=
-47,-96,FR1q9AtP563mk7gHXRswVX2Y4Dk=,BuFr8DA5ro8yCof/iGgjEO3xCLY=
-52,-85,hJPqRqRHGzVOPm1DyzteT/fKxH8=,Dwy57211dxfNFAGZmYOUK3hibs0=
-53,-84,hJPqRqRHGzVOPm1DyzteT/fKxH8=,Dwy57211dxfNFAGZmYOUK3hibs0=
-53,-85,hJPqRqRHGzVOPm1DyzteT/fKxH8=,Dwy57211dxfNFAGZmYOUK3hibs0=
-61,-96,qjuAN3mvYBSrTdyeLiSA9jG0684=,bVzSnJPcKkjcBEpjUwj3U1XzE3k=
-52,-84,qjuAN3mvYBSrTdyeLiSA9jG0684=,Dwy57211dxfNFAGZmYOUK3hibs0=
-61,-93,qjuAN3mvYBSrTdyeLiSA9jG0684=,bVzSnJPcKkjcBEpjUwj3U1XzE3k=
-61,-95,qjuAN3mvYBSrTdyeLiSA9jG0684=,bVzSnJPcKkjcBEpjUwj3U1XzE3k=
-61,-92,FLBgCcKDzpAloJQB41E4cHZfWCo=,bVzSnJPcKkjcBEpjUwj3U1XzE3k=
-60,-96,FLBgCcKDzpAloJQB41E4cHZfWCo=,bVzSnJPcKkjcBEpjUwj3U1XzE3k=
-60,-92,FLBgCcKDzpAloJQB41E4cHZfWCo=,bVzSnJPcKkjcBEpjUwj3U1XzE3k=
-61,-94,FLBgCcKDzpAloJQB41E4cHZfWCo=,bVzSnJPcKkjcBEpjUwj3U1XzE3k=
-60,-95,FLBgCcKDzpAloJQB41E4cHZfWCo=,bVzSnJPcKkjcBEpjUwj3U1XzE3k=
-60,-93,FLBgCcKDzpAloJQB41E4cHZfWCo=,bVzSnJPcKkjcBEpjUwj3U1XzE3k=
-55,-93,FLBgCcKDzpAloJQB41E4cHZfWCo=,bVzSnJPcKkjcBEpjUwj3U1XzE3k=
-60,-94,FLBgCcKDzpAloJQB41E4cHZfWCo=,bVzSnJPcKkjcBEpjUwj3U1XzE3k=
-52,-90,FLBgCcKDzpAloJQB41E4cHZfWCo=,bVzSnJPcKkjcBEpjUwj3U1XzE3k=
-53,-90,FLBgCcKDzpAloJQB41E4cHZfWCo=,bVzSnJPcKkjcBEpjUwj3U1XzE3k=
-52,-91,FLBgCcKDzpAloJQB41E4cHZfWCo=,bVzSnJPcKkjcBEpjUwj3U1XzE3k=
-52,-87,FLBgCcKDzpAloJQB41E4cHZfWCo=,Dwy57211dxfNFAGZmYOUK3hibs0=
-53,-91,FLBgCcKDzpAloJQB41E4cHZfWCo=,bVzSnJPcKkjcBEpjUwj3U1XzE3k=
-52,-89,FLBgCcKDzpAloJQB41E4cHZfWCo=,bVzSnJPcKkjcBEpjUwj3U1XzE3k=
-55,-92,FLBgCcKDzpAloJQB41E4cHZfWCo=,bVzSnJPcKkjcBEpjUwj3U1XzE3k=
-54,-92,FLBgCcKDzpAloJQB41E4cHZfWCo=,bVzSnJPcKkjcBEpjUwj3U1XzE3k=
-56,-92,FLBgCcKDzpAloJQB41E4cHZfWCo=,bVzSnJPcKkjcBEpjUwj3U1XzE3k=
-57,-92,FLBgCcKDzpAloJQB41E4cHZfWCo=,bVzSnJPcKkjcBEpjUwj3U1XzE3k=
-53,-93,FLBgCcKDzpAloJQB41E4cHZfWCo=,bVzSnJPcKkjcBEpjUwj3U1XzE3k=
-53,-88,FLBgCcKDzpAloJQB41E4cHZfWCo=,Dwy57211dxfNFAGZmYOUK3hibs0=
-53,-87,FLBgCcKDzpAloJQB41E4cHZfWCo=,Dwy57211dxfNFAGZmYOUK3hibs0=
-52,-88,FLBgCcKDzpAloJQB41E4cHZfWCo=,Dwy57211dxfNFAGZmYOUK3hibs0=
-58,-92,FLBgCcKDzpAloJQB41E4cHZfWCo=,bVzSnJPcKkjcBEpjUwj3U1XzE3k=
-59,-92,FLBgCcKDzpAloJQB41E4cHZfWCo=,bVzSnJPcKkjcBEpjUwj3U1XzE3k=
-52,-93,FLBgCcKDzpAloJQB41E4cHZfWCo=,bVzSnJPcKkjcBEpjUwj3U1XzE3k=
-53,-89,FLBgCcKDzpAloJQB41E4cHZfWCo=,bVzSnJPcKkjcBEpjUwj3U1XzE3k=
-59,-93,FLBgCcKDzpAloJQB41E4cHZfWCo=,bVzSnJPcKkjcBEpjUwj3U1XzE3k=
-58,-93,FLBgCcKDzpAloJQB41E4cHZfWCo=,bVzSnJPcKkjcBEpjUwj3U1XzE3k=
-52,-86,FLBgCcKDzpAloJQB41E4cHZfWCo=,Dwy57211dxfNFAGZmYOUK3hibs0=
-53,-86,FLBgCcKDzpAloJQB41E4cHZfWCo=,Dwy57211dxfNFAGZmYOUK3hibs0=
-53,-92,FLBgCcKDzpAloJQB41E4cHZfWCo=,bVzSnJPcKkjcBEpjUwj3U1XzE3k=
-52,-92,FLBgCcKDzpAloJQB41E4cHZfWCo=,bVzSnJPcKkjcBEpjUwj3U1XzE3k=
-56,-93,FLBgCcKDzpAloJQB41E4cHZfWCo=,bVzSnJPcKkjcBEpjUwj3U1XzE3k=
-57,-93,FLBgCcKDzpAloJQB41E4cHZfWCo=,bVzSnJPcKkjcBEpjUwj3U1XzE3k=
-54,-93,FLBgCcKDzpAloJQB41E4cHZfWCo=,bVzSnJPcKkjcBEpjUwj3U1XzE3k=
-60,-86,FLBgCcKDzpAloJQB41E4cHZfWCo=,Q+bwrq3sE+sPGgelefvraReQI4w=
-59,-86,FLBgCcKDzpAloJQB41E4cHZfWCo=,Q+bwrq3sE+sPGgelefvraReQI4w=
-55,-86,FLBgCcKDzpAloJQB41E4cHZfWCo=,Dwy57211dxfNFAGZmYOUK3hibs0=
-60,-84,FLBgCcKDzpAloJQB41E4cHZfWCo=,Q+bwrq3sE+sPGgelefvraReQI4w=
-61,-86,FLBgCcKDzpAloJQB41E4cHZfWCo=,Q+bwrq3sE+sPGgelefvraReQI4w=
-54,-89,FLBgCcKDzpAloJQB41E4cHZfWCo=,bVzSnJPcKkjcBEpjUwj3U1XzE3k=
-59,-88,FLBgCcKDzpAloJQB41E4cHZfWCo=,Q+bwrq3sE+sPGgelefvraReQI4w=
-60,-88,2eTybiqUk8mlLyKtdHoV87KAlZo=,Q+bwrq3sE+sPGgelefvraReQI4w=
-57,-88,2eTybiqUk8mlLyKtdHoV87KAlZo=,Q+bwrq3sE+sPGgelefvraReQI4w=
-58,-85,2eTybiqUk8mlLyKtdHoV87KAlZo=,Q+bwrq3sE+sPGgelefvraReQI4w=
-59,-84,2eTybiqUk8mlLyKtdHoV87KAlZo=,Q+bwrq3sE+sPGgelefvraReQI4w=
-58,-87,2eTybiqUk8mlLyKtdHoV87KAlZo=,Q+bwrq3sE+sPGgelefvraReQI4w=
-57,-87,2eTybiqUk8mlLyKtdHoV87KAlZo=,Q+bwrq3sE+sPGgelefvraReQI4w=
-58,-88,2eTybiqUk8mlLyKtdHoV87KAlZo=,Q+bwrq3sE+sPGgelefvraReQI4w=
-57,-85,2eTybiqUk8mlLyKtdHoV87KAlZo=,Q+bwrq3sE+sPGgelefvraReQI4w=
-61,-84,2eTybiqUk8mlLyKtdHoV87KAlZo=,Q+bwrq3sE+sPGgelefvraReQI4w=
-59,-89,2eTybiqUk8mlLyKtdHoV87KAlZo=,bVzSnJPcKkjcBEpjUwj3U1XzE3k=
-58,-89,2eTybiqUk8mlLyKtdHoV87KAlZo=,bVzSnJPcKkjcBEpjUwj3U1XzE3k=
-60,-89,2eTybiqUk8mlLyKtdHoV87KAlZo=,bVzSnJPcKkjcBEpjUwj3U1XzE3k=
-60,-85,2eTybiqUk8mlLyKtdHoV87KAlZo=,Q+bwrq3sE+sPGgelefvraReQI4w=
-59,-85,2eTybiqUk8mlLyKtdHoV87KAlZo=,Q+bwrq3sE+sPGgelefvraReQI4w=
-59,-90,2eTybiqUk8mlLyKtdHoV87KAlZo=,bVzSnJPcKkjcBEpjUwj3U1XzE3k=
-60,-90,2eTybiqUk8mlLyKtdHoV87KAlZo=,bVzSnJPcKkjcBEpjUwj3U1XzE3k=
-55,-89,2eTybiqUk8mlLyKtdHoV87KAlZo=,bVzSnJPcKkjcBEpjUwj3U1XzE3k=
-56,-85,2eTybiqUk8mlLyKtdHoV87KAlZo=,Dwy57211dxfNFAGZmYOUK3hibs0=
-56,-90,2eTybiqUk8mlLyKtdHoV87KAlZo=,bVzSnJPcKkjcBEpjUwj3U1XzE3k=
-57,-86,2eTybiqUk8mlLyKtdHoV87KAlZo=,Q+bwrq3sE+sPGgelefvraReQI4w=
-61,-90,2eTybiqUk8mlLyKtdHoV87KAlZo=,bVzSnJPcKkjcBEpjUwj3U1XzE3k=
-56,-87,2eTybiqUk8mlLyKtdHoV87KAlZo=,Dwy57211dxfNFAGZmYOUK3hibs0=
-58,-84,2eTybiqUk8mlLyKtdHoV87KAlZo=,Q+bwrq3sE+sPGgelefvraReQI4w=
-55,-84,2eTybiqUk8mlLyKtdHoV87KAlZo=,Dwy57211dxfNFAGZmYOUK3hibs0=
-55,-91,2eTybiqUk8mlLyKtdHoV87KAlZo=,bVzSnJPcKkjcBEpjUwj3U1XzE3k=
-56,-91,2eTybiqUk8mlLyKtdHoV87KAlZo=,bVzSnJPcKkjcBEpjUwj3U1XzE3k=
-61,-88,2eTybiqUk8mlLyKtdHoV87KAlZo=,Q+bwrq3sE+sPGgelefvraReQI4w=
-56,-84,2eTybiqUk8mlLyKtdHoV87KAlZo=,Dwy57211dxfNFAGZmYOUK3hibs0=
-61,-91,2eTybiqUk8mlLyKtdHoV87KAlZo=,bVzSnJPcKkjcBEpjUwj3U1XzE3k=
-57,-84,2eTybiqUk8mlLyKtdHoV87KAlZo=,Q+bwrq3sE+sPGgelefvraReQI4w=
-60,-91,2eTybiqUk8mlLyKtdHoV87KAlZo=,bVzSnJPcKkjcBEpjUwj3U1XzE3k=
-54,-87,2eTybiqUk8mlLyKtdHoV87KAlZo=,Dwy57211dxfNFAGZmYOUK3hibs0=
-54,-88,2eTybiqUk8mlLyKtdHoV87KAlZo=,Dwy57211dxfNFAGZmYOUK3hibs0=
-54,-91,2eTybiqUk8mlLyKtdHoV87KAlZo=,bVzSnJPcKkjcBEpjUwj3U1XzE3k=
-58,-86,2eTybiqUk8mlLyKtdHoV87KAlZo=,Q+bwrq3sE+sPGgelefvraReQI4w=
-55,-88,2eTybiqUk8mlLyKtdHoV87KAlZo=,Dwy57211dxfNFAGZmYOUK3hibs0=
-55,-85,2eTybiqUk8mlLyKtdHoV87KAlZo=,Dwy57211dxfNFAGZmYOUK3hibs0=
-59,-91,2eTybiqUk8mlLyKtdHoV87KAlZo=,bVzSnJPcKkjcBEpjUwj3U1XzE3k=
-57,-90,2eTybiqUk8mlLyKtdHoV87KAlZo=,bVzSnJPcKkjcBEpjUwj3U1XzE3k=
-57,-91,2eTybiqUk8mlLyKtdHoV87KAlZo=,bVzSnJPcKkjcBEpjUwj3U1XzE3k=
-61,-85,2eTybiqUk8mlLyKtdHoV87KAlZo=,Q+bwrq3sE+sPGgelefvraReQI4w=
-54,-90,2eTybiqUk8mlLyKtdHoV87KAlZo=,bVzSnJPcKkjcBEpjUwj3U1XzE3k=
-56,-88,2eTybiqUk8mlLyKtdHoV87KAlZo=,Dwy57211dxfNFAGZmYOUK3hibs0=
-54,-84,2eTybiqUk8mlLyKtdHoV87KAlZo=,Dwy57211dxfNFAGZmYOUK3hibs0=
-55,-90,2eTybiqUk8mlLyKtdHoV87KAlZo=,bVzSnJPcKkjcBEpjUwj3U1XzE3k=
-61,-89,2eTybiqUk8mlLyKtdHoV87KAlZo=,bVzSnJPcKkjcBEpjUwj3U1XzE3k=
-56,-89,2eTybiqUk8mlLyKtdHoV87KAlZo=,bVzSnJPcKkjcBEpjUwj3U1XzE3k=
-58,-90,2eTybiqUk8mlLyKtdHoV87KAlZo=,bVzSnJPcKkjcBEpjUwj3U1XzE3k=
-58,-91,2eTybiqUk8mlLyKtdHoV87KAlZo=,bVzSnJPcKkjcBEpjUwj3U1XzE3k=
-61,-87,2eTybiqUk8mlLyKtdHoV87KAlZo=,Q+bwrq3sE+sPGgelefvraReQI4w=
-55,-87,2eTybiqUk8mlLyKtdHoV87KAlZo=,Dwy57211dxfNFAGZmYOUK3hibs0=
-56,-86,2eTybiqUk8mlLyKtdHoV87KAlZo=,Dwy57211dxfNFAGZmYOUK3hibs0=
-54,-86,2eTybiqUk8mlLyKtdHoV87KAlZo=,Dwy57211dxfNFAGZmYOUK3hibs0=
-57,-89,2eTybiqUk8mlLyKtdHoV87KAlZo=,bVzSnJPcKkjcBEpjUwj3U1XzE3k=
-59,-87,2eTybiqUk8mlLyKtdHoV87KAlZo=,Q+bwrq3sE+sPGgelefvraReQI4w=
-60,-87,2eTybiqUk8mlLyKtdHoV87KAlZo=,Q+bwrq3sE+sPGgelefvraReQI4w=
-54,-85,2eTybiqUk8mlLyKtdHoV87KAlZo=,Dwy57211dxfNFAGZmYOUK3hibs0=
-57,-95,2eTybiqUk8mlLyKtdHoV87KAlZo=,bVzSnJPcKkjcBEpjUwj3U1XzE3k=
-56,-94,2eTybiqUk8mlLyKtdHoV87KAlZo=,bVzSnJPcKkjcBEpjUwj3U1XzE3k=
-59,-95,2eTybiqUk8mlLyKtdHoV87KAlZo=,bVzSnJPcKkjcBEpjUwj3U1XzE3k=
-52,-94,2eTybiqUk8mlLyKtdHoV87KAlZo=,bVzSnJPcKkjcBEpjUwj3U1XzE3k=
-56,-96,vVyqPhJPberLLGVNzPycZHfDrE4=,bVzSnJPcKkjcBEpjUwj3U1XzE3k=
-53,-94,uh1/zck5jq4m/8tPKZZIkei6nBM=,bVzSnJPcKkjcBEpjUwj3U1XzE3k=
-57,-96,uh1/zck5jq4m/8tPKZZIkei6nBM=,bVzSnJPcKkjcBEpjUwj3U1XzE3k=
-55,-96,uh1/zck5jq4m/8tPKZZIkei6nBM=,bVzSnJPcKkjcBEpjUwj3U1XzE3k=
-55,-94,uh1/zck5jq4m/8tPKZZIkei6nBM=,bVzSnJPcKkjcBEpjUwj3U1XzE3k=
-58,-94,uh1/zck5jq4m/8tPKZZIkei6nBM=,bVzSnJPcKkjcBEpjUwj3U1XzE3k=
-57,-94,uh1/zck5jq4m/8tPKZZIkei6nBM=,bVzSnJPcKkjcBEpjUwj3U1XzE3k=
-52,-96,uh1/zck5jq4m/8tPKZZIkei6nBM=,bVzSnJPcKkjcBEpjUwj3U1XzE3k=
-53,-96,uh1/zck5jq4m/8tPKZZIkei6nBM=,bVzSnJPcKkjcBEpjUwj3U1XzE3k=
-58,-96,uh1/zck5jq4m/8tPKZZIkei6nBM=,bVzSnJPcKkjcBEpjUwj3U1XzE3k=
-59,-94,uh1/zck5jq4m/8tPKZZIkei6nBM=,bVzSnJPcKkjcBEpjUwj3U1XzE3k=
-54,-96,uh1/zck5jq4m/8tPKZZIkei6nBM=,bVzSnJPcKkjcBEpjUwj3U1XzE3k=
-55,-95,uh1/zck5jq4m/8tPKZZIkei6nBM=,bVzSnJPcKkjcBEpjUwj3U1XzE3k=
-54,-94,uh1/zck5jq4m/8tPKZZIkei6nBM=,bVzSnJPcKkjcBEpjUwj3U1XzE3k=
-53,-95,uh1/zck5jq4m/8tPKZZIkei6nBM=,bVzSnJPcKkjcBEpjUwj3U1XzE3k=
-59,-96,uh1/zck5jq4m/8tPKZZIkei6nBM=,bVzSnJPcKkjcBEpjUwj3U1XzE3k=
-52,-95,uh1/zck5jq4m/8tPKZZIkei6nBM=,bVzSnJPcKkjcBEpjUwj3U1XzE3k=
-56,-95,uh1/zck5jq4m/8tPKZZIkei6nBM=,bVzSnJPcKkjcBEpjUwj3U1XzE3k=
-58,-95,uh1/zck5jq4m/8tPKZZIkei6nBM=,bVzSnJPcKkjcBEpjUwj3U1XzE3k=
-54,-95,uh1/zck5jq4m/8tPKZZIkei6nBM=,bVzSnJPcKkjcBEpjUwj3U1XzE3k=
-49,-92,uh1/zck5jq4m/8tPKZZIkei6nBM=,bVzSnJPcKkjcBEpjUwj3U1XzE3k=
-50,-92,uh1/zck5jq4m/8tPKZZIkei6nBM=,bVzSnJPcKkjcBEpjUwj3U1XzE3k=
-50,-93,uh1/zck5jq4m/8tPKZZIkei6nBM=,bVzSnJPcKkjcBEpjUwj3U1XzE3k=
-51,-92,uh1/zck5jq4m/8tPKZZIkei6nBM=,bVzSnJPcKkjcBEpjUwj3U1XzE3k=
-51,-93,uh1/zck5jq4m/8tPKZZIkei6nBM=,bVzSnJPcKkjcBEpjUwj3U1XzE3k=
-49,-93,uh1/zck5jq4m/8tPKZZIkei6nBM=,bVzSnJPcKkjcBEpjUwj3U1XzE3k=
-49,-87,L1ZMPvkLAQVlqBN3fEJ3IsJQQFQ=,Dwy57211dxfNFAGZmYOUK3hibs0=
-50,-90,L1ZMPvkLAQVlqBN3fEJ3IsJQQFQ=,bVzSnJPcKkjcBEpjUwj3U1XzE3k=
-49,-88,L1ZMPvkLAQVlqBN3fEJ3IsJQQFQ=,Dwy57211dxfNFAGZmYOUK3hibs0=
-50,-87,L1ZMPvkLAQVlqBN3fEJ3IsJQQFQ=,Dwy57211dxfNFAGZmYOUK3hibs0=
-50,-84,L1ZMPvkLAQVlqBN3fEJ3IsJQQFQ=,Dwy57211dxfNFAGZmYOUK3hibs0=
-49,-84,L1ZMPvkLAQVlqBN3fEJ3IsJQQFQ=,Dwy57211dxfNFAGZmYOUK3hibs0=
-51,-90,L1ZMPvkLAQVlqBN3fEJ3IsJQQFQ=,bVzSnJPcKkjcBEpjUwj3U1XzE3k=
-51,-89,L1ZMPvkLAQVlqBN3fEJ3IsJQQFQ=,bVzSnJPcKkjcBEpjUwj3U1XzE3k=
-49,-91,L1ZMPvkLAQVlqBN3fEJ3IsJQQFQ=,bVzSnJPcKkjcBEpjUwj3U1XzE3k=
-50,-86,L1ZMPvkLAQVlqBN3fEJ3IsJQQFQ=,Dwy57211dxfNFAGZmYOUK3hibs0=
-51,-91,L1ZMPvkLAQVlqBN3fEJ3IsJQQFQ=,bVzSnJPcKkjcBEpjUwj3U1XzE3k=
-51,-87,L1ZMPvkLAQVlqBN3fEJ3IsJQQFQ=,Dwy57211dxfNFAGZmYOUK3hibs0=
-50,-85,L1ZMPvkLAQVlqBN3fEJ3IsJQQFQ=,Dwy57211dxfNFAGZmYOUK3hibs0=
-51,-84,L1ZMPvkLAQVlqBN3fEJ3IsJQQFQ=,Dwy57211dxfNFAGZmYOUK3hibs0=
-51,-86,L1ZMPvkLAQVlqBN3fEJ3IsJQQFQ=,Dwy57211dxfNFAGZmYOUK3hibs0=
-51,-88,L1ZMPvkLAQVlqBN3fEJ3IsJQQFQ=,Dwy57211dxfNFAGZmYOUK3hibs0=
-50,-91,L1ZMPvkLAQVlqBN3fEJ3IsJQQFQ=,bVzSnJPcKkjcBEpjUwj3U1XzE3k=
-49,-90,L1ZMPvkLAQVlqBN3fEJ3IsJQQFQ=,bVzSnJPcKkjcBEpjUwj3U1XzE3k=
-49,-85,L1ZMPvkLAQVlqBN3fEJ3IsJQQFQ=,Dwy57211dxfNFAGZmYOUK3hibs0=
-50,-88,L1ZMPvkLAQVlqBN3fEJ3IsJQQFQ=,Dwy57211dxfNFAGZmYOUK3hibs0=
-51,-85,L1ZMPvkLAQVlqBN3fEJ3IsJQQFQ=,Dwy57211dxfNFAGZmYOUK3hibs0=
-49,-86,L1ZMPvkLAQVlqBN3fEJ3IsJQQFQ=,Dwy57211dxfNFAGZmYOUK3hibs0=
-49,-89,L1ZMPvkLAQVlqBN3fEJ3IsJQQFQ=,bVzSnJPcKkjcBEpjUwj3U1XzE3k=
-50,-89,L1ZMPvkLAQVlqBN3fEJ3IsJQQFQ=,bVzSnJPcKkjcBEpjUwj3U1XzE3k=
-52,-83,L1ZMPvkLAQVlqBN3fEJ3IsJQQFQ=,Dwy57211dxfNFAGZmYOUK3hibs0=
-52,-81,L1ZMPvkLAQVlqBN3fEJ3IsJQQFQ=,Dwy57211dxfNFAGZmYOUK3hibs0=
-53,-83,L1ZMPvkLAQVlqBN3fEJ3IsJQQFQ=,Dwy57211dxfNFAGZmYOUK3hibs0=
-53,-82,L1ZMPvkLAQVlqBN3fEJ3IsJQQFQ=,Dwy57211dxfNFAGZmYOUK3hibs0=
-52,-82,L1ZMPvkLAQVlqBN3fEJ3IsJQQFQ=,Dwy57211dxfNFAGZmYOUK3hibs0=
-53,-81,L1ZMPvkLAQVlqBN3fEJ3IsJQQFQ=,Dwy57211dxfNFAGZmYOUK3hibs0=
-64,-85,6qeYWYbDWzgcWAcX8YV+eCGyv+A=,Q+bwrq3sE+sPGgelefvraReQI4w=
-62,-84,6qeYWYbDWzgcWAcX8YV+eCGyv+A=,Q+bwrq3sE+sPGgelefvraReQI4w=
-63,-84,6qeYWYbDWzgcWAcX8YV+eCGyv+A=,Q+bwrq3sE+sPGgelefvraReQI4w=
-64,-84,6qeYWYbDWzgcWAcX8YV+eCGyv+A=,Q+bwrq3sE+sPGgelefvraReQI4w=
-63,-85,6qeYWYbDWzgcWAcX8YV+eCGyv+A=,Q+bwrq3sE+sPGgelefvraReQI4w=
-59,-82,6qeYWYbDWzgcWAcX8YV+eCGyv+A=,Q+bwrq3sE+sPGgelefvraReQI4w=
-56,-82,6qeYWYbDWzgcWAcX8YV+eCGyv+A=,Dwy57211dxfNFAGZmYOUK3hibs0=
-57,-81,6qeYWYbDWzgcWAcX8YV+eCGyv+A=,Q+bwrq3sE+sPGgelefvraReQI4w=
-56,-81,6qeYWYbDWzgcWAcX8YV+eCGyv+A=,Dwy57211dxfNFAGZmYOUK3hibs0=
-61,-82,6qeYWYbDWzgcWAcX8YV+eCGyv+A=,Q+bwrq3sE+sPGgelefvraReQI4w=
-54,-83,6qeYWYbDWzgcWAcX8YV+eCGyv+A=,Dwy57211dxfNFAGZmYOUK3hibs0=
-60,-82,6qeYWYbDWzgcWAcX8YV+eCGyv+A=,Q+bwrq3sE+sPGgelefvraReQI4w=
-58,-81,6qeYWYbDWzgcWAcX8YV+eCGyv+A=,Q+bwrq3sE+sPGgelefvraReQI4w=
-55,-82,6qeYWYbDWzgcWAcX8YV+eCGyv+A=,Dwy57211dxfNFAGZmYOUK3hibs0=
-57,-82,6qeYWYbDWzgcWAcX8YV+eCGyv+A=,Q+bwrq3sE+sPGgelefvraReQI4w=
-54,-82,6qeYWYbDWzgcWAcX8YV+eCGyv+A=,Dwy57211dxfNFAGZmYOUK3hibs0=
-56,-83,6qeYWYbDWzgcWAcX8YV+eCGyv+A=,Dwy57211dxfNFAGZmYOUK3hibs0=
-58,-83,6qeYWYbDWzgcWAcX8YV+eCGyv+A=,Q+bwrq3sE+sPGgelefvraReQI4w=
-59,-83,6qeYWYbDWzgcWAcX8YV+eCGyv+A=,Q+bwrq3sE+sPGgelefvraReQI4w=
-55,-81,6qeYWYbDWzgcWAcX8YV+eCGyv+A=,Dwy57211dxfNFAGZmYOUK3hibs0=
-60,-83,6qeYWYbDWzgcWAcX8YV+eCGyv+A=,Q+bwrq3sE+sPGgelefvraReQI4w=
-61,-81,6qeYWYbDWzgcWAcX8YV+eCGyv+A=,Q+bwrq3sE+sPGgelefvraReQI4w=
-61,-83,6qeYWYbDWzgcWAcX8YV+eCGyv+A=,Q+bwrq3sE+sPGgelefvraReQI4w=
-60,-81,6qeYWYbDWzgcWAcX8YV+eCGyv+A=,Q+bwrq3sE+sPGgelefvraReQI4w=
-57,-83,6qeYWYbDWzgcWAcX8YV+eCGyv+A=,Q+bwrq3sE+sPGgelefvraReQI4w=
-62,-85,6qeYWYbDWzgcWAcX8YV+eCGyv+A=,Q+bwrq3sE+sPGgelefvraReQI4w=
-58,-82,6qeYWYbDWzgcWAcX8YV+eCGyv+A=,Q+bwrq3sE+sPGgelefvraReQI4w=
-62,-83,6qeYWYbDWzgcWAcX8YV+eCGyv+A=,Q+bwrq3sE+sPGgelefvraReQI4w=
-64,-82,6qeYWYbDWzgcWAcX8YV+eCGyv+A=,Q+bwrq3sE+sPGgelefvraReQI4w=
-62,-82,6qeYWYbDWzgcWAcX8YV+eCGyv+A=,Q+bwrq3sE+sPGgelefvraReQI4w=
-54,-81,6qeYWYbDWzgcWAcX8YV+eCGyv+A=,Dwy57211dxfNFAGZmYOUK3hibs0=
-55,-83,6qeYWYbDWzgcWAcX8YV+eCGyv+A=,Dwy57211dxfNFAGZmYOUK3hibs0=
-62,-81,6qeYWYbDWzgcWAcX8YV+eCGyv+A=,Q+bwrq3sE+sPGgelefvraReQI4w=
-63,-81,6qeYWYbDWzgcWAcX8YV+eCGyv+A=,Q+bwrq3sE+sPGgelefvraReQI4w=
-63,-83,6qeYWYbDWzgcWAcX8YV+eCGyv+A=,Q+bwrq3sE+sPGgelefvraReQI4w=
-63,-82,6qeYWYbDWzgcWAcX8YV+eCGyv+A=,Q+bwrq3sE+sPGgelefvraReQI4w=
-64,-81,6qeYWYbDWzgcWAcX8YV+eCGyv+A=,Q+bwrq3sE+sPGgelefvraReQI4w=
-64,-83,6qeYWYbDWzgcWAcX8YV+eCGyv+A=,Q+bwrq3sE+sPGgelefvraReQI4w=
-63,-86,6qeYWYbDWzgcWAcX8YV+eCGyv+A=,Q+bwrq3sE+sPGgelefvraReQI4w=
-64,-87,6qeYWYbDWzgcWAcX8YV+eCGyv+A=,Q+bwrq3sE+sPGgelefvraReQI4w=
-64,-86,6qeYWYbDWzgcWAcX8YV+eCGyv+A=,Q+bwrq3sE+sPGgelefvraReQI4w=
-62,-87,6qeYWYbDWzgcWAcX8YV+eCGyv+A=,Q+bwrq3sE+sPGgelefvraReQI4w=
-59,-81,6qeYWYbDWzgcWAcX8YV+eCGyv+A=,Q+bwrq3sE+sPGgelefvraReQI4w=
-64,-88,6qeYWYbDWzgcWAcX8YV+eCGyv+A=,Q+bwrq3sE+sPGgelefvraReQI4w=
-64,-89,6qeYWYbDWzgcWAcX8YV+eCGyv+A=,bVzSnJPcKkjcBEpjUwj3U1XzE3k=
-62,-90,6qeYWYbDWzgcWAcX8YV+eCGyv+A=,bVzSnJPcKkjcBEpjUwj3U1XzE3k=
-62,-91,6qeYWYbDWzgcWAcX8YV+eCGyv+A=,bVzSnJPcKkjcBEpjUwj3U1XzE3k=
-63,-91,6qeYWYbDWzgcWAcX8YV+eCGyv+A=,bVzSnJPcKkjcBEpjUwj3U1XzE3k=
-64,-90,6qeYWYbDWzgcWAcX8YV+eCGyv+A=,bVzSnJPcKkjcBEpjUwj3U1XzE3k=
-62,-92,6qeYWYbDWzgcWAcX8YV+eCGyv+A=,bVzSnJPcKkjcBEpjUwj3U1XzE3k=
-62,-88,6qeYWYbDWzgcWAcX8YV+eCGyv+A=,Q+bwrq3sE+sPGgelefvraReQI4w=
-64,-91,6qeYWYbDWzgcWAcX8YV+eCGyv+A=,bVzSnJPcKkjcBEpjUwj3U1XzE3k=
-63,-92,6qeYWYbDWzgcWAcX8YV+eCGyv+A=,bVzSnJPcKkjcBEpjUwj3U1XzE3k=
-63,-89,6qeYWYbDWzgcWAcX8YV+eCGyv+A=,bVzSnJPcKkjcBEpjUwj3U1XzE3k=
-64,-92,6qeYWYbDWzgcWAcX8YV+eCGyv+A=,bVzSnJPcKkjcBEpjUwj3U1XzE3k=
-62,-93,6qeYWYbDWzgcWAcX8YV+eCGyv+A=,bVzSnJPcKkjcBEpjUwj3U1XzE3k=
-63,-90,6qeYWYbDWzgcWAcX8YV+eCGyv+A=,bVzSnJPcKkjcBEpjUwj3U1XzE3k=
-63,-88,6qeYWYbDWzgcWAcX8YV+eCGyv+A=,Q+bwrq3sE+sPGgelefvraReQI4w=
-63,-93,6qeYWYbDWzgcWAcX8YV+eCGyv+A=,bVzSnJPcKkjcBEpjUwj3U1XzE3k=
-62,-86,6qeYWYbDWzgcWAcX8YV+eCGyv+A=,Q+bwrq3sE+sPGgelefvraReQI4w=
-63,-87,6qeYWYbDWzgcWAcX8YV+eCGyv+A=,Q+bwrq3sE+sPGgelefvraReQI4w=
-62,-89,6qeYWYbDWzgcWAcX8YV+eCGyv+A=,bVzSnJPcKkjcBEpjUwj3U1XzE3k=
-64,-93,6qeYWYbDWzgcWAcX8YV+eCGyv+A=,bVzSnJPcKkjcBEpjUwj3U1XzE3k=
-64,-96,wfxtxH5+eyuDxWkZebz8HEdpeKY=,bVzSnJPcKkjcBEpjUwj3U1XzE3k=
-62,-94,wfxtxH5+eyuDxWkZebz8HEdpeKY=,bVzSnJPcKkjcBEpjUwj3U1XzE3k=
-63,-95,wfxtxH5+eyuDxWkZebz8HEdpeKY=,bVzSnJPcKkjcBEpjUwj3U1XzE3k=
-62,-95,wfxtxH5+eyuDxWkZebz8HEdpeKY=,bVzSnJPcKkjcBEpjUwj3U1XzE3k=
-64,-95,wfxtxH5+eyuDxWkZebz8HEdpeKY=,bVzSnJPcKkjcBEpjUwj3U1XzE3k=
-64,-94,wfxtxH5+eyuDxWkZebz8HEdpeKY=,bVzSnJPcKkjcBEpjUwj3U1XzE3k=
-62,-96,wfxtxH5+eyuDxWkZebz8HEdpeKY=,bVzSnJPcKkjcBEpjUwj3U1XzE3k=
-63,-94,wfxtxH5+eyuDxWkZebz8HEdpeKY=,bVzSnJPcKkjcBEpjUwj3U1XzE3k=
-63,-96,wfxtxH5+eyuDxWkZebz8HEdpeKY=,bVzSnJPcKkjcBEpjUwj3U1XzE3k=
-50,-83,wfxtxH5+eyuDxWkZebz8HEdpeKY=,Dwy57211dxfNFAGZmYOUK3hibs0=
-51,-83,wfxtxH5+eyuDxWkZebz8HEdpeKY=,Dwy57211dxfNFAGZmYOUK3hibs0=
-49,-94,wfxtxH5+eyuDxWkZebz8HEdpeKY=,bVzSnJPcKkjcBEpjUwj3U1XzE3k=
-49,-83,wfxtxH5+eyuDxWkZebz8HEdpeKY=,Dwy57211dxfNFAGZmYOUK3hibs0=
-49,-95,wfxtxH5+eyuDxWkZebz8HEdpeKY=,bVzSnJPcKkjcBEpjUwj3U1XzE3k=
-51,-95,wfxtxH5+eyuDxWkZebz8HEdpeKY=,bVzSnJPcKkjcBEpjUwj3U1XzE3k=
-49,-82,wfxtxH5+eyuDxWkZebz8HEdpeKY=,Dwy57211dxfNFAGZmYOUK3hibs0=
-49,-96,wfxtxH5+eyuDxWkZebz8HEdpeKY=,bVzSnJPcKkjcBEpjUwj3U1XzE3k=
-51,-82,wfxtxH5+eyuDxWkZebz8HEdpeKY=,Dwy57211dxfNFAGZmYOUK3hibs0=
-50,-94,wfxtxH5+eyuDxWkZebz8HEdpeKY=,bVzSnJPcKkjcBEpjUwj3U1XzE3k=
-50,-82,wfxtxH5+eyuDxWkZebz8HEdpeKY=,Dwy57211dxfNFAGZmYOUK3hibs0=
-51,-94,wfxtxH5+eyuDxWkZebz8HEdpeKY=,bVzSnJPcKkjcBEpjUwj3U1XzE3k=
-51,-81,wfxtxH5+eyuDxWkZebz8HEdpeKY=,Dwy57211dxfNFAGZmYOUK3hibs0=
-50,-95,wfxtxH5+eyuDxWkZebz8HEdpeKY=,bVzSnJPcKkjcBEpjUwj3U1XzE3k=
-49,-81,wfxtxH5+eyuDxWkZebz8HEdpeKY=,Dwy57211dxfNFAGZmYOUK3hibs0=
-51,-96,wfxtxH5+eyuDxWkZebz8HEdpeKY=,bVzSnJPcKkjcBEpjUwj3U1XzE3k=
-50,-96,wfxtxH5+eyuDxWkZebz8HEdpeKY=,bVzSnJPcKkjcBEpjUwj3U1XzE3k=
-50,-81,wfxtxH5+eyuDxWkZebz8HEdpeKY=,Dwy57211dxfNFAGZmYOUK3hibs0=
-60,-76,eMaiS4d+P3+Bungcb6GZyWbksjE=,rqM9hNzH963f4tR/HGUtdoZa10M=
-60,-79,eMaiS4d+P3+Bungcb6GZyWbksjE=,rqM9hNzH963f4tR/HGUtdoZa10M=
-61,-78,eMaiS4d+P3+Bungcb6GZyWbksjE=,rqM9hNzH963f4tR/HGUtdoZa10M=
-60,-78,hgxvVs2/dbOZNY6atUEZ2Hy9zu4=,rqM9hNzH963f4tR/HGUtdoZa10M=
-61,-79,hgxvVs2/dbOZNY6atUEZ2Hy9zu4=,rqM9hNzH963f4tR/HGUtdoZa10M=
-60,-80,hgxvVs2/dbOZNY6atUEZ2Hy9zu4=,rqM9hNzH963f4tR/HGUtdoZa10M=
-61,-76,SlTeQULYo/A2skJt2dskNqO4kkQ=,rqM9hNzH963f4tR/HGUtdoZa10M=
-61,-80,SlTeQULYo/A2skJt2dskNqO4kkQ=,rqM9hNzH963f4tR/HGUtdoZa10M=
-61,-77,LoPDTdWBOlxxrI1wldjzpU5w8aM=,rqM9hNzH963f4tR/HGUtdoZa10M=
-57,-76,LoPDTdWBOlxxrI1wldjzpU5w8aM=,rqM9hNzH963f4tR/HGUtdoZa10M=
-60,-77,LoPDTdWBOlxxrI1wldjzpU5w8aM=,rqM9hNzH963f4tR/HGUtdoZa10M=
-56,-76,LoPDTdWBOlxxrI1wldjzpU5w8aM=,HODfRmJ2y8HGVbvamFaFZxvxXgc=
-56,-77,LoPDTdWBOlxxrI1wldjzpU5w8aM=,HODfRmJ2y8HGVbvamFaFZxvxXgc=
-58,-76,LoPDTdWBOlxxrI1wldjzpU5w8aM=,rqM9hNzH963f4tR/HGUtdoZa10M=
-57,-77,LoPDTdWBOlxxrI1wldjzpU5w8aM=,rqM9hNzH963f4tR/HGUtdoZa10M=
-59,-76,LoPDTdWBOlxxrI1wldjzpU5w8aM=,rqM9hNzH963f4tR/HGUtdoZa10M=
-53,-77,LoPDTdWBOlxxrI1wldjzpU5w8aM=,HODfRmJ2y8HGVbvamFaFZxvxXgc=
-52,-76,LoPDTdWBOlxxrI1wldjzpU5w8aM=,HODfRmJ2y8HGVbvamFaFZxvxXgc=
-59,-77,LoPDTdWBOlxxrI1wldjzpU5w8aM=,rqM9hNzH963f4tR/HGUtdoZa10M=
-52,-77,LoPDTdWBOlxxrI1wldjzpU5w8aM=,HODfRmJ2y8HGVbvamFaFZxvxXgc=
-53,-76,LoPDTdWBOlxxrI1wldjzpU5w8aM=,HODfRmJ2y8HGVbvamFaFZxvxXgc=
-54,-76,LoPDTdWBOlxxrI1wldjzpU5w8aM=,HODfRmJ2y8HGVbvamFaFZxvxXgc=
-58,-77,LoPDTdWBOlxxrI1wldjzpU5w8aM=,rqM9hNzH963f4tR/HGUtdoZa10M=
-54,-77,LoPDTdWBOlxxrI1wldjzpU5w8aM=,HODfRmJ2y8HGVbvamFaFZxvxXgc=
-55,-77,LoPDTdWBOlxxrI1wldjzpU5w8aM=,HODfRmJ2y8HGVbvamFaFZxvxXgc=
-55,-76,LoPDTdWBOlxxrI1wldjzpU5w8aM=,HODfRmJ2y8HGVbvamFaFZxvxXgc=
-52,-72,LoPDTdWBOlxxrI1wldjzpU5w8aM=,vOCLtSQGX8A2SUsIehnI10NmD9E=
-53,-75,LoPDTdWBOlxxrI1wldjzpU5w8aM=,HODfRmJ2y8HGVbvamFaFZxvxXgc=
-53,-68,LoPDTdWBOlxxrI1wldjzpU5w8aM=,vOCLtSQGX8A2SUsIehnI10NmD9E=
-52,-74,LoPDTdWBOlxxrI1wldjzpU5w8aM=,HODfRmJ2y8HGVbvamFaFZxvxXgc=
-52,-75,LoPDTdWBOlxxrI1wldjzpU5w8aM=,HODfRmJ2y8HGVbvamFaFZxvxXgc=
-53,-72,LoPDTdWBOlxxrI1wldjzpU5w8aM=,vOCLtSQGX8A2SUsIehnI10NmD9E=
-53,-74,LoPDTdWBOlxxrI1wldjzpU5w8aM=,HODfRmJ2y8HGVbvamFaFZxvxXgc=
-52,-71,LoPDTdWBOlxxrI1wldjzpU5w8aM=,vOCLtSQGX8A2SUsIehnI10NmD9E=
-52,-70,LoPDTdWBOlxxrI1wldjzpU5w8aM=,vOCLtSQGX8A2SUsIehnI10NmD9E=
-53,-71,LoPDTdWBOlxxrI1wldjzpU5w8aM=,vOCLtSQGX8A2SUsIehnI10NmD9E=
-52,-69,LoPDTdWBOlxxrI1wldjzpU5w8aM=,vOCLtSQGX8A2SUsIehnI10NmD9E=
-53,-70,LoPDTdWBOlxxrI1wldjzpU5w8aM=,vOCLtSQGX8A2SUsIehnI10NmD9E=
-52,-73,LoPDTdWBOlxxrI1wldjzpU5w8aM=,HODfRmJ2y8HGVbvamFaFZxvxXgc=
-53,-73,LoPDTdWBOlxxrI1wldjzpU5w8aM=,HODfRmJ2y8HGVbvamFaFZxvxXgc=
-52,-68,LoPDTdWBOlxxrI1wldjzpU5w8aM=,vOCLtSQGX8A2SUsIehnI10NmD9E=
-61,-70,LoPDTdWBOlxxrI1wldjzpU5w8aM=,vOCLtSQGX8A2SUsIehnI10NmD9E=
-53,-69,LoPDTdWBOlxxrI1wldjzpU5w8aM=,vOCLtSQGX8A2SUsIehnI10NmD9E=
-58,-71,LoPDTdWBOlxxrI1wldjzpU5w8aM=,vOCLtSQGX8A2SUsIehnI10NmD9E=
-59,-71,LoPDTdWBOlxxrI1wldjzpU5w8aM=,vOCLtSQGX8A2SUsIehnI10NmD9E=
-57,-71,LoPDTdWBOlxxrI1wldjzpU5w8aM=,vOCLtSQGX8A2SUsIehnI10NmD9E=
-54,-74,LoPDTdWBOlxxrI1wldjzpU5w8aM=,HODfRmJ2y8HGVbvamFaFZxvxXgc=
-60,-71,LoPDTdWBOlxxrI1wldjzpU5w8aM=,vOCLtSQGX8A2SUsIehnI10NmD9E=
-54,-69,LoPDTdWBOlxxrI1wldjzpU5w8aM=,vOCLtSQGX8A2SUsIehnI10NmD9E=
-61,-68,LoPDTdWBOlxxrI1wldjzpU5w8aM=,vOCLtSQGX8A2SUsIehnI10NmD9E=
-56,-70,LoPDTdWBOlxxrI1wldjzpU5w8aM=,vOCLtSQGX8A2SUsIehnI10NmD9E=
-55,-74,LoPDTdWBOlxxrI1wldjzpU5w8aM=,HODfRmJ2y8HGVbvamFaFZxvxXgc=
-55,-69,LoPDTdWBOlxxrI1wldjzpU5w8aM=,vOCLtSQGX8A2SUsIehnI10NmD9E=
-60,-68,LoPDTdWBOlxxrI1wldjzpU5w8aM=,vOCLtSQGX8A2SUsIehnI10NmD9E=
-60,-72,LoPDTdWBOlxxrI1wldjzpU5w8aM=,vOCLtSQGX8A2SUsIehnI10NmD9E=
-59,-72,LoPDTdWBOlxxrI1wldjzpU5w8aM=,vOCLtSQGX8A2SUsIehnI10NmD9E=
-61,-71,LoPDTdWBOlxxrI1wldjzpU5w8aM=,vOCLtSQGX8A2SUsIehnI10NmD9E=
-59,-73,LoPDTdWBOlxxrI1wldjzpU5w8aM=,rqM9hNzH963f4tR/HGUtdoZa10M=
-57,-73,LoPDTdWBOlxxrI1wldjzpU5w8aM=,rqM9hNzH963f4tR/HGUtdoZa10M=
-58,-74,LoPDTdWBOlxxrI1wldjzpU5w8aM=,rqM9hNzH963f4tR/HGUtdoZa10M=
-61,-73,LoPDTdWBOlxxrI1wldjzpU5w8aM=,rqM9hNzH963f4tR/HGUtdoZa10M=
-58,-73,LoPDTdWBOlxxrI1wldjzpU5w8aM=,rqM9hNzH963f4tR/HGUtdoZa10M=
-58,-72,LoPDTdWBOlxxrI1wldjzpU5w8aM=,vOCLtSQGX8A2SUsIehnI10NmD9E=
-54,-68,LoPDTdWBOlxxrI1wldjzpU5w8aM=,vOCLtSQGX8A2SUsIehnI10NmD9E=
-61,-72,LoPDTdWBOlxxrI1wldjzpU5w8aM=,vOCLtSQGX8A2SUsIehnI10NmD9E=
-55,-68,LoPDTdWBOlxxrI1wldjzpU5w8aM=,vOCLtSQGX8A2SUsIehnI10NmD9E=
-57,-74,LoPDTdWBOlxxrI1wldjzpU5w8aM=,rqM9hNzH963f4tR/HGUtdoZa10M=
-60,-73,LoPDTdWBOlxxrI1wldjzpU5w8aM=,rqM9hNzH963f4tR/HGUtdoZa10M=
-55,-72,LoPDTdWBOlxxrI1wldjzpU5w8aM=,vOCLtSQGX8A2SUsIehnI10NmD9E=
-59,-69,LoPDTdWBOlxxrI1wldjzpU5w8aM=,vOCLtSQGX8A2SUsIehnI10NmD9E=
-55,-75,LoPDTdWBOlxxrI1wldjzpU5w8aM=,HODfRmJ2y8HGVbvamFaFZxvxXgc=
-59,-70,LoPDTdWBOlxxrI1wldjzpU5w8aM=,vOCLtSQGX8A2SUsIehnI10NmD9E=
-54,-72,LoPDTdWBOlxxrI1wldjzpU5w8aM=,vOCLtSQGX8A2SUsIehnI10NmD9E=
-56,-71,LoPDTdWBOlxxrI1wldjzpU5w8aM=,vOCLtSQGX8A2SUsIehnI10NmD9E=
-56,-74,LoPDTdWBOlxxrI1wldjzpU5w8aM=,HODfRmJ2y8HGVbvamFaFZxvxXgc=
-55,-73,LoPDTdWBOlxxrI1wldjzpU5w8aM=,HODfRmJ2y8HGVbvamFaFZxvxXgc=
-56,-75,LoPDTdWBOlxxrI1wldjzpU5w8aM=,HODfRmJ2y8HGVbvamFaFZxvxXgc=
-57,-68,LoPDTdWBOlxxrI1wldjzpU5w8aM=,vOCLtSQGX8A2SUsIehnI10NmD9E=
-58,-75,LoPDTdWBOlxxrI1wldjzpU5w8aM=,rqM9hNzH963f4tR/HGUtdoZa10M=
-54,-71,LoPDTdWBOlxxrI1wldjzpU5w8aM=,vOCLtSQGX8A2SUsIehnI10NmD9E=
-56,-72,LoPDTdWBOlxxrI1wldjzpU5w8aM=,vOCLtSQGX8A2SUsIehnI10NmD9E=
-57,-69,LoPDTdWBOlxxrI1wldjzpU5w8aM=,vOCLtSQGX8A2SUsIehnI10NmD9E=
-57,-75,LoPDTdWBOlxxrI1wldjzpU5w8aM=,rqM9hNzH963f4tR/HGUtdoZa10M=
-61,-75,LoPDTdWBOlxxrI1wldjzpU5w8aM=,rqM9hNzH963f4tR/HGUtdoZa10M=
-55,-71,LoPDTdWBOlxxrI1wldjzpU5w8aM=,vOCLtSQGX8A2SUsIehnI10NmD9E=
-59,-75,LoPDTdWBOlxxrI1wldjzpU5w8aM=,rqM9hNzH963f4tR/HGUtdoZa10M=
-61,-74,LoPDTdWBOlxxrI1wldjzpU5w8aM=,rqM9hNzH963f4tR/HGUtdoZa10M=
-54,-75,LoPDTdWBOlxxrI1wldjzpU5w8aM=,HODfRmJ2y8HGVbvamFaFZxvxXgc=
-57,-70,LoPDTdWBOlxxrI1wldjzpU5w8aM=,vOCLtSQGX8A2SUsIehnI10NmD9E=
-61,-69,LoPDTdWBOlxxrI1wldjzpU5w8aM=,vOCLtSQGX8A2SUsIehnI10NmD9E=
-60,-75,LoPDTdWBOlxxrI1wldjzpU5w8aM=,rqM9hNzH963f4tR/HGUtdoZa10M=
-58,-69,LoPDTdWBOlxxrI1wldjzpU5w8aM=,vOCLtSQGX8A2SUsIehnI10NmD9E=
-54,-70,LoPDTdWBOlxxrI1wldjzpU5w8aM=,vOCLtSQGX8A2SUsIehnI10NmD9E=
-60,-74,LoPDTdWBOlxxrI1wldjzpU5w8aM=,rqM9hNzH963f4tR/HGUtdoZa10M=
-59,-68,LoPDTdWBOlxxrI1wldjzpU5w8aM=,vOCLtSQGX8A2SUsIehnI10NmD9E=
-56,-73,LoPDTdWBOlxxrI1wldjzpU5w8aM=,HODfRmJ2y8HGVbvamFaFZxvxXgc=
-56,-68,LoPDTdWBOlxxrI1wldjzpU5w8aM=,vOCLtSQGX8A2SUsIehnI10NmD9E=
-56,-69,LoPDTdWBOlxxrI1wldjzpU5w8aM=,vOCLtSQGX8A2SUsIehnI10NmD9E=
-55,-70,LoPDTdWBOlxxrI1wldjzpU5w8aM=,vOCLtSQGX8A2SUsIehnI10NmD9E=
-60,-69,LoPDTdWBOlxxrI1wldjzpU5w8aM=,vOCLtSQGX8A2SUsIehnI10NmD9E=
-60,-70,LoPDTdWBOlxxrI1wldjzpU5w8aM=,vOCLtSQGX8A2SUsIehnI10NmD9E=
-58,-68,LoPDTdWBOlxxrI1wldjzpU5w8aM=,vOCLtSQGX8A2SUsIehnI10NmD9E=
-59,-74,LoPDTdWBOlxxrI1wldjzpU5w8aM=,rqM9hNzH963f4tR/HGUtdoZa10M=
-57,-72,LoPDTdWBOlxxrI1wldjzpU5w8aM=,vOCLtSQGX8A2SUsIehnI10NmD9E=
-58,-70,LoPDTdWBOlxxrI1wldjzpU5w8aM=,vOCLtSQGX8A2SUsIehnI10NmD9E=
-54,-73,LoPDTdWBOlxxrI1wldjzpU5w8aM=,HODfRmJ2y8HGVbvamFaFZxvxXgc=
-52,-66,G0Jn0/h/QxgNPXH9jblXHmGzhvk=,vOCLtSQGX8A2SUsIehnI10NmD9E=
-53,-66,G0Jn0/h/QxgNPXH9jblXHmGzhvk=,vOCLtSQGX8A2SUsIehnI10NmD9E=
-52,-67,G0Jn0/h/QxgNPXH9jblXHmGzhvk=,vOCLtSQGX8A2SUsIehnI10NmD9E=
-52,-65,G0Jn0/h/QxgNPXH9jblXHmGzhvk=,vOCLtSQGX8A2SUsIehnI10NmD9E=
-50,-68,G0Jn0/h/QxgNPXH9jblXHmGzhvk=,vOCLtSQGX8A2SUsIehnI10NmD9E=
-49,-69,G0Jn0/h/QxgNPXH9jblXHmGzhvk=,vOCLtSQGX8A2SUsIehnI10NmD9E=
-50,-69,G0Jn0/h/QxgNPXH9jblXHmGzhvk=,vOCLtSQGX8A2SUsIehnI10NmD9E=
-49,-68,G0Jn0/h/QxgNPXH9jblXHmGzhvk=,vOCLtSQGX8A2SUsIehnI10NmD9E=
-51,-69,G0Jn0/h/QxgNPXH9jblXHmGzhvk=,vOCLtSQGX8A2SUsIehnI10NmD9E=
-51,-68,G0Jn0/h/QxgNPXH9jblXHmGzhvk=,vOCLtSQGX8A2SUsIehnI10NmD9E=
-53,-67,G0Jn0/h/QxgNPXH9jblXHmGzhvk=,vOCLtSQGX8A2SUsIehnI10NmD9E=
-53,-65,G0Jn0/h/QxgNPXH9jblXHmGzhvk=,vOCLtSQGX8A2SUsIehnI10NmD9E=
-50,-74,G0Jn0/h/QxgNPXH9jblXHmGzhvk=,HODfRmJ2y8HGVbvamFaFZxvxXgc=
-50,-72,G0Jn0/h/QxgNPXH9jblXHmGzhvk=,vOCLtSQGX8A2SUsIehnI10NmD9E=
-49,-72,G0Jn0/h/QxgNPXH9jblXHmGzhvk=,vOCLtSQGX8A2SUsIehnI10NmD9E=
-49,-77,G0Jn0/h/QxgNPXH9jblXHmGzhvk=,HODfRmJ2y8HGVbvamFaFZxvxXgc=
-49,-75,G0Jn0/h/QxgNPXH9jblXHmGzhvk=,HODfRmJ2y8HGVbvamFaFZxvxXgc=
-51,-74,G0Jn0/h/QxgNPXH9jblXHmGzhvk=,HODfRmJ2y8HGVbvamFaFZxvxXgc=
-49,-74,G0Jn0/h/QxgNPXH9jblXHmGzhvk=,HODfRmJ2y8HGVbvamFaFZxvxXgc=
-51,-72,G0Jn0/h/QxgNPXH9jblXHmGzhvk=,vOCLtSQGX8A2SUsIehnI10NmD9E=
-51,-75,G0Jn0/h/QxgNPXH9jblXHmGzhvk=,HODfRmJ2y8HGVbvamFaFZxvxXgc=
-49,-71,G0Jn0/h/QxgNPXH9jblXHmGzhvk=,vOCLtSQGX8A2SUsIehnI10NmD9E=
-51,-77,G0Jn0/h/QxgNPXH9jblXHmGzhvk=,HODfRmJ2y8HGVbvamFaFZxvxXgc=
-50,-77,G0Jn0/h/QxgNPXH9jblXHmGzhvk=,HODfRmJ2y8HGVbvamFaFZxvxXgc=
-50,-70,G0Jn0/h/QxgNPXH9jblXHmGzhvk=,vOCLtSQGX8A2SUsIehnI10NmD9E=
-51,-70,G0Jn0/h/QxgNPXH9jblXHmGzhvk=,vOCLtSQGX8A2SUsIehnI10NmD9E=
-50,-76,G0Jn0/h/QxgNPXH9jblXHmGzhvk=,HODfRmJ2y8HGVbvamFaFZxvxXgc=
-50,-71,G0Jn0/h/QxgNPXH9jblXHmGzhvk=,vOCLtSQGX8A2SUsIehnI10NmD9E=
-51,-76,G0Jn0/h/QxgNPXH9jblXHmGzhvk=,HODfRmJ2y8HGVbvamFaFZxvxXgc=
-49,-73,G0Jn0/h/QxgNPXH9jblXHmGzhvk=,HODfRmJ2y8HGVbvamFaFZxvxXgc=
-50,-73,G0Jn0/h/QxgNPXH9jblXHmGzhvk=,HODfRmJ2y8HGVbvamFaFZxvxXgc=
-51,-71,G0Jn0/h/QxgNPXH9jblXHmGzhvk=,vOCLtSQGX8A2SUsIehnI10NmD9E=
-49,-76,G0Jn0/h/QxgNPXH9jblXHmGzhvk=,HODfRmJ2y8HGVbvamFaFZxvxXgc=
-50,-75,G0Jn0/h/QxgNPXH9jblXHmGzhvk=,HODfRmJ2y8HGVbvamFaFZxvxXgc=
-51,-73,G0Jn0/h/QxgNPXH9jblXHmGzhvk=,HODfRmJ2y8HGVbvamFaFZxvxXgc=
-49,-70,G0Jn0/h/QxgNPXH9jblXHmGzhvk=,vOCLtSQGX8A2SUsIehnI10NmD9E=
-52,-78,G0Jn0/h/QxgNPXH9jblXHmGzhvk=,HODfRmJ2y8HGVbvamFaFZxvxXgc=
-55,-80,G0Jn0/h/QxgNPXH9jblXHmGzhvk=,HODfRmJ2y8HGVbvamFaFZxvxXgc=
-54,-78,G0Jn0/h/QxgNPXH9jblXHmGzhvk=,HODfRmJ2y8HGVbvamFaFZxvxXgc=
-53,-79,G0Jn0/h/QxgNPXH9jblXHmGzhvk=,HODfRmJ2y8HGVbvamFaFZxvxXgc=
-52,-79,G0Jn0/h/QxgNPXH9jblXHmGzhvk=,HODfRmJ2y8HGVbvamFaFZxvxXgc=
-53,-78,G0Jn0/h/QxgNPXH9jblXHmGzhvk=,HODfRmJ2y8HGVbvamFaFZxvxXgc=
-56,-78,G0Jn0/h/QxgNPXH9jblXHmGzhvk=,HODfRmJ2y8HGVbvamFaFZxvxXgc=
-59,-78,G0Jn0/h/QxgNPXH9jblXHmGzhvk=,rqM9hNzH963f4tR/HGUtdoZa10M=
-59,-79,G0Jn0/h/QxgNPXH9jblXHmGzhvk=,rqM9hNzH963f4tR/HGUtdoZa10M=
-57,-79,G0Jn0/h/QxgNPXH9jblXHmGzhvk=,rqM9hNzH963f4tR/HGUtdoZa10M=
-55,-78,G0Jn0/h/QxgNPXH9jblXHmGzhvk=,HODfRmJ2y8HGVbvamFaFZxvxXgc=
-56,-79,G0Jn0/h/QxgNPXH9jblXHmGzhvk=,HODfRmJ2y8HGVbvamFaFZxvxXgc=
-58,-80,G0Jn0/h/QxgNPXH9jblXHmGzhvk=,rqM9hNzH963f4tR/HGUtdoZa10M=
-59,-80,G0Jn0/h/QxgNPXH9jblXHmGzhvk=,rqM9hNzH963f4tR/HGUtdoZa10M=
-54,-80,G0Jn0/h/QxgNPXH9jblXHmGzhvk=,HODfRmJ2y8HGVbvamFaFZxvxXgc=
-57,-80,G0Jn0/h/QxgNPXH9jblXHmGzhvk=,rqM9hNzH963f4tR/HGUtdoZa10M=
-52,-80,G0Jn0/h/QxgNPXH9jblXHmGzhvk=,HODfRmJ2y8HGVbvamFaFZxvxXgc=
-58,-78,G0Jn0/h/QxgNPXH9jblXHmGzhvk=,rqM9hNzH963f4tR/HGUtdoZa10M=
-55,-79,G0Jn0/h/QxgNPXH9jblXHmGzhvk=,HODfRmJ2y8HGVbvamFaFZxvxXgc=
-58,-79,G0Jn0/h/QxgNPXH9jblXHmGzhvk=,rqM9hNzH963f4tR/HGUtdoZa10M=
-57,-78,G0Jn0/h/QxgNPXH9jblXHmGzhvk=,rqM9hNzH963f4tR/HGUtdoZa10M=
-54,-79,G0Jn0/h/QxgNPXH9jblXHmGzhvk=,HODfRmJ2y8HGVbvamFaFZxvxXgc=
-53,-80,G0Jn0/h/QxgNPXH9jblXHmGzhvk=,HODfRmJ2y8HGVbvamFaFZxvxXgc=
-56,-80,G0Jn0/h/QxgNPXH9jblXHmGzhvk=,HODfRmJ2y8HGVbvamFaFZxvxXgc=
-49,-78,MTWwjE5pnFKKNhGc5XvLUnOEYHo=,HODfRmJ2y8HGVbvamFaFZxvxXgc=
-51,-80,MTWwjE5pnFKKNhGc5XvLUnOEYHo=,HODfRmJ2y8HGVbvamFaFZxvxXgc=
-50,-78,MTWwjE5pnFKKNhGc5XvLUnOEYHo=,HODfRmJ2y8HGVbvamFaFZxvxXgc=
-51,-79,MTWwjE5pnFKKNhGc5XvLUnOEYHo=,HODfRmJ2y8HGVbvamFaFZxvxXgc=
-50,-80,NxDuW5kNK1lp1Lob/ExALT3PJEQ=,HODfRmJ2y8HGVbvamFaFZxvxXgc=
-49,-79,NxDuW5kNK1lp1Lob/ExALT3PJEQ=,HODfRmJ2y8HGVbvamFaFZxvxXgc=
-50,-79,NxDuW5kNK1lp1Lob/ExALT3PJEQ=,HODfRmJ2y8HGVbvamFaFZxvxXgc=
-49,-80,NxDuW5kNK1lp1Lob/ExALT3PJEQ=,HODfRmJ2y8HGVbvamFaFZxvxXgc=
-63,-76,NxDuW5kNK1lp1Lob/ExALT3PJEQ=,rqM9hNzH963f4tR/HGUtdoZa10M=
-51,-78,NxDuW5kNK1lp1Lob/ExALT3PJEQ=,HODfRmJ2y8HGVbvamFaFZxvxXgc=
-62,-79,NxDuW5kNK1lp1Lob/ExALT3PJEQ=,rqM9hNzH963f4tR/HGUtdoZa10M=
-62,-76,NxDuW5kNK1lp1Lob/ExALT3PJEQ=,rqM9hNzH963f4tR/HGUtdoZa10M=
-64,-78,NxDuW5kNK1lp1Lob/ExALT3PJEQ=,rqM9hNzH963f4tR/HGUtdoZa10M=
-62,-78,NxDuW5kNK1lp1Lob/ExALT3PJEQ=,rqM9hNzH963f4tR/HGUtdoZa10M=
-63,-78,NxDuW5kNK1lp1Lob/ExALT3PJEQ=,rqM9hNzH963f4tR/HGUtdoZa10M=
-64,-79,NxDuW5kNK1lp1Lob/ExALT3PJEQ=,rqM9hNzH963f4tR/HGUtdoZa10M=
-63,-79,NxDuW5kNK1lp1Lob/ExALT3PJEQ=,rqM9hNzH963f4tR/HGUtdoZa10M=
-63,-80,NxDuW5kNK1lp1Lob/ExALT3PJEQ=,rqM9hNzH963f4tR/HGUtdoZa10M=
-64,-76,NxDuW5kNK1lp1Lob/ExALT3PJEQ=,rqM9hNzH963f4tR/HGUtdoZa10M=
-62,-77,NxDuW5kNK1lp1Lob/ExALT3PJEQ=,rqM9hNzH963f4tR/HGUtdoZa10M=
-63,-77,NxDuW5kNK1lp1Lob/ExALT3PJEQ=,rqM9hNzH963f4tR/HGUtdoZa10M=
-64,-77,NxDuW5kNK1lp1Lob/ExALT3PJEQ=,rqM9hNzH963f4tR/HGUtdoZa10M=
-62,-80,NxDuW5kNK1lp1Lob/ExALT3PJEQ=,rqM9hNzH963f4tR/HGUtdoZa10M=
-64,-80,NxDuW5kNK1lp1Lob/ExALT3PJEQ=,rqM9hNzH963f4tR/HGUtdoZa10M=
-62,-69,NxDuW5kNK1lp1Lob/ExALT3PJEQ=,vOCLtSQGX8A2SUsIehnI10NmD9E=
-62,-74,NxDuW5kNK1lp1Lob/ExALT3PJEQ=,rqM9hNzH963f4tR/HGUtdoZa10M=
-64,-71,NxDuW5kNK1lp1Lob/ExALT3PJEQ=,vOCLtSQGX8A2SUsIehnI10NmD9E=
-63,-75,NxDuW5kNK1lp1Lob/ExALT3PJEQ=,rqM9hNzH963f4tR/HGUtdoZa10M=
-62,-70,NxDuW5kNK1lp1Lob/ExALT3PJEQ=,vOCLtSQGX8A2SUsIehnI10NmD9E=
-63,-70,NxDuW5kNK1lp1Lob/ExALT3PJEQ=,vOCLtSQGX8A2SUsIehnI10NmD9E=
-64,-70,NxDuW5kNK1lp1Lob/ExALT3PJEQ=,vOCLtSQGX8A2SUsIehnI10NmD9E=
-63,-74,NxDuW5kNK1lp1Lob/ExALT3PJEQ=,rqM9hNzH963f4tR/HGUtdoZa10M=
-62,-72,NxDuW5kNK1lp1Lob/ExALT3PJEQ=,vOCLtSQGX8A2SUsIehnI10NmD9E=
-63,-68,NxDuW5kNK1lp1Lob/ExALT3PJEQ=,vOCLtSQGX8A2SUsIehnI10NmD9E=
-55,-65,NxDuW5kNK1lp1Lob/ExALT3PJEQ=,vOCLtSQGX8A2SUsIehnI10NmD9E=
-57,-65,NxDuW5kNK1lp1Lob/ExALT3PJEQ=,vOCLtSQGX8A2SUsIehnI10NmD9E=
-56,-66,NxDuW5kNK1lp1Lob/ExALT3PJEQ=,vOCLtSQGX8A2SUsIehnI10NmD9E=
-59,-65,NxDuW5kNK1lp1Lob/ExALT3PJEQ=,vOCLtSQGX8A2SUsIehnI10NmD9E=
-62,-68,NxDuW5kNK1lp1Lob/ExALT3PJEQ=,vOCLtSQGX8A2SUsIehnI10NmD9E=
-63,-69,NxDuW5kNK1lp1Lob/ExALT3PJEQ=,vOCLtSQGX8A2SUsIehnI10NmD9E=
-61,-66,NxDuW5kNK1lp1Lob/ExALT3PJEQ=,vOCLtSQGX8A2SUsIehnI10NmD9E=
-54,-67,NxDuW5kNK1lp1Lob/ExALT3PJEQ=,vOCLtSQGX8A2SUsIehnI10NmD9E=
-64,-68,NxDuW5kNK1lp1Lob/ExALT3PJEQ=,vOCLtSQGX8A2SUsIehnI10NmD9E=
-58,-65,NxDuW5kNK1lp1Lob/ExALT3PJEQ=,vOCLtSQGX8A2SUsIehnI10NmD9E=
-54,-66,NxDuW5kNK1lp1Lob/ExALT3PJEQ=,vOCLtSQGX8A2SUsIehnI10NmD9E=
-56,-65,NxDuW5kNK1lp1Lob/ExALT3PJEQ=,vOCLtSQGX8A2SUsIehnI10NmD9E=
-55,-66,NxDuW5kNK1lp1Lob/ExALT3PJEQ=,vOCLtSQGX8A2SUsIehnI10NmD9E=
-54,-65,NxDuW5kNK1lp1Lob/ExALT3PJEQ=,vOCLtSQGX8A2SUsIehnI10NmD9E=
-62,-66,NxDuW5kNK1lp1Lob/ExALT3PJEQ=,vOCLtSQGX8A2SUsIehnI10NmD9E=
-59,-66,NxDuW5kNK1lp1Lob/ExALT3PJEQ=,vOCLtSQGX8A2SUsIehnI10NmD9E=
-63,-66,NxDuW5kNK1lp1Lob/ExALT3PJEQ=,vOCLtSQGX8A2SUsIehnI10NmD9E=
-55,-67,NxDuW5kNK1lp1Lob/ExALT3PJEQ=,vOCLtSQGX8A2SUsIehnI10NmD9E=
-58,-67,NxDuW5kNK1lp1Lob/ExALT3PJEQ=,vOCLtSQGX8A2SUsIehnI10NmD9E=
-61,-65,NxDuW5kNK1lp1Lob/ExALT3PJEQ=,vOCLtSQGX8A2SUsIehnI10NmD9E=
-61,-67,NxDuW5kNK1lp1Lob/ExALT3PJEQ=,vOCLtSQGX8A2SUsIehnI10NmD9E=
-58,-66,NxDuW5kNK1lp1Lob/ExALT3PJEQ=,vOCLtSQGX8A2SUsIehnI10NmD9E=
-57,-67,NxDuW5kNK1lp1Lob/ExALT3PJEQ=,vOCLtSQGX8A2SUsIehnI10NmD9E=
-64,-65,NxDuW5kNK1lp1Lob/ExALT3PJEQ=,vOCLtSQGX8A2SUsIehnI10NmD9E=
-63,-65,NxDuW5kNK1lp1Lob/ExALT3PJEQ=,vOCLtSQGX8A2SUsIehnI10NmD9E=
-62,-67,NxDuW5kNK1lp1Lob/ExALT3PJEQ=,vOCLtSQGX8A2SUsIehnI10NmD9E=
-60,-66,NxDuW5kNK1lp1Lob/ExALT3PJEQ=,vOCLtSQGX8A2SUsIehnI10NmD9E=
-63,-67,NxDuW5kNK1lp1Lob/ExALT3PJEQ=,vOCLtSQGX8A2SUsIehnI10NmD9E=
-60,-65,NxDuW5kNK1lp1Lob/ExALT3PJEQ=,vOCLtSQGX8A2SUsIehnI10NmD9E=
-62,-65,NxDuW5kNK1lp1Lob/ExALT3PJEQ=,vOCLtSQGX8A2SUsIehnI10NmD9E=
-62,-71,NxDuW5kNK1lp1Lob/ExALT3PJEQ=,vOCLtSQGX8A2SUsIehnI10NmD9E=
-62,-75,NxDuW5kNK1lp1Lob/ExALT3PJEQ=,rqM9hNzH963f4tR/HGUtdoZa10M=
-64,-66,NxDuW5kNK1lp1Lob/ExALT3PJEQ=,vOCLtSQGX8A2SUsIehnI10NmD9E=
-64,-75,NxDuW5kNK1lp1Lob/ExALT3PJEQ=,rqM9hNzH963f4tR/HGUtdoZa10M=
-62,-73,NxDuW5kNK1lp1Lob/ExALT3PJEQ=,rqM9hNzH963f4tR/HGUtdoZa10M=
-63,-73,NxDuW5kNK1lp1Lob/ExALT3PJEQ=,rqM9hNzH963f4tR/HGUtdoZa10M=
-57,-66,NxDuW5kNK1lp1Lob/ExALT3PJEQ=,vOCLtSQGX8A2SUsIehnI10NmD9E=
-64,-67,NxDuW5kNK1lp1Lob/ExALT3PJEQ=,vOCLtSQGX8A2SUsIehnI10NmD9E=
-64,-73,NxDuW5kNK1lp1Lob/ExALT3PJEQ=,rqM9hNzH963f4tR/HGUtdoZa10M=
-56,-67,NxDuW5kNK1lp1Lob/ExALT3PJEQ=,vOCLtSQGX8A2SUsIehnI10NmD9E=
-59,-67,NxDuW5kNK1lp1Lob/ExALT3PJEQ=,vOCLtSQGX8A2SUsIehnI10NmD9E=
-60,-67,NxDuW5kNK1lp1Lob/ExALT3PJEQ=,vOCLtSQGX8A2SUsIehnI10NmD9E=
-64,-74,NxDuW5kNK1lp1Lob/ExALT3PJEQ=,rqM9hNzH963f4tR/HGUtdoZa10M=
-64,-72,NxDuW5kNK1lp1Lob/ExALT3PJEQ=,vOCLtSQGX8A2SUsIehnI10NmD9E=
-63,-72,NxDuW5kNK1lp1Lob/ExALT3PJEQ=,vOCLtSQGX8A2SUsIehnI10NmD9E=
-63,-71,NxDuW5kNK1lp1Lob/ExALT3PJEQ=,vOCLtSQGX8A2SUsIehnI10NmD9E=
-64,-69,NxDuW5kNK1lp1Lob/ExALT3PJEQ=,vOCLtSQGX8A2SUsIehnI10NmD9E=
-50,-65,NxDuW5kNK1lp1Lob/ExALT3PJEQ=,vOCLtSQGX8A2SUsIehnI10NmD9E=
-51,-65,NxDuW5kNK1lp1Lob/ExALT3PJEQ=,vOCLtSQGX8A2SUsIehnI10NmD9E=
-49,-65,NxDuW5kNK1lp1Lob/ExALT3PJEQ=,vOCLtSQGX8A2SUsIehnI10NmD9E=
-50,-67,NxDuW5kNK1lp1Lob/ExALT3PJEQ=,vOCLtSQGX8A2SUsIehnI10NmD9E=
-49,-67,NxDuW5kNK1lp1Lob/ExALT3PJEQ=,vOCLtSQGX8A2SUsIehnI10NmD9E=
-51,-67,NxDuW5kNK1lp1Lob/ExALT3PJEQ=,vOCLtSQGX8A2SUsIehnI10NmD9E=
-50,-66,NxDuW5kNK1lp1Lob/ExALT3PJEQ=,vOCLtSQGX8A2SUsIehnI10NmD9E=
-51,-66,NxDuW5kNK1lp1Lob/ExALT3PJEQ=,vOCLtSQGX8A2SUsIehnI10NmD9E=
-49,-66,NxDuW5kNK1lp1Lob/ExALT3PJEQ=,vOCLtSQGX8A2SUsIehnI10NmD9E=
