99,67,u7lBWlqSu0qzAQDmyMX7wNV3iM4=,QeorYEzgUb9CuWuFNhOShefapV8=
99,68,u7lBWlqSu0qzAQDmyMX7wNV3iM4=,QeorYEzgUb9CuWuFNhOShefapV8=
100,68,u7lBWlqSu0qzAQDmyMX7wNV3iM4=,QeorYEzgUb9CuWuFNhOShefapV8=
100,67,u7lBWlqSu0qzAQDmyMX7wNV3iM4=,QeorYEzgUb9CuWuFNhOShefapV8=
106,68,96sWG1nuS4XnnsHBXnZbyD6I0Ag=,FPxjmT2BwkAHrV6alqxA50A93G0=
101,67,96sWG1nuS4XnnsHBXnZbyD6I0Ag=,QeorYEzgUb9CuWuFNhOShefapV8=
104,68,/aCvxKiN1MaXQRn+ik+0gHF2fOM=,FPxjmT2BwkAHrV6alqxA50A93G0=
107,68,/aCvxKiN1MaXQRn+ik+0gHF2fOM=,FPxjmT2BwkAHrV6alqxA50A93G0=
105,68,/aCvxKiN1MaXQRn+ik+0gHF2fOM=,FPxjmT2BwkAHrV6alqxA50A93G0=
105,67,/aCvxKiN1MaXQRn+ik+0gHF2fOM=,FPxjmT2BwkAHrV6alqxA50A93G0=
108,67,/aCvxKiN1MaXQRn+ik+0gHF2fOM=,FPxjmT2BwkAHrV6alqxA50A93G0=
102,68,/aCvxKiN1MaXQRn+ik+0gHF2fOM=,QeorYEzgUb9CuWuFNhOShefapV8=
107,67,/aCvxKiN1MaXQRn+ik+0gHF2fOM=,FPxjmT2BwkAHrV6alqxA50A93G0=
106,67,/aCvxKiN1MaXQRn+ik+0gHF2fOM=,FPxjmT2BwkAHrV6alqxA50A93G0=
103,68,/aCvxKiN1MaXQRn+ik+0gHF2fOM=,QeorYEzgUb9CuWuFNhOShefapV8=
108,68,/aCvxKiN1MaXQRn+ik+0gHF2fOM=,FPxjmT2BwkAHrV6alqxA50A93G0=
103,67,/aCvxKiN1MaXQRn+ik+0gHF2fOM=,QeorYEzgUb9CuWuFNhOShefapV8=
102,67,/aCvxKiN1MaXQRn+ik+0gHF2fOM=,QeorYEzgUb9CuWuFNhOShefapV8=
104,67,/aCvxKiN1MaXQRn+ik+0gHF2fOM=,FPxjmT2BwkAHrV6alqxA50A93G0=
101,68,/aCvxKiN1MaXQRn+ik+0gHF2fOM=,QeorYEzgUb9CuWuFNhOShefapV8=
110,67,dNUngjiKnKebVwQXGcBBNSI/M/Y=,FPxjmT2BwkAHrV6alqxA50A93G0=
109,68,dNUngjiKnKebVwQXGcBBNSI/M/Y=,FPxjmT2BwkAHrV6alqxA50A93G0=
109,67,VbJsut9KX3XrBkPLoVXqex0zSbQ=,FPxjmT2BwkAHrV6alqxA50A93G0=
110,68,VbJsut9KX3XrBkPLoVXqex0zSbQ=,FPxjmT2BwkAHrV6alqxA50A93G0=
111,68,VbJsut9KX3XrBkPLoVXqex0zSbQ=,FPxjmT2BwkAHrV6alqxA50A93G0=
111,67,VbJsut9KX3XrBkPLoVXqex0zSbQ=,FPxjmT2BwkAHrV6alqxA50A93G0=
98,75,VbJsut9KX3XrBkPLoVXqex0zSbQ=,g5sdfn3X2WAa3OvJIZkNGq8h+ek=
99,72,VbJsut9KX3XrBkPLoVXqex0zSbQ=,g5sdfn3X2WAa3OvJIZkNGq8h+ek=
100,78,VbJsut9KX3XrBkPLoVXqex0zSbQ=,g5sdfn3X2WAa3OvJIZkNGq8h+ek=
99,78,pjDs+88cc5vN5ncAgf5YW1aeWOM=,g5sdfn3X2WAa3OvJIZkNGq8h+ek=
99,75,pjDs+88cc5vN5ncAgf5YW1aeWOM=,g5sdfn3X2WAa3OvJIZkNGq8h+ek=
100,72,pjDs+88cc5vN5ncAgf5YW1aeWOM=,g5sdfn3X2WAa3OvJIZkNGq8h+ek=
100,74,pjDs+88cc5vN5ncAgf5YW1aeWOM=,g5sdfn3X2WAa3OvJIZkNGq8h+ek=
100,75,pjDs+88cc5vN5ncAgf5YW1aeWOM=,g5sdfn3X2WAa3OvJIZkNGq8h+ek=
99,71,pjDs+88cc5vN5ncAgf5YW1aeWOM=,QeorYEzgUb9CuWuFNhOShefapV8=
96,75,pjDs+88cc5vN5ncAgf5YW1aeWOM=,g5sdfn3X2WAa3OvJIZkNGq8h+ek=
100,69,pjDs+88cc5vN5ncAgf5YW1aeWOM=,QeorYEzgUb9CuWuFNhOShefapV8=
100,73,pjDs+88cc5vN5ncAgf5YW1aeWOM=,g5sdfn3X2WAa3OvJIZkNGq8h+ek=
99,73,pjDs+88cc5vN5ncAgf5YW1aeWOM=,g5sdfn3X2WAa3OvJIZkNGq8h+ek=
100,76,pjDs+88cc5vN5ncAgf5YW1aeWOM=,g5sdfn3X2WAa3OvJIZkNGq8h+ek=
96,76,pjDs+88cc5vN5ncAgf5YW1aeWOM=,g5sdfn3X2WAa3OvJIZkNGq8h+ek=
97,75,pjDs+88cc5vN5ncAgf5YW1aeWOM=,g5sdfn3X2WAa3OvJIZkNGq8h+ek=
97,76,pjDs+88cc5vN5ncAgf5YW1aeWOM=,g5sdfn3X2WAa3OvJIZkNGq8h+ek=
99,70,pjDs+88cc5vN5ncAgf5YW1aeWOM=,QeorYEzgUb9CuWuFNhOShefapV8=
99,79,pjDs+88cc5vN5ncAgf5YW1aeWOM=,g5sdfn3X2WAa3OvJIZkNGq8h+ek=
99,76,pjDs+88cc5vN5ncAgf5YW1aeWOM=,g5sdfn3X2WAa3OvJIZkNGq8h+ek=
100,79,pjDs+88cc5vN5ncAgf5YW1aeWOM=,g5sdfn3X2WAa3OvJIZkNGq8h+ek=
98,76,pjDs+88cc5vN5ncAgf5YW1aeWOM=,g5sdfn3X2WAa3OvJIZkNGq8h+ek=
100,77,pjDs+88cc5vN5ncAgf5YW1aeWOM=,g5sdfn3X2WAa3OvJIZkNGq8h+ek=
99,69,pjDs+88cc5vN5ncAgf5YW1aeWOM=,QeorYEzgUb9CuWuFNhOShefapV8=
100,71,pjDs+88cc5vN5ncAgf5YW1aeWOM=,QeorYEzgUb9CuWuFNhOShefapV8=
99,77,pjDs+88cc5vN5ncAgf5YW1aeWOM=,g5sdfn3X2WAa3OvJIZkNGq8h+ek=
100,70,pjDs+88cc5vN5ncAgf5YW1aeWOM=,QeorYEzgUb9CuWuFNhOShefapV8=
99,74,pjDs+88cc5vN5ncAgf5YW1aeWOM=,g5sdfn3X2WAa3OvJIZkNGq8h+ek=
109,74,pjDs+88cc5vN5ncAgf5YW1aeWOM=,Ve0aqudsPg6NZPzULXHiacEFpMI=
107,69,pjDs+88cc5vN5ncAgf5YW1aeWOM=,FPxjmT2BwkAHrV6alqxA50A93G0=
107,71,pw3X6812GT7zn4gO1b2m475c8PE=,FPxjmT2BwkAHrV6alqxA50A93G0=
106,71,pw3X6812GT7zn4gO1b2m475c8PE=,FPxjmT2BwkAHrV6alqxA50A93G0=
105,71,pw3X6812GT7zn4gO1b2m475c8PE=,FPxjmT2BwkAHrV6alqxA50A93G0=
102,74,pw3X6812GT7zn4gO1b2m475c8PE=,g5sdfn3X2WAa3OvJIZkNGq8h+ek=
108,74,pw3X6812GT7zn4gO1b2m475c8PE=,Ve0aqudsPg6NZPzULXHiacEFpMI=
103,74,pw3X6812GT7zn4gO1b2m475c8PE=,g5sdfn3X2WAa3OvJIZkNGq8h+ek=
106,69,pw3X6812GT7zn4gO1b2m475c8PE=,FPxjmT2BwkAHrV6alqxA50A93G0=
107,74,pw3X6812GT7zn4gO1b2m475c8PE=,Ve0aqudsPg6NZPzULXHiacEFpMI=
101,74,pw3X6812GT7zn4gO1b2m475c8PE=,g5sdfn3X2WAa3OvJIZkNGq8h+ek=
104,71,pw3X6812GT7zn4gO1b2m475c8PE=,FPxjmT2BwkAHrV6alqxA50A93G0=
105,73,pw3X6812GT7zn4gO1b2m475c8PE=,Ve0aqudsPg6NZPzULXHiacEFpMI=
104,73,pw3X6812GT7zn4gO1b2m475c8PE=,Ve0aqudsPg6NZPzULXHiacEFpMI=
108,72,pw3X6812GT7zn4gO1b2m475c8PE=,Ve0aqudsPg6NZPzULXHiacEFpMI=
104,74,pw3X6812GT7zn4gO1b2m475c8PE=,Ve0aqudsPg6NZPzULXHiacEFpMI=
103,73,pw3X6812GT7zn4gO1b2m475c8PE=,g5sdfn3X2WAa3OvJIZkNGq8h+ek=
105,72,pw3X6812GT7zn4gO1b2m475c8PE=,Ve0aqudsPg6NZPzULXHiacEFpMI=
105,74,pw3X6812GT7zn4gO1b2m475c8PE=,Ve0aqudsPg6NZPzULXHiacEFpMI=
104,72,pw3X6812GT7zn4gO1b2m475c8PE=,Ve0aqudsPg6NZPzULXHiacEFpMI=
101,73,pw3X6812GT7zn4gO1b2m475c8PE=,g5sdfn3X2WAa3OvJIZkNGq8h+ek=
106,72,pw3X6812GT7zn4gO1b2m475c8PE=,Ve0aqudsPg6NZPzULXHiacEFpMI=
106,74,pw3X6812GT7zn4gO1b2m475c8PE=,Ve0aqudsPg6NZPzULXHiacEFpMI=
103,70,pw3X6812GT7zn4gO1b2m475c8PE=,QeorYEzgUb9CuWuFNhOShefapV8=
102,70,pw3X6812GT7zn4gO1b2m475c8PE=,QeorYEzgUb9CuWuFNhOShefapV8=
111,72,pw3X6812GT7zn4gO1b2m475c8PE=,Ve0aqudsPg6NZPzULXHiacEFpMI=
101,70,pw3X6812GT7zn4gO1b2m475c8PE=,QeorYEzgUb9CuWuFNhOShefapV8=
102,73,pw3X6812GT7zn4gO1b2m475c8PE=,g5sdfn3X2WAa3OvJIZkNGq8h+ek=
102,71,pw3X6812GT7zn4gO1b2m475c8PE=,QeorYEzgUb9CuWuFNhOShefapV8=
101,71,pw3X6812GT7zn4gO1b2m475c8PE=,QeorYEzgUb9CuWuFNhOShefapV8=
109,73,pw3X6812GT7zn4gO1b2m475c8PE=,Ve0aqudsPg6NZPzULXHiacEFpMI=
103,71,pw3X6812GT7zn4gO1b2m475c8PE=,QeorYEzgUb9CuWuFNhOShefapV8=
110,72,pw3X6812GT7zn4gO1b2m475c8PE=,Ve0aqudsPg6NZPzULXHiacEFpMI=
109,72,pw3X6812GT7zn4gO1b2m475c8PE=,Ve0aqudsPg6NZPzULXHiacEFpMI=
105,69,pw3X6812GT7zn4gO1b2m475c8PE=,FPxjmT2BwkAHrV6alqxA50A93G0=
107,75,pw3X6812GT7zn4gO1b2m475c8PE=,Ve0aqudsPg6NZPzULXHiacEFpMI=
106,70,pw3X6812GT7zn4gO1b2m475c8PE=,FPxjmT2BwkAHrV6alqxA50A93G0=
103,69,pw3X6812GT7zn4gO1b2m475c8PE=,QeorYEzgUb9CuWuFNhOShefapV8=
103,76,pw3X6812GT7zn4gO1b2m475c8PE=,g5sdfn3X2WAa3OvJIZkNGq8h+ek=
107,70,pw3X6812GT7zn4gO1b2m475c8PE=,FPxjmT2BwkAHrV6alqxA50A93G0=
101,76,pw3X6812GT7zn4gO1b2m475c8PE=,g5sdfn3X2WAa3OvJIZkNGq8h+ek=
105,75,pw3X6812GT7zn4gO1b2m475c8PE=,Ve0aqudsPg6NZPzULXHiacEFpMI=
109,71,pw3X6812GT7zn4gO1b2m475c8PE=,FPxjmT2BwkAHrV6alqxA50A93G0=
105,70,pw3X6812GT7zn4gO1b2m475c8PE=,FPxjmT2BwkAHrV6alqxA50A93G0=
102,76,pw3X6812GT7zn4gO1b2m475c8PE=,g5sdfn3X2WAa3OvJIZkNGq8h+ek=
106,73,pw3X6812GT7zn4gO1b2m475c8PE=,Ve0aqudsPg6NZPzULXHiacEFpMI=
108,73,pw3X6812GT7zn4gO1b2m475c8PE=,Ve0aqudsPg6NZPzULXHiacEFpMI=
104,70,pw3X6812GT7zn4gO1b2m475c8PE=,FPxjmT2BwkAHrV6alqxA50A93G0=
109,76,pw3X6812GT7zn4gO1b2m475c8PE=,Ve0aqudsPg6NZPzULXHiacEFpMI=
106,75,pw3X6812GT7zn4gO1b2m475c8PE=,Ve0aqudsPg6NZPzULXHiacEFpMI=
107,76,pw3X6812GT7zn4gO1b2m475c8PE=,Ve0aqudsPg6NZPzULXHiacEFpMI=
108,76,pw3X6812GT7zn4gO1b2m475c8PE=,Ve0aqudsPg6NZPzULXHiacEFpMI=
106,76,pw3X6812GT7zn4gO1b2m475c8PE=,Ve0aqudsPg6NZPzULXHiacEFpMI=
105,76,pw3X6812GT7zn4gO1b2m475c8PE=,Ve0aqudsPg6NZPzULXHiacEFpMI=
102,72,pw3X6812GT7zn4gO1b2m475c8PE=,g5sdfn3X2WAa3OvJIZkNGq8h+ek=
110,76,pw3X6812GT7zn4gO1b2m475c8PE=,Ve0aqudsPg6NZPzULXHiacEFpMI=
109,75,pw3X6812GT7zn4gO1b2m475c8PE=,Ve0aqudsPg6NZPzULXHiacEFpMI=
104,76,pw3X6812GT7zn4gO1b2m475c8PE=,Ve0aqudsPg6NZPzULXHiacEFpMI=
103,72,pw3X6812GT7zn4gO1b2m475c8PE=,g5sdfn3X2WAa3OvJIZkNGq8h+ek=
103,75,pw3X6812GT7zn4gO1b2m475c8PE=,g5sdfn3X2WAa3OvJIZkNGq8h+ek=
102,69,pw3X6812GT7zn4gO1b2m475c8PE=,QeorYEzgUb9CuWuFNhOShefapV8=
111,75,pw3X6812GT7zn4gO1b2m475c8PE=,Ve0aqudsPg6NZPzULXHiacEFpMI=
101,72,pw3X6812GT7zn4gO1b2m475c8PE=,g5sdfn3X2WAa3OvJIZkNGq8h+ek=
110,75,pw3X6812GT7zn4gO1b2m475c8PE=,Ve0aqudsPg6NZPzULXHiacEFpMI=
111,70,pw3X6812GT7zn4gO1b2m475c8PE=,FPxjmT2BwkAHrV6alqxA50A93G0=
108,75,pw3X6812GT7zn4gO1b2m475c8PE=,Ve0aqudsPg6NZPzULXHiacEFpMI=
110,71,pw3X6812GT7zn4gO1b2m475c8PE=,FPxjmT2BwkAHrV6alqxA50A93G0=
111,74,pw3X6812GT7zn4gO1b2m475c8PE=,Ve0aqudsPg6NZPzULXHiacEFpMI=
104,75,pw3X6812GT7zn4gO1b2m475c8PE=,Ve0aqudsPg6NZPzULXHiacEFpMI=
102,75,pw3X6812GT7zn4gO1b2m475c8PE=,g5sdfn3X2WAa3OvJIZkNGq8h+ek=
110,69,pw3X6812GT7zn4gO1b2m475c8PE=,FPxjmT2BwkAHrV6alqxA50A93G0=
111,76,pw3X6812GT7zn4gO1b2m475c8PE=,Ve0aqudsPg6NZPzULXHiacEFpMI=
104,69,pw3X6812GT7zn4gO1b2m475c8PE=,FPxjmT2BwkAHrV6alqxA50A93G0=
101,75,pw3X6812GT7zn4gO1b2m475c8PE=,g5sdfn3X2WAa3OvJIZkNGq8h+ek=
110,74,pw3X6812GT7zn4gO1b2m475c8PE=,Ve0aqudsPg6NZPzULXHiacEFpMI=
107,73,pw3X6812GT7zn4gO1b2m475c8PE=,Ve0aqudsPg6NZPzULXHiacEFpMI=
109,69,pw3X6812GT7zn4gO1b2m475c8PE=,FPxjmT2BwkAHrV6alqxA50A93G0=
101,69,pw3X6812GT7zn4gO1b2m475c8PE=,QeorYEzgUb9CuWuFNhOShefapV8=
111,69,pw3X6812GT7zn4gO1b2m475c8PE=,FPxjmT2BwkAHrV6alqxA50A93G0=
111,73,pw3X6812GT7zn4gO1b2m475c8PE=,Ve0aqudsPg6NZPzULXHiacEFpMI=
108,71,pw3X6812GT7zn4gO1b2m475c8PE=,FPxjmT2BwkAHrV6alqxA50A93G0=
108,70,pw3X6812GT7zn4gO1b2m475c8PE=,FPxjmT2BwkAHrV6alqxA50A93G0=
107,72,pw3X6812GT7zn4gO1b2m475c8PE=,Ve0aqudsPg6NZPzULXHiacEFpMI=
110,70,pw3X6812GT7zn4gO1b2m475c8PE=,FPxjmT2BwkAHrV6alqxA50A93G0=
110,73,pw3X6812GT7zn4gO1b2m475c8PE=,Ve0aqudsPg6NZPzULXHiacEFpMI=
109,70,pw3X6812GT7zn4gO1b2m475c8PE=,FPxjmT2BwkAHrV6alqxA50A93G0=
108,69,pw3X6812GT7zn4gO1b2m475c8PE=,FPxjmT2BwkAHrV6alqxA50A93G0=
103,77,pw3X6812GT7zn4gO1b2m475c8PE=,g5sdfn3X2WAa3OvJIZkNGq8h+ek=
103,79,pw3X6812GT7zn4gO1b2m475c8PE=,g5sdfn3X2WAa3OvJIZkNGq8h+ek=
111,71,pw3X6812GT7zn4gO1b2m475c8PE=,FPxjmT2BwkAHrV6alqxA50A93G0=
104,77,pw3X6812GT7zn4gO1b2m475c8PE=,Ve0aqudsPg6NZPzULXHiacEFpMI=
101,79,pw3X6812GT7zn4gO1b2m475c8PE=,g5sdfn3X2WAa3OvJIZkNGq8h+ek=
107,79,pw3X6812GT7zn4gO1b2m475c8PE=,Ve0aqudsPg6NZPzULXHiacEFpMI=
105,77,pw3X6812GT7zn4gO1b2m475c8PE=,Ve0aqudsPg6NZPzULXHiacEFpMI=
102,78,pw3X6812GT7zn4gO1b2m475c8PE=,g5sdfn3X2WAa3OvJIZkNGq8h+ek=
101,78,pw3X6812GT7zn4gO1b2m475c8PE=,g5sdfn3X2WAa3OvJIZkNGq8h+ek=
106,77,pw3X6812GT7zn4gO1b2m475c8PE=,Ve0aqudsPg6NZPzULXHiacEFpMI=
108,78,pw3X6812GT7zn4gO1b2m475c8PE=,Ve0aqudsPg6NZPzULXHiacEFpMI=
107,77,pw3X6812GT7zn4gO1b2m475c8PE=,Ve0aqudsPg6NZPzULXHiacEFpMI=
108,79,pw3X6812GT7zn4gO1b2m475c8PE=,Ve0aqudsPg6NZPzULXHiacEFpMI=
104,79,pw3X6812GT7zn4gO1b2m475c8PE=,Ve0aqudsPg6NZPzULXHiacEFpMI=
101,77,pw3X6812GT7zn4gO1b2m475c8PE=,g5sdfn3X2WAa3OvJIZkNGq8h+ek=
102,77,pw3X6812GT7zn4gO1b2m475c8PE=,g5sdfn3X2WAa3OvJIZkNGq8h+ek=
108,77,pw3X6812GT7zn4gO1b2m475c8PE=,Ve0aqudsPg6NZPzULXHiacEFpMI=
105,79,pw3X6812GT7zn4gO1b2m475c8PE=,Ve0aqudsPg6NZPzULXHiacEFpMI=
102,79,pw3X6812GT7zn4gO1b2m475c8PE=,g5sdfn3X2WAa3OvJIZkNGq8h+ek=
107,78,pw3X6812GT7zn4gO1b2m475c8PE=,Ve0aqudsPg6NZPzULXHiacEFpMI=
106,78,pw3X6812GT7zn4gO1b2m475c8PE=,Ve0aqudsPg6NZPzULXHiacEFpMI=
103,78,pw3X6812GT7zn4gO1b2m475c8PE=,g5sdfn3X2WAa3OvJIZkNGq8h+ek=
106,79,pw3X6812GT7zn4gO1b2m475c8PE=,Ve0aqudsPg6NZPzULXHiacEFpMI=
104,78,pw3X6812GT7zn4gO1b2m475c8PE=,Ve0aqudsPg6NZPzULXHiacEFpMI=
109,77,pw3X6812GT7zn4gO1b2m475c8PE=,Ve0aqudsPg6NZPzULXHiacEFpMI=
105,78,pw3X6812GT7zn4gO1b2m475c8PE=,Ve0aqudsPg6NZPzULXHiacEFpMI=
109,79,pw3X6812GT7zn4gO1b2m475c8PE=,Ve0aqudsPg6NZPzULXHiacEFpMI=
109,78,pw3X6812GT7zn4gO1b2m475c8PE=,Ve0aqudsPg6NZPzULXHiacEFpMI=
110,79,pw3X6812GT7zn4gO1b2m475c8PE=,Ve0aqudsPg6NZPzULXHiacEFpMI=
110,78,pw3X6812GT7zn4gO1b2m475c8PE=,Ve0aqudsPg6NZPzULXHiacEFpMI=
111,78,pw3X6812GT7zn4gO1b2m475c8PE=,Ve0aqudsPg6NZPzULXHiacEFpMI=
110,77,pw3X6812GT7zn4gO1b2m475c8PE=,Ve0aqudsPg6NZPzULXHiacEFpMI=
111,79,pw3X6812GT7zn4gO1b2m475c8PE=,Ve0aqudsPg6NZPzULXHiacEFpMI=
111,77,pw3X6812GT7zn4gO1b2m475c8PE=,Ve0aqudsPg6NZPzULXHiacEFpMI=
97,78,pw3X6812GT7zn4gO1b2m475c8PE=,g5sdfn3X2WAa3OvJIZkNGq8h+ek=
98,78,pw3X6812GT7zn4gO1b2m475c8PE=,g5sdfn3X2WAa3OvJIZkNGq8h+ek=
96,78,pw3X6812GT7zn4gO1b2m475c8PE=,g5sdfn3X2WAa3OvJIZkNGq8h+ek=
98,79,pw3X6812GT7zn4gO1b2m475c8PE=,g5sdfn3X2WAa3OvJIZkNGq8h+ek=
96,77,pw3X6812GT7zn4gO1b2m475c8PE=,g5sdfn3X2WAa3OvJIZkNGq8h+ek=
97,77,pw3X6812GT7zn4gO1b2m475c8PE=,g5sdfn3X2WAa3OvJIZkNGq8h+ek=
96,79,pw3X6812GT7zn4gO1b2m475c8PE=,g5sdfn3X2WAa3OvJIZkNGq8h+ek=
98,77,pw3X6812GT7zn4gO1b2m475c8PE=,g5sdfn3X2WAa3OvJIZkNGq8h+ek=
97,79,pw3X6812GT7zn4gO1b2m475c8PE=,g5sdfn3X2WAa3OvJIZkNGq8h+ek=
99,66,v0t4ZcSjJpivuC06v+MgFmKHd/c=,QeorYEzgUb9CuWuFNhOShefapV8=
100,66,Ktxy9++/i8y/DSwABseK6E/RBa0=,QeorYEzgUb9CuWuFNhOShefapV8=
100,65,Ktxy9++/i8y/DSwABseK6E/RBa0=,QeorYEzgUb9CuWuFNhOShefapV8=
100,64,Ktxy9++/i8y/DSwABseK6E/RBa0=,QeorYEzgUb9CuWuFNhOShefapV8=
99,65,Ktxy9++/i8y/DSwABseK6E/RBa0=,QeorYEzgUb9CuWuFNhOShefapV8=
96,72,Ktxy9++/i8y/DSwABseK6E/RBa0=,g5sdfn3X2WAa3OvJIZkNGq8h+ek=
99,64,Ktxy9++/i8y/DSwABseK6E/RBa0=,QeorYEzgUb9CuWuFNhOShefapV8=
98,70,Ktxy9++/i8y/DSwABseK6E/RBa0=,QeorYEzgUb9CuWuFNhOShefapV8=
96,70,Ktxy9++/i8y/DSwABseK6E/RBa0=,QeorYEzgUb9CuWuFNhOShefapV8=
97,66,Ktxy9++/i8y/DSwABseK6E/RBa0=,QeorYEzgUb9CuWuFNhOShefapV8=
96,66,Ktxy9++/i8y/DSwABseK6E/RBa0=,QeorYEzgUb9CuWuFNhOShefapV8=
98,65,Ktxy9++/i8y/DSwABseK6E/RBa0=,QeorYEzgUb9CuWuFNhOShefapV8=
96,71,Ktxy9++/i8y/DSwABseK6E/RBa0=,QeorYEzgUb9CuWuFNhOShefapV8=
96,74,Ktxy9++/i8y/DSwABseK6E/RBa0=,g5sdfn3X2WAa3OvJIZkNGq8h+ek=
96,73,Ktxy9++/i8y/DSwABseK6E/RBa0=,g5sdfn3X2WAa3OvJIZkNGq8h+ek=
97,73,Ktxy9++/i8y/DSwABseK6E/RBa0=,g5sdfn3X2WAa3OvJIZkNGq8h+ek=
98,73,Ktxy9++/i8y/DSwABseK6E/RBa0=,g5sdfn3X2WAa3OvJIZkNGq8h+ek=
98,67,Ktxy9++/i8y/DSwABseK6E/RBa0=,QeorYEzgUb9CuWuFNhOShefapV8=
98,64,Ktxy9++/i8y/DSwABseK6E/RBa0=,QeorYEzgUb9CuWuFNhOShefapV8=
96,68,Ktxy9++/i8y/DSwABseK6E/RBa0=,QeorYEzgUb9CuWuFNhOShefapV8=
98,74,Ktxy9++/i8y/DSwABseK6E/RBa0=,g5sdfn3X2WAa3OvJIZkNGq8h+ek=
98,66,Ktxy9++/i8y/DSwABseK6E/RBa0=,QeorYEzgUb9CuWuFNhOShefapV8=
97,64,Ktxy9++/i8y/DSwABseK6E/RBa0=,QeorYEzgUb9CuWuFNhOShefapV8=
98,69,Ktxy9++/i8y/DSwABseK6E/RBa0=,QeorYEzgUb9CuWuFNhOShefapV8=
96,67,Ktxy9++/i8y/DSwABseK6E/RBa0=,QeorYEzgUb9CuWuFNhOShefapV8=
97,67,Ktxy9++/i8y/DSwABseK6E/RBa0=,QeorYEzgUb9CuWuFNhOShefapV8=
98,71,ShcF/F9FYtTvzzCMhzfbhaaz9g4=,QeorYEzgUb9CuWuFNhOShefapV8=
97,74,ShcF/F9FYtTvzzCMhzfbhaaz9g4=,g5sdfn3X2WAa3OvJIZkNGq8h+ek=
97,69,ShcF/F9FYtTvzzCMhzfbhaaz9g4=,QeorYEzgUb9CuWuFNhOShefapV8=
98,72,ShcF/F9FYtTvzzCMhzfbhaaz9g4=,g5sdfn3X2WAa3OvJIZkNGq8h+ek=
97,70,ShcF/F9FYtTvzzCMhzfbhaaz9g4=,QeorYEzgUb9CuWuFNhOShefapV8=
98,68,ShcF/F9FYtTvzzCMhzfbhaaz9g4=,QeorYEzgUb9CuWuFNhOShefapV8=
97,68,ShcF/F9FYtTvzzCMhzfbhaaz9g4=,QeorYEzgUb9CuWuFNhOShefapV8=
97,71,ShcF/F9FYtTvzzCMhzfbhaaz9g4=,QeorYEzgUb9CuWuFNhOShefapV8=
97,72,ShcF/F9FYtTvzzCMhzfbhaaz9g4=,g5sdfn3X2WAa3OvJIZkNGq8h+ek=
96,64,ShcF/F9FYtTvzzCMhzfbhaaz9g4=,QeorYEzgUb9CuWuFNhOShefapV8=
97,65,ShcF/F9FYtTvzzCMhzfbhaaz9g4=,QeorYEzgUb9CuWuFNhOShefapV8=
96,69,ShcF/F9FYtTvzzCMhzfbhaaz9g4=,QeorYEzgUb9CuWuFNhOShefapV8=
96,65,ShcF/F9FYtTvzzCMhzfbhaaz9g4=,QeorYEzgUb9CuWuFNhOShefapV8=
110,66,ShcF/F9FYtTvzzCMhzfbhaaz9g4=,FPxjmT2BwkAHrV6alqxA50A93G0=
101,66,ShcF/F9FYtTvzzCMhzfbhaaz9g4=,QeorYEzgUb9CuWuFNhOShefapV8=
109,66,ShcF/F9FYtTvzzCMhzfbhaaz9g4=,FPxjmT2BwkAHrV6alqxA50A93G0=
111,65,ShcF/F9FYtTvzzCMhzfbhaaz9g4=,FPxjmT2BwkAHrV6alqxA50A93G0=
106,66,ShcF/F9FYtTvzzCMhzfbhaaz9g4=,FPxjmT2BwkAHrV6alqxA50A93G0=
106,64,ShcF/F9FYtTvzzCMhzfbhaaz9g4=,FPxjmT2BwkAHrV6alqxA50A93G0=
108,64,ShcF/F9FYtTvzzCMhzfbhaaz9g4=,FPxjmT2BwkAHrV6alqxA50A93G0=
109,64,ShcF/F9FYtTvzzCMhzfbhaaz9g4=,FPxjmT2BwkAHrV6alqxA50A93G0=
108,65,ShcF/F9FYtTvzzCMhzfbhaaz9g4=,FPxjmT2BwkAHrV6alqxA50A93G0=
107,64,ShcF/F9FYtTvzzCMhzfbhaaz9g4=,FPxjmT2BwkAHrV6alqxA50A93G0=
103,65,ShcF/F9FYtTvzzCMhzfbhaaz9g4=,QeorYEzgUb9CuWuFNhOShefapV8=
101,64,ShcF/F9FYtTvzzCMhzfbhaaz9g4=,QeorYEzgUb9CuWuFNhOShefapV8=
104,65,ShcF/F9FYtTvzzCMhzfbhaaz9g4=,FPxjmT2BwkAHrV6alqxA50A93G0=
110,65,ShcF/F9FYtTvzzCMhzfbhaaz9g4=,FPxjmT2BwkAHrV6alqxA50A93G0=
111,64,ShcF/F9FYtTvzzCMhzfbhaaz9g4=,FPxjmT2BwkAHrV6alqxA50A93G0=
101,65,ShcF/F9FYtTvzzCMhzfbhaaz9g4=,QeorYEzgUb9CuWuFNhOShefapV8=
104,64,ShcF/F9FYtTvzzCMhzfbhaaz9g4=,FPxjmT2BwkAHrV6alqxA50A93G0=
103,66,ShcF/F9FYtTvzzCMhzfbhaaz9g4=,QeorYEzgUb9CuWuFNhOShefapV8=
108,66,ShcF/F9FYtTvzzCMhzfbhaaz9g4=,FPxjmT2BwkAHrV6alqxA50A93G0=
104,66,ShcF/F9FYtTvzzCMhzfbhaaz9g4=,FPxjmT2BwkAHrV6alqxA50A93G0=
102,66,ShcF/F9FYtTvzzCMhzfbhaaz9g4=,QeorYEzgUb9CuWuFNhOShefapV8=
107,65,ShcF/F9FYtTvzzCMhzfbhaaz9g4=,FPxjmT2BwkAHrV6alqxA50A93G0=
107,66,ShcF/F9FYtTvzzCMhzfbhaaz9g4=,FPxjmT2BwkAHrV6alqxA50A93G0=
106,65,ShcF/F9FYtTvzzCMhzfbhaaz9g4=,FPxjmT2BwkAHrV6alqxA50A93G0=
103,64,ShcF/F9FYtTvzzCMhzfbhaaz9g4=,QeorYEzgUb9CuWuFNhOShefapV8=
109,65,ShcF/F9FYtTvzzCMhzfbhaaz9g4=,FPxjmT2BwkAHrV6alqxA50A93G0=
105,64,ShcF/F9FYtTvzzCMhzfbhaaz9g4=,FPxjmT2BwkAHrV6alqxA50A93G0=
102,64,ShcF/F9FYtTvzzCMhzfbhaaz9g4=,QeorYEzgUb9CuWuFNhOShefapV8=
111,66,ShcF/F9FYtTvzzCMhzfbhaaz9g4=,FPxjmT2BwkAHrV6alqxA50A93G0=
110,64,ShcF/F9FYtTvzzCMhzfbhaaz9g4=,FPxjmT2BwkAHrV6alqxA50A93G0=
102,65,ShcF/F9FYtTvzzCMhzfbhaaz9g4=,QeorYEzgUb9CuWuFNhOShefapV8=
105,66,ShcF/F9FYtTvzzCMhzfbhaaz9g4=,FPxjmT2BwkAHrV6alqxA50A93G0=
105,65,ShcF/F9FYtTvzzCMhzfbhaaz9g4=,FPxjmT2BwkAHrV6alqxA50A93G0=
100,91,jg1Xi5bldBj/qKrOPlKL/WZK65M=,8hwrxXlq5OH4NoI2/OxPkquCqIo=
99,92,jg1Xi5bldBj/qKrOPlKL/WZK65M=,8hwrxXlq5OH4NoI2/OxPkquCqIo=
99,91,jg1Xi5bldBj/qKrOPlKL/WZK65M=,8hwrxXlq5OH4NoI2/OxPkquCqIo=
100,92,jg1Xi5bldBj/qKrOPlKL/WZK65M=,8hwrxXlq5OH4NoI2/OxPkquCqIo=
107,91,QzjD5oM9X4COjkZ96GRjBsrHzQA=,Ru+X4fP+4Jeq5wMmMASvPDMCRh8=
107,92,QzjD5oM9X4COjkZ96GRjBsrHzQA=,Ru+X4fP+4Jeq5wMmMASvPDMCRh8=
105,92,QzjD5oM9X4COjkZ96GRjBsrHzQA=,Ru+X4fP+4Jeq5wMmMASvPDMCRh8=
103,92,QzjD5oM9X4COjkZ96GRjBsrHzQA=,8hwrxXlq5OH4NoI2/OxPkquCqIo=
108,92,QzjD5oM9X4COjkZ96GRjBsrHzQA=,Ru+X4fP+4Jeq5wMmMASvPDMCRh8=
106,92,QzjD5oM9X4COjkZ96GRjBsrHzQA=,Ru+X4fP+4Jeq5wMmMASvPDMCRh8=
102,92,jbgDFni/hkZxMMDlav/V+CxqsYI=,8hwrxXlq5OH4NoI2/OxPkquCqIo=
105,91,jbgDFni/hkZxMMDlav/V+CxqsYI=,Ru+X4fP+4Jeq5wMmMASvPDMCRh8=
108,91,jbgDFni/hkZxMMDlav/V+CxqsYI=,Ru+X4fP+4Jeq5wMmMASvPDMCRh8=
101,92,+PmnHsTjgFtvaTw4awx9I+EMlKg=,8hwrxXlq5OH4NoI2/OxPkquCqIo=
102,91,+PmnHsTjgFtvaTw4awx9I+EMlKg=,8hwrxXlq5OH4NoI2/OxPkquCqIo=
104,92,+PmnHsTjgFtvaTw4awx9I+EMlKg=,Ru+X4fP+4Jeq5wMmMASvPDMCRh8=
104,91,+PmnHsTjgFtvaTw4awx9I+EMlKg=,Ru+X4fP+4Jeq5wMmMASvPDMCRh8=
101,91,+PmnHsTjgFtvaTw4awx9I+EMlKg=,8hwrxXlq5OH4NoI2/OxPkquCqIo=
103,91,+PmnHsTjgFtvaTw4awx9I+EMlKg=,8hwrxXlq5OH4NoI2/OxPkquCqIo=
107,84,+PmnHsTjgFtvaTw4awx9I+EMlKg=,bd506eVnBsGDvXydgzSNLtf6Peg=
106,91,+PmnHsTjgFtvaTw4awx9I+EMlKg=,Ru+X4fP+4Jeq5wMmMASvPDMCRh8=
108,84,+PmnHsTjgFtvaTw4awx9I+EMlKg=,bd506eVnBsGDvXydgzSNLtf6Peg=
108,83,+PmnHsTjgFtvaTw4awx9I+EMlKg=,bd506eVnBsGDvXydgzSNLtf6Peg=
107,87,+PmnHsTjgFtvaTw4awx9I+EMlKg=,bd506eVnBsGDvXydgzSNLtf6Peg=
107,83,+PmnHsTjgFtvaTw4awx9I+EMlKg=,bd506eVnBsGDvXydgzSNLtf6Peg=
107,88,+PmnHsTjgFtvaTw4awx9I+EMlKg=,Ru+X4fP+4Jeq5wMmMASvPDMCRh8=
107,86,+PmnHsTjgFtvaTw4awx9I+EMlKg=,bd506eVnBsGDvXydgzSNLtf6Peg=
108,85,+PmnHsTjgFtvaTw4awx9I+EMlKg=,bd506eVnBsGDvXydgzSNLtf6Peg=
107,85,+PmnHsTjgFtvaTw4awx9I+EMlKg=,bd506eVnBsGDvXydgzSNLtf6Peg=
108,90,+PmnHsTjgFtvaTw4awx9I+EMlKg=,Ru+X4fP+4Jeq5wMmMASvPDMCRh8=
108,86,+PmnHsTjgFtvaTw4awx9I+EMlKg=,bd506eVnBsGDvXydgzSNLtf6Peg=
107,89,+PmnHsTjgFtvaTw4awx9I+EMlKg=,Ru+X4fP+4Jeq5wMmMASvPDMCRh8=
107,90,+PmnHsTjgFtvaTw4awx9I+EMlKg=,Ru+X4fP+4Jeq5wMmMASvPDMCRh8=
97,92,+PmnHsTjgFtvaTw4awx9I+EMlKg=,8hwrxXlq5OH4NoI2/OxPkquCqIo=
108,87,+PmnHsTjgFtvaTw4awx9I+EMlKg=,bd506eVnBsGDvXydgzSNLtf6Peg=
108,88,+PmnHsTjgFtvaTw4awx9I+EMlKg=,Ru+X4fP+4Jeq5wMmMASvPDMCRh8=
96,91,+PmnHsTjgFtvaTw4awx9I+EMlKg=,8hwrxXlq5OH4NoI2/OxPkquCqIo=
97,91,+PmnHsTjgFtvaTw4awx9I+EMlKg=,8hwrxXlq5OH4NoI2/OxPkquCqIo=
96,92,+PmnHsTjgFtvaTw4awx9I+EMlKg=,8hwrxXlq5OH4NoI2/OxPkquCqIo=
98,91,+PmnHsTjgFtvaTw4awx9I+EMlKg=,8hwrxXlq5OH4NoI2/OxPkquCqIo=
98,92,+PmnHsTjgFtvaTw4awx9I+EMlKg=,8hwrxXlq5OH4NoI2/OxPkquCqIo=
108,89,+PmnHsTjgFtvaTw4awx9I+EMlKg=,Ru+X4fP+4Jeq5wMmMASvPDMCRh8=
102,88,+PmnHsTjgFtvaTw4awx9I+EMlKg=,8hwrxXlq5OH4NoI2/OxPkquCqIo=
96,86,+PmnHsTjgFtvaTw4awx9I+EMlKg=,g5sdfn3X2WAa3OvJIZkNGq8h+ek=
104,87,+PmnHsTjgFtvaTw4awx9I+EMlKg=,bd506eVnBsGDvXydgzSNLtf6Peg=
106,84,+PmnHsTjgFtvaTw4awx9I+EMlKg=,bd506eVnBsGDvXydgzSNLtf6Peg=
97,85,+PmnHsTjgFtvaTw4awx9I+EMlKg=,g5sdfn3X2WAa3OvJIZkNGq8h+ek=
100,88,+PmnHsTjgFtvaTw4awx9I+EMlKg=,8hwrxXlq5OH4NoI2/OxPkquCqIo=
98,85,+PmnHsTjgFtvaTw4awx9I+EMlKg=,g5sdfn3X2WAa3OvJIZkNGq8h+ek=
96,85,+PmnHsTjgFtvaTw4awx9I+EMlKg=,g5sdfn3X2WAa3OvJIZkNGq8h+ek=
98,88,+PmnHsTjgFtvaTw4awx9I+EMlKg=,8hwrxXlq5OH4NoI2/OxPkquCqIo=
103,84,+PmnHsTjgFtvaTw4awx9I+EMlKg=,g5sdfn3X2WAa3OvJIZkNGq8h+ek=
103,87,+PmnHsTjgFtvaTw4awx9I+EMlKg=,g5sdfn3X2WAa3OvJIZkNGq8h+ek=
97,88,+PmnHsTjgFtvaTw4awx9I+EMlKg=,8hwrxXlq5OH4NoI2/OxPkquCqIo=
99,84,+PmnHsTjgFtvaTw4awx9I+EMlKg=,g5sdfn3X2WAa3OvJIZkNGq8h+ek=
98,84,+PmnHsTjgFtvaTw4awx9I+EMlKg=,g5sdfn3X2WAa3OvJIZkNGq8h+ek=
96,84,+PmnHsTjgFtvaTw4awx9I+EMlKg=,g5sdfn3X2WAa3OvJIZkNGq8h+ek=
100,84,+PmnHsTjgFtvaTw4awx9I+EMlKg=,g5sdfn3X2WAa3OvJIZkNGq8h+ek=
96,88,+PmnHsTjgFtvaTw4awx9I+EMlKg=,8hwrxXlq5OH4NoI2/OxPkquCqIo=
102,83,+PmnHsTjgFtvaTw4awx9I+EMlKg=,g5sdfn3X2WAa3OvJIZkNGq8h+ek=
97,84,+PmnHsTjgFtvaTw4awx9I+EMlKg=,g5sdfn3X2WAa3OvJIZkNGq8h+ek=
100,83,+PmnHsTjgFtvaTw4awx9I+EMlKg=,g5sdfn3X2WAa3OvJIZkNGq8h+ek=
103,83,+PmnHsTjgFtvaTw4awx9I+EMlKg=,g5sdfn3X2WAa3OvJIZkNGq8h+ek=
102,84,+PmnHsTjgFtvaTw4awx9I+EMlKg=,g5sdfn3X2WAa3OvJIZkNGq8h+ek=
101,88,+PmnHsTjgFtvaTw4awx9I+EMlKg=,8hwrxXlq5OH4NoI2/OxPkquCqIo=
101,83,+PmnHsTjgFtvaTw4awx9I+EMlKg=,g5sdfn3X2WAa3OvJIZkNGq8h+ek=
104,89,+PmnHsTjgFtvaTw4awx9I+EMlKg=,Ru+X4fP+4Jeq5wMmMASvPDMCRh8=
104,86,+PmnHsTjgFtvaTw4awx9I+EMlKg=,bd506eVnBsGDvXydgzSNLtf6Peg=
106,88,+PmnHsTjgFtvaTw4awx9I+EMlKg=,Ru+X4fP+4Jeq5wMmMASvPDMCRh8=
103,85,+PmnHsTjgFtvaTw4awx9I+EMlKg=,g5sdfn3X2WAa3OvJIZkNGq8h+ek=
102,85,+PmnHsTjgFtvaTw4awx9I+EMlKg=,g5sdfn3X2WAa3OvJIZkNGq8h+ek=
96,83,+PmnHsTjgFtvaTw4awx9I+EMlKg=,g5sdfn3X2WAa3OvJIZkNGq8h+ek=
99,83,+PmnHsTjgFtvaTw4awx9I+EMlKg=,g5sdfn3X2WAa3OvJIZkNGq8h+ek=
98,83,+PmnHsTjgFtvaTw4awx9I+EMlKg=,g5sdfn3X2WAa3OvJIZkNGq8h+ek=
100,87,+PmnHsTjgFtvaTw4awx9I+EMlKg=,g5sdfn3X2WAa3OvJIZkNGq8h+ek=
106,90,+PmnHsTjgFtvaTw4awx9I+EMlKg=,Ru+X4fP+4Jeq5wMmMASvPDMCRh8=
101,89,+PmnHsTjgFtvaTw4awx9I+EMlKg=,8hwrxXlq5OH4NoI2/OxPkquCqIo=
101,87,+PmnHsTjgFtvaTw4awx9I+EMlKg=,g5sdfn3X2WAa3OvJIZkNGq8h+ek=
105,89,+PmnHsTjgFtvaTw4awx9I+EMlKg=,Ru+X4fP+4Jeq5wMmMASvPDMCRh8=
98,87,+PmnHsTjgFtvaTw4awx9I+EMlKg=,g5sdfn3X2WAa3OvJIZkNGq8h+ek=
96,87,+PmnHsTjgFtvaTw4awx9I+EMlKg=,g5sdfn3X2WAa3OvJIZkNGq8h+ek=
104,88,+PmnHsTjgFtvaTw4awx9I+EMlKg=,Ru+X4fP+4Jeq5wMmMASvPDMCRh8=
106,83,+PmnHsTjgFtvaTw4awx9I+EMlKg=,bd506eVnBsGDvXydgzSNLtf6Peg=
106,85,+PmnHsTjgFtvaTw4awx9I+EMlKg=,bd506eVnBsGDvXydgzSNLtf6Peg=
103,89,+PmnHsTjgFtvaTw4awx9I+EMlKg=,8hwrxXlq5OH4NoI2/OxPkquCqIo=
101,85,+PmnHsTjgFtvaTw4awx9I+EMlKg=,g5sdfn3X2WAa3OvJIZkNGq8h+ek=
97,83,+PmnHsTjgFtvaTw4awx9I+EMlKg=,g5sdfn3X2WAa3OvJIZkNGq8h+ek=
103,86,+PmnHsTjgFtvaTw4awx9I+EMlKg=,g5sdfn3X2WAa3OvJIZkNGq8h+ek=
102,87,+PmnHsTjgFtvaTw4awx9I+EMlKg=,g5sdfn3X2WAa3OvJIZkNGq8h+ek=
102,86,+PmnHsTjgFtvaTw4awx9I+EMlKg=,g5sdfn3X2WAa3OvJIZkNGq8h+ek=
106,86,+PmnHsTjgFtvaTw4awx9I+EMlKg=,bd506eVnBsGDvXydgzSNLtf6Peg=
97,87,+PmnHsTjgFtvaTw4awx9I+EMlKg=,g5sdfn3X2WAa3OvJIZkNGq8h+ek=
105,83,+PmnHsTjgFtvaTw4awx9I+EMlKg=,bd506eVnBsGDvXydgzSNLtf6Peg=
104,85,+PmnHsTjgFtvaTw4awx9I+EMlKg=,bd506eVnBsGDvXydgzSNLtf6Peg=
102,90,+PmnHsTjgFtvaTw4awx9I+EMlKg=,8hwrxXlq5OH4NoI2/OxPkquCqIo=
100,85,+PmnHsTjgFtvaTw4awx9I+EMlKg=,g5sdfn3X2WAa3OvJIZkNGq8h+ek=
101,86,+PmnHsTjgFtvaTw4awx9I+EMlKg=,g5sdfn3X2WAa3OvJIZkNGq8h+ek=
105,85,+PmnHsTjgFtvaTw4awx9I+EMlKg=,bd506eVnBsGDvXydgzSNLtf6Peg=
104,83,+PmnHsTjgFtvaTw4awx9I+EMlKg=,bd506eVnBsGDvXydgzSNLtf6Peg=
103,90,+PmnHsTjgFtvaTw4awx9I+EMlKg=,8hwrxXlq5OH4NoI2/OxPkquCqIo=
99,86,+PmnHsTjgFtvaTw4awx9I+EMlKg=,g5sdfn3X2WAa3OvJIZkNGq8h+ek=
99,85,+PmnHsTjgFtvaTw4awx9I+EMlKg=,g5sdfn3X2WAa3OvJIZkNGq8h+ek=
98,86,+PmnHsTjgFtvaTw4awx9I+EMlKg=,g5sdfn3X2WAa3OvJIZkNGq8h+ek=
106,87,+PmnHsTjgFtvaTw4awx9I+EMlKg=,bd506eVnBsGDvXydgzSNLtf6Peg=
105,87,+PmnHsTjgFtvaTw4awx9I+EMlKg=,bd506eVnBsGDvXydgzSNLtf6Peg=
100,86,+PmnHsTjgFtvaTw4awx9I+EMlKg=,g5sdfn3X2WAa3OvJIZkNGq8h+ek=
97,86,+PmnHsTjgFtvaTw4awx9I+EMlKg=,g5sdfn3X2WAa3OvJIZkNGq8h+ek=
97,89,+PmnHsTjgFtvaTw4awx9I+EMlKg=,8hwrxXlq5OH4NoI2/OxPkquCqIo=
96,89,+PmnHsTjgFtvaTw4awx9I+EMlKg=,8hwrxXlq5OH4NoI2/OxPkquCqIo=
99,87,+PmnHsTjgFtvaTw4awx9I+EMlKg=,g5sdfn3X2WAa3OvJIZkNGq8h+ek=
98,90,+PmnHsTjgFtvaTw4awx9I+EMlKg=,8hwrxXlq5OH4NoI2/OxPkquCqIo=
105,90,+PmnHsTjgFtvaTw4awx9I+EMlKg=,Ru+X4fP+4Jeq5wMmMASvPDMCRh8=
104,90,+PmnHsTjgFtvaTw4awx9I+EMlKg=,Ru+X4fP+4Jeq5wMmMASvPDMCRh8=
100,89,+PmnHsTjgFtvaTw4awx9I+EMlKg=,8hwrxXlq5OH4NoI2/OxPkquCqIo=
99,89,+PmnHsTjgFtvaTw4awx9I+EMlKg=,8hwrxXlq5OH4NoI2/OxPkquCqIo=
105,84,+PmnHsTjgFtvaTw4awx9I+EMlKg=,bd506eVnBsGDvXydgzSNLtf6Peg=
104,84,+PmnHsTjgFtvaTw4awx9I+EMlKg=,bd506eVnBsGDvXydgzSNLtf6Peg=
99,90,+PmnHsTjgFtvaTw4awx9I+EMlKg=,8hwrxXlq5OH4NoI2/OxPkquCqIo=
99,88,+PmnHsTjgFtvaTw4awx9I+EMlKg=,8hwrxXlq5OH4NoI2/OxPkquCqIo=
97,90,+PmnHsTjgFtvaTw4awx9I+EMlKg=,8hwrxXlq5OH4NoI2/OxPkquCqIo=
105,88,+PmnHsTjgFtvaTw4awx9I+EMlKg=,Ru+X4fP+4Jeq5wMmMASvPDMCRh8=
105,86,+PmnHsTjgFtvaTw4awx9I+EMlKg=,bd506eVnBsGDvXydgzSNLtf6Peg=
101,84,+PmnHsTjgFtvaTw4awx9I+EMlKg=,g5sdfn3X2WAa3OvJIZkNGq8h+ek=
100,90,+PmnHsTjgFtvaTw4awx9I+EMlKg=,8hwrxXlq5OH4NoI2/OxPkquCqIo=
103,88,+PmnHsTjgFtvaTw4awx9I+EMlKg=,8hwrxXlq5OH4NoI2/OxPkquCqIo=
98,89,+PmnHsTjgFtvaTw4awx9I+EMlKg=,8hwrxXlq5OH4NoI2/OxPkquCqIo=
101,90,+PmnHsTjgFtvaTw4awx9I+EMlKg=,8hwrxXlq5OH4NoI2/OxPkquCqIo=
106,89,+PmnHsTjgFtvaTw4awx9I+EMlKg=,Ru+X4fP+4Jeq5wMmMASvPDMCRh8=
96,90,+PmnHsTjgFtvaTw4awx9I+EMlKg=,8hwrxXlq5OH4NoI2/OxPkquCqIo=
102,89,+PmnHsTjgFtvaTw4awx9I+EMlKg=,8hwrxXlq5OH4NoI2/OxPkquCqIo=
109,84,5onUvB62beaiiEZBtFsKtaqcwx0=,bd506eVnBsGDvXydgzSNLtf6Peg=
109,83,5onUvB62beaiiEZBtFsKtaqcwx0=,bd506eVnBsGDvXydgzSNLtf6Peg=
111,83,0By2f/kJynd1HNmxq5e2njUUv60=,bd506eVnBsGDvXydgzSNLtf6Peg=
110,83,0By2f/kJynd1HNmxq5e2njUUv60=,bd506eVnBsGDvXydgzSNLtf6Peg=
110,84,0By2f/kJynd1HNmxq5e2njUUv60=,bd506eVnBsGDvXydgzSNLtf6Peg=
111,84,0By2f/kJynd1HNmxq5e2njUUv60=,bd506eVnBsGDvXydgzSNLtf6Peg=
109,86,0By2f/kJynd1HNmxq5e2njUUv60=,bd506eVnBsGDvXydgzSNLtf6Peg=
110,86,0By2f/kJynd1HNmxq5e2njUUv60=,bd506eVnBsGDvXydgzSNLtf6Peg=
111,88,0By2f/kJynd1HNmxq5e2njUUv60=,Ru+X4fP+4Jeq5wMmMASvPDMCRh8=
109,88,0By2f/kJynd1HNmxq5e2njUUv60=,Ru+X4fP+4Jeq5wMmMASvPDMCRh8=
110,87,0By2f/kJynd1HNmxq5e2njUUv60=,bd506eVnBsGDvXydgzSNLtf6Peg=
110,85,0By2f/kJynd1HNmxq5e2njUUv60=,bd506eVnBsGDvXydgzSNLtf6Peg=
110,88,0By2f/kJynd1HNmxq5e2njUUv60=,Ru+X4fP+4Jeq5wMmMASvPDMCRh8=
109,89,0By2f/kJynd1HNmxq5e2njUUv60=,Ru+X4fP+4Jeq5wMmMASvPDMCRh8=
111,87,0By2f/kJynd1HNmxq5e2njUUv60=,bd506eVnBsGDvXydgzSNLtf6Peg=
110,89,0By2f/kJynd1HNmxq5e2njUUv60=,Ru+X4fP+4Jeq5wMmMASvPDMCRh8=
110,90,0By2f/kJynd1HNmxq5e2njUUv60=,Ru+X4fP+4Jeq5wMmMASvPDMCRh8=
111,86,0By2f/kJynd1HNmxq5e2njUUv60=,bd506eVnBsGDvXydgzSNLtf6Peg=
111,90,0By2f/kJynd1HNmxq5e2njUUv60=,Ru+X4fP+4Jeq5wMmMASvPDMCRh8=
109,92,0By2f/kJynd1HNmxq5e2njUUv60=,Ru+X4fP+4Jeq5wMmMASvPDMCRh8=
111,89,0By2f/kJynd1HNmxq5e2njUUv60=,Ru+X4fP+4Jeq5wMmMASvPDMCRh8=
110,91,0By2f/kJynd1HNmxq5e2njUUv60=,Ru+X4fP+4Jeq5wMmMASvPDMCRh8=
109,85,0By2f/kJynd1HNmxq5e2njUUv60=,bd506eVnBsGDvXydgzSNLtf6Peg=
111,91,0By2f/kJynd1HNmxq5e2njUUv60=,Ru+X4fP+4Jeq5wMmMASvPDMCRh8=
109,90,0By2f/kJynd1HNmxq5e2njUUv60=,Ru+X4fP+4Jeq5wMmMASvPDMCRh8=
100,81,0By2f/kJynd1HNmxq5e2njUUv60=,g5sdfn3X2WAa3OvJIZkNGq8h+ek=
100,82,0By2f/kJynd1HNmxq5e2njUUv60=,g5sdfn3X2WAa3OvJIZkNGq8h+ek=
99,81,0By2f/kJynd1HNmxq5e2njUUv60=,g5sdfn3X2WAa3OvJIZkNGq8h+ek=
111,85,0By2f/kJynd1HNmxq5e2njUUv60=,bd506eVnBsGDvXydgzSNLtf6Peg=
99,82,0By2f/kJynd1HNmxq5e2njUUv60=,g5sdfn3X2WAa3OvJIZkNGq8h+ek=
109,87,0By2f/kJynd1HNmxq5e2njUUv60=,bd506eVnBsGDvXydgzSNLtf6Peg=
111,92,0By2f/kJynd1HNmxq5e2njUUv60=,Ru+X4fP+4Jeq5wMmMASvPDMCRh8=
100,80,0By2f/kJynd1HNmxq5e2njUUv60=,g5sdfn3X2WAa3OvJIZkNGq8h+ek=
99,80,0By2f/kJynd1HNmxq5e2njUUv60=,g5sdfn3X2WAa3OvJIZkNGq8h+ek=
101,82,0By2f/kJynd1HNmxq5e2njUUv60=,g5sdfn3X2WAa3OvJIZkNGq8h+ek=
105,82,0By2f/kJynd1HNmxq5e2njUUv60=,bd506eVnBsGDvXydgzSNLtf6Peg=
109,91,0By2f/kJynd1HNmxq5e2njUUv60=,Ru+X4fP+4Jeq5wMmMASvPDMCRh8=
102,82,0By2f/kJynd1HNmxq5e2njUUv60=,g5sdfn3X2WAa3OvJIZkNGq8h+ek=
103,81,0By2f/kJynd1HNmxq5e2njUUv60=,g5sdfn3X2WAa3OvJIZkNGq8h+ek=
108,81,0By2f/kJynd1HNmxq5e2njUUv60=,bd506eVnBsGDvXydgzSNLtf6Peg=
104,82,0By2f/kJynd1HNmxq5e2njUUv60=,bd506eVnBsGDvXydgzSNLtf6Peg=
108,82,0By2f/kJynd1HNmxq5e2njUUv60=,bd506eVnBsGDvXydgzSNLtf6Peg=
106,82,0By2f/kJynd1HNmxq5e2njUUv60=,bd506eVnBsGDvXydgzSNLtf6Peg=
105,81,0By2f/kJynd1HNmxq5e2njUUv60=,bd506eVnBsGDvXydgzSNLtf6Peg=
103,82,0By2f/kJynd1HNmxq5e2njUUv60=,g5sdfn3X2WAa3OvJIZkNGq8h+ek=
101,81,0By2f/kJynd1HNmxq5e2njUUv60=,g5sdfn3X2WAa3OvJIZkNGq8h+ek=
101,80,0By2f/kJynd1HNmxq5e2njUUv60=,g5sdfn3X2WAa3OvJIZkNGq8h+ek=
107,82,0By2f/kJynd1HNmxq5e2njUUv60=,bd506eVnBsGDvXydgzSNLtf6Peg=
107,80,0By2f/kJynd1HNmxq5e2njUUv60=,bd506eVnBsGDvXydgzSNLtf6Peg=
104,81,0By2f/kJynd1HNmxq5e2njUUv60=,bd506eVnBsGDvXydgzSNLtf6Peg=
106,80,0By2f/kJynd1HNmxq5e2njUUv60=,bd506eVnBsGDvXydgzSNLtf6Peg=
108,80,0By2f/kJynd1HNmxq5e2njUUv60=,bd506eVnBsGDvXydgzSNLtf6Peg=
107,81,0By2f/kJynd1HNmxq5e2njUUv60=,bd506eVnBsGDvXydgzSNLtf6Peg=
105,80,0By2f/kJynd1HNmxq5e2njUUv60=,bd506eVnBsGDvXydgzSNLtf6Peg=
102,81,0By2f/kJynd1HNmxq5e2njUUv60=,g5sdfn3X2WAa3OvJIZkNGq8h+ek=
102,80,0By2f/kJynd1HNmxq5e2njUUv60=,g5sdfn3X2WAa3OvJIZkNGq8h+ek=
104,80,0By2f/kJynd1HNmxq5e2njUUv60=,bd506eVnBsGDvXydgzSNLtf6Peg=
106,81,0By2f/kJynd1HNmxq5e2njUUv60=,bd506eVnBsGDvXydgzSNLtf6Peg=
110,92,0By2f/kJynd1HNmxq5e2njUUv60=,Ru+X4fP+4Jeq5wMmMASvPDMCRh8=
103,80,0By2f/kJynd1HNmxq5e2njUUv60=,g5sdfn3X2WAa3OvJIZkNGq8h+ek=
109,82,0By2f/kJynd1HNmxq5e2njUUv60=,bd506eVnBsGDvXydgzSNLtf6Peg=
109,81,0By2f/kJynd1HNmxq5e2njUUv60=,bd506eVnBsGDvXydgzSNLtf6Peg=
109,80,0By2f/kJynd1HNmxq5e2njUUv60=,bd506eVnBsGDvXydgzSNLtf6Peg=
111,80,0By2f/kJynd1HNmxq5e2njUUv60=,bd506eVnBsGDvXydgzSNLtf6Peg=
111,81,0By2f/kJynd1HNmxq5e2njUUv60=,bd506eVnBsGDvXydgzSNLtf6Peg=
110,80,0By2f/kJynd1HNmxq5e2njUUv60=,bd506eVnBsGDvXydgzSNLtf6Peg=
111,82,0By2f/kJynd1HNmxq5e2njUUv60=,bd506eVnBsGDvXydgzSNLtf6Peg=
110,81,0By2f/kJynd1HNmxq5e2njUUv60=,bd506eVnBsGDvXydgzSNLtf6Peg=
110,82,0By2f/kJynd1HNmxq5e2njUUv60=,bd506eVnBsGDvXydgzSNLtf6Peg=
97,82,0By2f/kJynd1HNmxq5e2njUUv60=,g5sdfn3X2WAa3OvJIZkNGq8h+ek=
96,82,0By2f/kJynd1HNmxq5e2njUUv60=,g5sdfn3X2WAa3OvJIZkNGq8h+ek=
98,81,0By2f/kJynd1HNmxq5e2njUUv60=,g5sdfn3X2WAa3OvJIZkNGq8h+ek=
97,80,0By2f/kJynd1HNmxq5e2njUUv60=,g5sdfn3X2WAa3OvJIZkNGq8h+ek=
98,80,0By2f/kJynd1HNmxq5e2njUUv60=,g5sdfn3X2WAa3OvJIZkNGq8h+ek=
96,81,0By2f/kJynd1HNmxq5e2njUUv60=,g5sdfn3X2WAa3OvJIZkNGq8h+ek=
98,82,0By2f/kJynd1HNmxq5e2njUUv60=,g5sdfn3X2WAa3OvJIZkNGq8h+ek=
97,81,0By2f/kJynd1HNmxq5e2njUUv60=,g5sdfn3X2WAa3OvJIZkNGq8h+ek=
96,80,0By2f/kJynd1HNmxq5e2njUUv60=,g5sdfn3X2WAa3OvJIZkNGq8h+ek=
100,93,wDkcgoR3CRcod7RBEIxWSoDMj+k=,8hwrxXlq5OH4NoI2/OxPkquCqIo=
96,93,wDkcgoR3CRcod7RBEIxWSoDMj+k=,8hwrxXlq5OH4NoI2/OxPkquCqIo=
100,95,wDkcgoR3CRcod7RBEIxWSoDMj+k=,8hwrxXlq5OH4NoI2/OxPkquCqIo=
98,95,Q0lv9TZIPCoaN+UbpkNOq73vELA=,8hwrxXlq5OH4NoI2/OxPkquCqIo=
99,94,Q0lv9TZIPCoaN+UbpkNOq73vELA=,8hwrxXlq5OH4NoI2/OxPkquCqIo=
99,93,Q0lv9TZIPCoaN+UbpkNOq73vELA=,8hwrxXlq5OH4NoI2/OxPkquCqIo=
97,95,Q0lv9TZIPCoaN+UbpkNOq73vELA=,8hwrxXlq5OH4NoI2/OxPkquCqIo=
98,94,Q0lv9TZIPCoaN+UbpkNOq73vELA=,8hwrxXlq5OH4NoI2/OxPkquCqIo=
96,94,Q0lv9TZIPCoaN+UbpkNOq73vELA=,8hwrxXlq5OH4NoI2/OxPkquCqIo=
97,94,Q0lv9TZIPCoaN+UbpkNOq73vELA=,8hwrxXlq5OH4NoI2/OxPkquCqIo=
98,93,Q0lv9TZIPCoaN+UbpkNOq73vELA=,8hwrxXlq5OH4NoI2/OxPkquCqIo=
100,94,Q0lv9TZIPCoaN+UbpkNOq73vELA=,8hwrxXlq5OH4NoI2/OxPkquCqIo=
99,95,Q0lv9TZIPCoaN+UbpkNOq73vELA=,8hwrxXlq5OH4NoI2/OxPkquCqIo=
96,95,Q0lv9TZIPCoaN+UbpkNOq73vELA=,8hwrxXlq5OH4NoI2/OxPkquCqIo=
97,93,Q0lv9TZIPCoaN+UbpkNOq73vELA=,8hwrxXlq5OH4NoI2/OxPkquCqIo=
101,93,Q0lv9TZIPCoaN+UbpkNOq73vELA=,8hwrxXlq5OH4NoI2/OxPkquCqIo=
109,95,Q0lv9TZIPCoaN+UbpkNOq73vELA=,Ru+X4fP+4Jeq5wMmMASvPDMCRh8=
101,94,Q0lv9TZIPCoaN+UbpkNOq73vELA=,8hwrxXlq5OH4NoI2/OxPkquCqIo=
105,95,Q0lv9TZIPCoaN+UbpkNOq73vELA=,Ru+X4fP+4Jeq5wMmMASvPDMCRh8=
102,93,Q0lv9TZIPCoaN+UbpkNOq73vELA=,8hwrxXlq5OH4NoI2/OxPkquCqIo=
106,95,Q0lv9TZIPCoaN+UbpkNOq73vELA=,Ru+X4fP+4Jeq5wMmMASvPDMCRh8=
108,95,Q0lv9TZIPCoaN+UbpkNOq73vELA=,Ru+X4fP+4Jeq5wMmMASvPDMCRh8=
104,95,Q0lv9TZIPCoaN+UbpkNOq73vELA=,Ru+X4fP+4Jeq5wMmMASvPDMCRh8=
107,95,Q0lv9TZIPCoaN+UbpkNOq73vELA=,Ru+X4fP+4Jeq5wMmMASvPDMCRh8=
108,94,Q0lv9TZIPCoaN+UbpkNOq73vELA=,Ru+X4fP+4Jeq5wMmMASvPDMCRh8=
111,94,Q0lv9TZIPCoaN+UbpkNOq73vELA=,Ru+X4fP+4Jeq5wMmMASvPDMCRh8=
109,93,Q0lv9TZIPCoaN+UbpkNOq73vELA=,Ru+X4fP+4Jeq5wMmMASvPDMCRh8=
104,93,Q0lv9TZIPCoaN+UbpkNOq73vELA=,Ru+X4fP+4Jeq5wMmMASvPDMCRh8=
106,94,Q0lv9TZIPCoaN+UbpkNOq73vELA=,Ru+X4fP+4Jeq5wMmMASvPDMCRh8=
102,94,Q0lv9TZIPCoaN+UbpkNOq73vELA=,8hwrxXlq5OH4NoI2/OxPkquCqIo=
105,93,Q0lv9TZIPCoaN+UbpkNOq73vELA=,Ru+X4fP+4Jeq5wMmMASvPDMCRh8=
109,94,Q0lv9TZIPCoaN+UbpkNOq73vELA=,Ru+X4fP+4Jeq5wMmMASvPDMCRh8=
104,94,Q0lv9TZIPCoaN+UbpkNOq73vELA=,Ru+X4fP+4Jeq5wMmMASvPDMCRh8=
102,95,Q0lv9TZIPCoaN+UbpkNOq73vELA=,8hwrxXlq5OH4NoI2/OxPkquCqIo=
106,93,Q0lv9TZIPCoaN+UbpkNOq73vELA=,Ru+X4fP+4Jeq5wMmMASvPDMCRh8=
101,95,Q0lv9TZIPCoaN+UbpkNOq73vELA=,8hwrxXlq5OH4NoI2/OxPkquCqIo=
110,93,Q0lv9TZIPCoaN+UbpkNOq73vELA=,Ru+X4fP+4Jeq5wMmMASvPDMCRh8=
103,94,Q0lv9TZIPCoaN+UbpkNOq73vELA=,8hwrxXlq5OH4NoI2/OxPkquCqIo=
110,94,Q0lv9TZIPCoaN+UbpkNOq73vELA=,Ru+X4fP+4Jeq5wMmMASvPDMCRh8=
108,93,Q0lv9TZIPCoaN+UbpkNOq73vELA=,Ru+X4fP+4Jeq5wMmMASvPDMCRh8=
105,94,Q0lv9TZIPCoaN+UbpkNOq73vELA=,Ru+X4fP+4Jeq5wMmMASvPDMCRh8=
103,93,Q0lv9TZIPCoaN+UbpkNOq73vELA=,8hwrxXlq5OH4NoI2/OxPkquCqIo=
107,94,Q0lv9TZIPCoaN+UbpkNOq73vELA=,Ru+X4fP+4Jeq5wMmMASvPDMCRh8=
107,93,Q0lv9TZIPCoaN+UbpkNOq73vELA=,Ru+X4fP+4Jeq5wMmMASvPDMCRh8=
111,93,Q0lv9TZIPCoaN+UbpkNOq73vELA=,Ru+X4fP+4Jeq5wMmMASvPDMCRh8=
103,95,Q0lv9TZIPCoaN+UbpkNOq73vELA=,8hwrxXlq5OH4NoI2/OxPkquCqIo=
110,95,Q0lv9TZIPCoaN+UbpkNOq73vELA=,Ru+X4fP+4Jeq5wMmMASvPDMCRh8=
111,95,Q0lv9TZIPCoaN+UbpkNOq73vELA=,Ru+X4fP+4Jeq5wMmMASvPDMCRh8=
123,83,Osf8joTF/Hlngp0IrNW3SQyT2Qg=,TM3vKAy4bshZZV2C0EmFxEjO6vI=
123,84,Osf8joTF/Hlngp0IrNW3SQyT2Qg=,TM3vKAy4bshZZV2C0EmFxEjO6vI=
124,84,Osf8joTF/Hlngp0IrNW3SQyT2Qg=,TM3vKAy4bshZZV2C0EmFxEjO6vI=
124,83,Osf8joTF/Hlngp0IrNW3SQyT2Qg=,TM3vKAy4bshZZV2C0EmFxEjO6vI=
124,85,Osf8joTF/Hlngp0IrNW3SQyT2Qg=,TM3vKAy4bshZZV2C0EmFxEjO6vI=
124,91,Osf8joTF/Hlngp0IrNW3SQyT2Qg=,nXbM2O0hL+ec8TQBU5ONsYXrV7A=
123,92,Osf8joTF/Hlngp0IrNW3SQyT2Qg=,nXbM2O0hL+ec8TQBU5ONsYXrV7A=
124,92,Osf8joTF/Hlngp0IrNW3SQyT2Qg=,nXbM2O0hL+ec8TQBU5ONsYXrV7A=
124,87,Osf8joTF/Hlngp0IrNW3SQyT2Qg=,TM3vKAy4bshZZV2C0EmFxEjO6vI=
123,88,Osf8joTF/Hlngp0IrNW3SQyT2Qg=,nXbM2O0hL+ec8TQBU5ONsYXrV7A=
124,88,Osf8joTF/Hlngp0IrNW3SQyT2Qg=,nXbM2O0hL+ec8TQBU5ONsYXrV7A=
123,86,Osf8joTF/Hlngp0IrNW3SQyT2Qg=,TM3vKAy4bshZZV2C0EmFxEjO6vI=
123,90,Osf8joTF/Hlngp0IrNW3SQyT2Qg=,nXbM2O0hL+ec8TQBU5ONsYXrV7A=
124,86,Osf8joTF/Hlngp0IrNW3SQyT2Qg=,TM3vKAy4bshZZV2C0EmFxEjO6vI=
123,89,Osf8joTF/Hlngp0IrNW3SQyT2Qg=,nXbM2O0hL+ec8TQBU5ONsYXrV7A=
124,89,Osf8joTF/Hlngp0IrNW3SQyT2Qg=,nXbM2O0hL+ec8TQBU5ONsYXrV7A=
124,90,Osf8joTF/Hlngp0IrNW3SQyT2Qg=,nXbM2O0hL+ec8TQBU5ONsYXrV7A=
123,85,Osf8joTF/Hlngp0IrNW3SQyT2Qg=,TM3vKAy4bshZZV2C0EmFxEjO6vI=
123,91,Osf8joTF/Hlngp0IrNW3SQyT2Qg=,nXbM2O0hL+ec8TQBU5ONsYXrV7A=
123,87,Osf8joTF/Hlngp0IrNW3SQyT2Qg=,TM3vKAy4bshZZV2C0EmFxEjO6vI=
123,80,wCKdHRP6UuhvNTAVRpAQ+0WoeHw=,TM3vKAy4bshZZV2C0EmFxEjO6vI=
124,82,wCKdHRP6UuhvNTAVRpAQ+0WoeHw=,TM3vKAy4bshZZV2C0EmFxEjO6vI=
124,81,OH9EmZI0AEs9mkKvQnCJOigVND8=,TM3vKAy4bshZZV2C0EmFxEjO6vI=
123,81,OH9EmZI0AEs9mkKvQnCJOigVND8=,TM3vKAy4bshZZV2C0EmFxEjO6vI=
124,80,OH9EmZI0AEs9mkKvQnCJOigVND8=,TM3vKAy4bshZZV2C0EmFxEjO6vI=
123,82,OH9EmZI0AEs9mkKvQnCJOigVND8=,TM3vKAy4bshZZV2C0EmFxEjO6vI=
123,93,OH9EmZI0AEs9mkKvQnCJOigVND8=,nXbM2O0hL+ec8TQBU5ONsYXrV7A=
124,93,OH9EmZI0AEs9mkKvQnCJOigVND8=,nXbM2O0hL+ec8TQBU5ONsYXrV7A=
123,94,OH9EmZI0AEs9mkKvQnCJOigVND8=,nXbM2O0hL+ec8TQBU5ONsYXrV7A=
124,94,OH9EmZI0AEs9mkKvQnCJOigVND8=,nXbM2O0hL+ec8TQBU5ONsYXrV7A=
123,95,OH9EmZI0AEs9mkKvQnCJOigVND8=,nXbM2O0hL+ec8TQBU5ONsYXrV7A=
124,95,OH9EmZI0AEs9mkKvQnCJOigVND8=,nXbM2O0hL+ec8TQBU5ONsYXrV7A=
125,83,OH9EmZI0AEs9mkKvQnCJOigVND8=,TM3vKAy4bshZZV2C0EmFxEjO6vI=
125,84,OH9EmZI0AEs9mkKvQnCJOigVND8=,TM3vKAy4bshZZV2C0EmFxEjO6vI=
126,84,OH9EmZI0AEs9mkKvQnCJOigVND8=,TM3vKAy4bshZZV2C0EmFxEjO6vI=
125,82,OH9EmZI0AEs9mkKvQnCJOigVND8=,TM3vKAy4bshZZV2C0EmFxEjO6vI=
127,84,OH9EmZI0AEs9mkKvQnCJOigVND8=,TM3vKAy4bshZZV2C0EmFxEjO6vI=
125,80,OH9EmZI0AEs9mkKvQnCJOigVND8=,TM3vKAy4bshZZV2C0EmFxEjO6vI=
126,83,OH9EmZI0AEs9mkKvQnCJOigVND8=,TM3vKAy4bshZZV2C0EmFxEjO6vI=
126,80,OH9EmZI0AEs9mkKvQnCJOigVND8=,TM3vKAy4bshZZV2C0EmFxEjO6vI=
127,81,OH9EmZI0AEs9mkKvQnCJOigVND8=,TM3vKAy4bshZZV2C0EmFxEjO6vI=
125,81,nlQ1UUCQt0COVRohICEChqQp28w=,TM3vKAy4bshZZV2C0EmFxEjO6vI=
127,83,nlQ1UUCQt0COVRohICEChqQp28w=,TM3vKAy4bshZZV2C0EmFxEjO6vI=
127,82,nlQ1UUCQt0COVRohICEChqQp28w=,TM3vKAy4bshZZV2C0EmFxEjO6vI=
126,81,nlQ1UUCQt0COVRohICEChqQp28w=,TM3vKAy4bshZZV2C0EmFxEjO6vI=
126,82,nlQ1UUCQt0COVRohICEChqQp28w=,TM3vKAy4bshZZV2C0EmFxEjO6vI=
127,80,nlQ1UUCQt0COVRohICEChqQp28w=,TM3vKAy4bshZZV2C0EmFxEjO6vI=
125,91,nlQ1UUCQt0COVRohICEChqQp28w=,nXbM2O0hL+ec8TQBU5ONsYXrV7A=
126,91,nlQ1UUCQt0COVRohICEChqQp28w=,nXbM2O0hL+ec8TQBU5ONsYXrV7A=
127,91,nlQ1UUCQt0COVRohICEChqQp28w=,nXbM2O0hL+ec8TQBU5ONsYXrV7A=
125,85,nlQ1UUCQt0COVRohICEChqQp28w=,TM3vKAy4bshZZV2C0EmFxEjO6vI=
126,85,nlQ1UUCQt0COVRohICEChqQp28w=,TM3vKAy4bshZZV2C0EmFxEjO6vI=
125,92,nlQ1UUCQt0COVRohICEChqQp28w=,nXbM2O0hL+ec8TQBU5ONsYXrV7A=
126,92,nlQ1UUCQt0COVRohICEChqQp28w=,nXbM2O0hL+ec8TQBU5ONsYXrV7A=
127,92,nlQ1UUCQt0COVRohICEChqQp28w=,nXbM2O0hL+ec8TQBU5ONsYXrV7A=
127,85,nlQ1UUCQt0COVRohICEChqQp28w=,TM3vKAy4bshZZV2C0EmFxEjO6vI=
125,87,nlQ1UUCQt0COVRohICEChqQp28w=,TM3vKAy4bshZZV2C0EmFxEjO6vI=
126,90,nlQ1UUCQt0COVRohICEChqQp28w=,nXbM2O0hL+ec8TQBU5ONsYXrV7A=
125,88,nlQ1UUCQt0COVRohICEChqQp28w=,nXbM2O0hL+ec8TQBU5ONsYXrV7A=
126,88,nlQ1UUCQt0COVRohICEChqQp28w=,nXbM2O0hL+ec8TQBU5ONsYXrV7A=
127,88,nlQ1UUCQt0COVRohICEChqQp28w=,nXbM2O0hL+ec8TQBU5ONsYXrV7A=
126,87,nlQ1UUCQt0COVRohICEChqQp28w=,TM3vKAy4bshZZV2C0EmFxEjO6vI=
127,87,nlQ1UUCQt0COVRohICEChqQp28w=,TM3vKAy4bshZZV2C0EmFxEjO6vI=
127,90,nlQ1UUCQt0COVRohICEChqQp28w=,nXbM2O0hL+ec8TQBU5ONsYXrV7A=
125,89,nlQ1UUCQt0COVRohICEChqQp28w=,nXbM2O0hL+ec8TQBU5ONsYXrV7A=
125,86,nlQ1UUCQt0COVRohICEChqQp28w=,TM3vKAy4bshZZV2C0EmFxEjO6vI=
126,86,nlQ1UUCQt0COVRohICEChqQp28w=,TM3vKAy4bshZZV2C0EmFxEjO6vI=
126,89,nlQ1UUCQt0COVRohICEChqQp28w=,nXbM2O0hL+ec8TQBU5ONsYXrV7A=
127,86,nlQ1UUCQt0COVRohICEChqQp28w=,TM3vKAy4bshZZV2C0EmFxEjO6vI=
125,90,nlQ1UUCQt0COVRohICEChqQp28w=,nXbM2O0hL+ec8TQBU5ONsYXrV7A=
127,89,nlQ1UUCQt0COVRohICEChqQp28w=,nXbM2O0hL+ec8TQBU5ONsYXrV7A=
125,93,vs34/ThDZ/RQCpO6OXTg93CN+nw=,nXbM2O0hL+ec8TQBU5ONsYXrV7A=
126,95,vs34/ThDZ/RQCpO6OXTg93CN+nw=,nXbM2O0hL+ec8TQBU5ONsYXrV7A=
126,94,vs34/ThDZ/RQCpO6OXTg93CN+nw=,nXbM2O0hL+ec8TQBU5ONsYXrV7A=
127,94,vs34/ThDZ/RQCpO6OXTg93CN+nw=,nXbM2O0hL+ec8TQBU5ONsYXrV7A=
127,93,vs34/ThDZ/RQCpO6OXTg93CN+nw=,nXbM2O0hL+ec8TQBU5ONsYXrV7A=
125,94,vs34/ThDZ/RQCpO6OXTg93CN+nw=,nXbM2O0hL+ec8TQBU5ONsYXrV7A=
126,93,vs34/ThDZ/RQCpO6OXTg93CN+nw=,nXbM2O0hL+ec8TQBU5ONsYXrV7A=
125,95,vs34/ThDZ/RQCpO6OXTg93CN+nw=,nXbM2O0hL+ec8TQBU5ONsYXrV7A=
127,95,vs34/ThDZ/RQCpO6OXTg93CN+nw=,nXbM2O0hL+ec8TQBU5ONsYXrV7A=
121,83,2gFCU9oDHSFSajQ1vpbfP0vesFg=,TM3vKAy4bshZZV2C0EmFxEjO6vI=
122,83,J7QD4PtMUgDA351n1/lBKec1sR8=,TM3vKAy4bshZZV2C0EmFxEjO6vI=
120,83,J7QD4PtMUgDA351n1/lBKec1sR8=,TM3vKAy4bshZZV2C0EmFxEjO6vI=
118,84,J7QD4PtMUgDA351n1/lBKec1sR8=,TM3vKAy4bshZZV2C0EmFxEjO6vI=
121,82,J7QD4PtMUgDA351n1/lBKec1sR8=,TM3vKAy4bshZZV2C0EmFxEjO6vI=
120,82,J7QD4PtMUgDA351n1/lBKec1sR8=,TM3vKAy4bshZZV2C0EmFxEjO6vI=
119,84,J7QD4PtMUgDA351n1/lBKec1sR8=,TM3vKAy4bshZZV2C0EmFxEjO6vI=
122,81,J7QD4PtMUgDA351n1/lBKec1sR8=,TM3vKAy4bshZZV2C0EmFxEjO6vI=
121,81,J7QD4PtMUgDA351n1/lBKec1sR8=,TM3vKAy4bshZZV2C0EmFxEjO6vI=
122,82,J7QD4PtMUgDA351n1/lBKec1sR8=,TM3vKAy4bshZZV2C0EmFxEjO6vI=
120,81,J7QD4PtMUgDA351n1/lBKec1sR8=,TM3vKAy4bshZZV2C0EmFxEjO6vI=
122,84,J7QD4PtMUgDA351n1/lBKec1sR8=,TM3vKAy4bshZZV2C0EmFxEjO6vI=
121,84,J7QD4PtMUgDA351n1/lBKec1sR8=,TM3vKAy4bshZZV2C0EmFxEjO6vI=
120,84,J7QD4PtMUgDA351n1/lBKec1sR8=,TM3vKAy4bshZZV2C0EmFxEjO6vI=
119,83,J7QD4PtMUgDA351n1/lBKec1sR8=,TM3vKAy4bshZZV2C0EmFxEjO6vI=
120,80,XfKNZwE6CMfulbg63ZTaYo/zMJQ=,TM3vKAy4bshZZV2C0EmFxEjO6vI=
118,81,XfKNZwE6CMfulbg63ZTaYo/zMJQ=,TM3vKAy4bshZZV2C0EmFxEjO6vI=
117,84,XfKNZwE6CMfulbg63ZTaYo/zMJQ=,TM3vKAy4bshZZV2C0EmFxEjO6vI=
118,83,XfKNZwE6CMfulbg63ZTaYo/zMJQ=,TM3vKAy4bshZZV2C0EmFxEjO6vI=
119,81,XfKNZwE6CMfulbg63ZTaYo/zMJQ=,TM3vKAy4bshZZV2C0EmFxEjO6vI=
117,80,XfKNZwE6CMfulbg63ZTaYo/zMJQ=,TM3vKAy4bshZZV2C0EmFxEjO6vI=
114,84,XfKNZwE6CMfulbg63ZTaYo/zMJQ=,TM3vKAy4bshZZV2C0EmFxEjO6vI=
116,84,XfKNZwE6CMfulbg63ZTaYo/zMJQ=,TM3vKAy4bshZZV2C0EmFxEjO6vI=
112,80,XfKNZwE6CMfulbg63ZTaYo/zMJQ=,TM3vKAy4bshZZV2C0EmFxEjO6vI=
113,80,XfKNZwE6CMfulbg63ZTaYo/zMJQ=,TM3vKAy4bshZZV2C0EmFxEjO6vI=
122,80,XfKNZwE6CMfulbg63ZTaYo/zMJQ=,TM3vKAy4bshZZV2C0EmFxEjO6vI=
116,83,XfKNZwE6CMfulbg63ZTaYo/zMJQ=,TM3vKAy4bshZZV2C0EmFxEjO6vI=
121,80,XfKNZwE6CMfulbg63ZTaYo/zMJQ=,TM3vKAy4bshZZV2C0EmFxEjO6vI=
119,82,XfKNZwE6CMfulbg63ZTaYo/zMJQ=,TM3vKAy4bshZZV2C0EmFxEjO6vI=
118,82,XfKNZwE6CMfulbg63ZTaYo/zMJQ=,TM3vKAy4bshZZV2C0EmFxEjO6vI=
118,80,XfKNZwE6CMfulbg63ZTaYo/zMJQ=,TM3vKAy4bshZZV2C0EmFxEjO6vI=
114,80,XfKNZwE6CMfulbg63ZTaYo/zMJQ=,TM3vKAy4bshZZV2C0EmFxEjO6vI=
112,82,XfKNZwE6CMfulbg63ZTaYo/zMJQ=,TM3vKAy4bshZZV2C0EmFxEjO6vI=
117,82,XfKNZwE6CMfulbg63ZTaYo/zMJQ=,TM3vKAy4bshZZV2C0EmFxEjO6vI=
115,82,XfKNZwE6CMfulbg63ZTaYo/zMJQ=,TM3vKAy4bshZZV2C0EmFxEjO6vI=
112,83,XfKNZwE6CMfulbg63ZTaYo/zMJQ=,TM3vKAy4bshZZV2C0EmFxEjO6vI=
115,84,XfKNZwE6CMfulbg63ZTaYo/zMJQ=,TM3vKAy4bshZZV2C0EmFxEjO6vI=
112,84,XfKNZwE6CMfulbg63ZTaYo/zMJQ=,TM3vKAy4bshZZV2C0EmFxEjO6vI=
116,82,XfKNZwE6CMfulbg63ZTaYo/zMJQ=,TM3vKAy4bshZZV2C0EmFxEjO6vI=
113,82,XfKNZwE6CMfulbg63ZTaYo/zMJQ=,TM3vKAy4bshZZV2C0EmFxEjO6vI=
117,83,XfKNZwE6CMfulbg63ZTaYo/zMJQ=,TM3vKAy4bshZZV2C0EmFxEjO6vI=
116,81,XfKNZwE6CMfulbg63ZTaYo/zMJQ=,TM3vKAy4bshZZV2C0EmFxEjO6vI=
113,81,XfKNZwE6CMfulbg63ZTaYo/zMJQ=,TM3vKAy4bshZZV2C0EmFxEjO6vI=
117,81,XfKNZwE6CMfulbg63ZTaYo/zMJQ=,TM3vKAy4bshZZV2C0EmFxEjO6vI=
116,80,XfKNZwE6CMfulbg63ZTaYo/zMJQ=,TM3vKAy4bshZZV2C0EmFxEjO6vI=
113,84,XfKNZwE6CMfulbg63ZTaYo/zMJQ=,TM3vKAy4bshZZV2C0EmFxEjO6vI=
119,80,XfKNZwE6CMfulbg63ZTaYo/zMJQ=,TM3vKAy4bshZZV2C0EmFxEjO6vI=
114,83,XfKNZwE6CMfulbg63ZTaYo/zMJQ=,TM3vKAy4bshZZV2C0EmFxEjO6vI=
113,83,XfKNZwE6CMfulbg63ZTaYo/zMJQ=,TM3vKAy4bshZZV2C0EmFxEjO6vI=
112,81,XfKNZwE6CMfulbg63ZTaYo/zMJQ=,TM3vKAy4bshZZV2C0EmFxEjO6vI=
115,81,XfKNZwE6CMfulbg63ZTaYo/zMJQ=,TM3vKAy4bshZZV2C0EmFxEjO6vI=
115,80,XfKNZwE6CMfulbg63ZTaYo/zMJQ=,TM3vKAy4bshZZV2C0EmFxEjO6vI=
115,83,XfKNZwE6CMfulbg63ZTaYo/zMJQ=,TM3vKAy4bshZZV2C0EmFxEjO6vI=
114,82,XfKNZwE6CMfulbg63ZTaYo/zMJQ=,TM3vKAy4bshZZV2C0EmFxEjO6vI=
121,87,XfKNZwE6CMfulbg63ZTaYo/zMJQ=,TM3vKAy4bshZZV2C0EmFxEjO6vI=
114,81,XfKNZwE6CMfulbg63ZTaYo/zMJQ=,TM3vKAy4bshZZV2C0EmFxEjO6vI=
122,91,XfKNZwE6CMfulbg63ZTaYo/zMJQ=,nXbM2O0hL+ec8TQBU5ONsYXrV7A=
119,93,XfKNZwE6CMfulbg63ZTaYo/zMJQ=,zM3iG2VcDTrs59TjL1XAG5sag24=
120,87,XfKNZwE6CMfulbg63ZTaYo/zMJQ=,TM3vKAy4bshZZV2C0EmFxEjO6vI=
122,87,XfKNZwE6CMfulbg63ZTaYo/zMJQ=,TM3vKAy4bshZZV2C0EmFxEjO6vI=
122,85,XfKNZwE6CMfulbg63ZTaYo/zMJQ=,TM3vKAy4bshZZV2C0EmFxEjO6vI=
118,87,XfKNZwE6CMfulbg63ZTaYo/zMJQ=,TM3vKAy4bshZZV2C0EmFxEjO6vI=
119,87,XfKNZwE6CMfulbg63ZTaYo/zMJQ=,TM3vKAy4bshZZV2C0EmFxEjO6vI=
121,85,XfKNZwE6CMfulbg63ZTaYo/zMJQ=,TM3vKAy4bshZZV2C0EmFxEjO6vI=
120,85,XfKNZwE6CMfulbg63ZTaYo/zMJQ=,TM3vKAy4bshZZV2C0EmFxEjO6vI=
122,89,XfKNZwE6CMfulbg63ZTaYo/zMJQ=,nXbM2O0hL+ec8TQBU5ONsYXrV7A=
121,91,XfKNZwE6CMfulbg63ZTaYo/zMJQ=,nXbM2O0hL+ec8TQBU5ONsYXrV7A=
120,91,XfKNZwE6CMfulbg63ZTaYo/zMJQ=,nXbM2O0hL+ec8TQBU5ONsYXrV7A=
118,90,XfKNZwE6CMfulbg63ZTaYo/zMJQ=,zM3iG2VcDTrs59TjL1XAG5sag24=
120,89,XfKNZwE6CMfulbg63ZTaYo/zMJQ=,nXbM2O0hL+ec8TQBU5ONsYXrV7A=
121,89,XfKNZwE6CMfulbg63ZTaYo/zMJQ=,nXbM2O0hL+ec8TQBU5ONsYXrV7A=
112,94,XfKNZwE6CMfulbg63ZTaYo/zMJQ=,zM3iG2VcDTrs59TjL1XAG5sag24=
112,88,XfKNZwE6CMfulbg63ZTaYo/zMJQ=,zM3iG2VcDTrs59TjL1XAG5sag24=
119,90,XfKNZwE6CMfulbg63ZTaYo/zMJQ=,zM3iG2VcDTrs59TjL1XAG5sag24=
117,87,XfKNZwE6CMfulbg63ZTaYo/zMJQ=,TM3vKAy4bshZZV2C0EmFxEjO6vI=
118,94,XfKNZwE6CMfulbg63ZTaYo/zMJQ=,zM3iG2VcDTrs59TjL1XAG5sag24=
119,89,XfKNZwE6CMfulbg63ZTaYo/zMJQ=,zM3iG2VcDTrs59TjL1XAG5sag24=
118,89,XfKNZwE6CMfulbg63ZTaYo/zMJQ=,zM3iG2VcDTrs59TjL1XAG5sag24=
119,94,XfKNZwE6CMfulbg63ZTaYo/zMJQ=,zM3iG2VcDTrs59TjL1XAG5sag24=
122,95,XfKNZwE6CMfulbg63ZTaYo/zMJQ=,nXbM2O0hL+ec8TQBU5ONsYXrV7A=
117,90,XfKNZwE6CMfulbg63ZTaYo/zMJQ=,zM3iG2VcDTrs59TjL1XAG5sag24=
121,95,XfKNZwE6CMfulbg63ZTaYo/zMJQ=,nXbM2O0hL+ec8TQBU5ONsYXrV7A=
117,89,XfKNZwE6CMfulbg63ZTaYo/zMJQ=,zM3iG2VcDTrs59TjL1XAG5sag24=
118,93,XfKNZwE6CMfulbg63ZTaYo/zMJQ=,zM3iG2VcDTrs59TjL1XAG5sag24=
116,89,XfKNZwE6CMfulbg63ZTaYo/zMJQ=,zM3iG2VcDTrs59TjL1XAG5sag24=
119,85,XfKNZwE6CMfulbg63ZTaYo/zMJQ=,TM3vKAy4bshZZV2C0EmFxEjO6vI=
120,95,XfKNZwE6CMfulbg63ZTaYo/zMJQ=,nXbM2O0hL+ec8TQBU5ONsYXrV7A=
119,86,XfKNZwE6CMfulbg63ZTaYo/zMJQ=,TM3vKAy4bshZZV2C0EmFxEjO6vI=
113,89,XfKNZwE6CMfulbg63ZTaYo/zMJQ=,zM3iG2VcDTrs59TjL1XAG5sag24=
115,89,XfKNZwE6CMfulbg63ZTaYo/zMJQ=,zM3iG2VcDTrs59TjL1XAG5sag24=
118,86,XfKNZwE6CMfulbg63ZTaYo/zMJQ=,TM3vKAy4bshZZV2C0EmFxEjO6vI=
114,89,XfKNZwE6CMfulbg63ZTaYo/zMJQ=,zM3iG2VcDTrs59TjL1XAG5sag24=
115,90,XfKNZwE6CMfulbg63ZTaYo/zMJQ=,zM3iG2VcDTrs59TjL1XAG5sag24=
119,88,XfKNZwE6CMfulbg63ZTaYo/zMJQ=,zM3iG2VcDTrs59TjL1XAG5sag24=
118,88,XfKNZwE6CMfulbg63ZTaYo/zMJQ=,zM3iG2VcDTrs59TjL1XAG5sag24=
122,90,XfKNZwE6CMfulbg63ZTaYo/zMJQ=,nXbM2O0hL+ec8TQBU5ONsYXrV7A=
122,94,XfKNZwE6CMfulbg63ZTaYo/zMJQ=,nXbM2O0hL+ec8TQBU5ONsYXrV7A=
114,90,XfKNZwE6CMfulbg63ZTaYo/zMJQ=,zM3iG2VcDTrs59TjL1XAG5sag24=
117,94,XfKNZwE6CMfulbg63ZTaYo/zMJQ=,zM3iG2VcDTrs59TjL1XAG5sag24=
116,86,XfKNZwE6CMfulbg63ZTaYo/zMJQ=,TM3vKAy4bshZZV2C0EmFxEjO6vI=
117,88,XfKNZwE6CMfulbg63ZTaYo/zMJQ=,zM3iG2VcDTrs59TjL1XAG5sag24=
112,89,XfKNZwE6CMfulbg63ZTaYo/zMJQ=,zM3iG2VcDTrs59TjL1XAG5sag24=
114,86,XfKNZwE6CMfulbg63ZTaYo/zMJQ=,TM3vKAy4bshZZV2C0EmFxEjO6vI=
115,94,XfKNZwE6CMfulbg63ZTaYo/zMJQ=,zM3iG2VcDTrs59TjL1XAG5sag24=
121,94,XfKNZwE6CMfulbg63ZTaYo/zMJQ=,nXbM2O0hL+ec8TQBU5ONsYXrV7A=
120,94,XfKNZwE6CMfulbg63ZTaYo/zMJQ=,nXbM2O0hL+ec8TQBU5ONsYXrV7A=
112,91,XfKNZwE6CMfulbg63ZTaYo/zMJQ=,zM3iG2VcDTrs59TjL1XAG5sag24=
121,86,XfKNZwE6CMfulbg63ZTaYo/zMJQ=,TM3vKAy4bshZZV2C0EmFxEjO6vI=
122,86,XfKNZwE6CMfulbg63ZTaYo/zMJQ=,TM3vKAy4bshZZV2C0EmFxEjO6vI=
119,92,XfKNZwE6CMfulbg63ZTaYo/zMJQ=,zM3iG2VcDTrs59TjL1XAG5sag24=
120,86,XfKNZwE6CMfulbg63ZTaYo/zMJQ=,TM3vKAy4bshZZV2C0EmFxEjO6vI=
118,85,XfKNZwE6CMfulbg63ZTaYo/zMJQ=,TM3vKAy4bshZZV2C0EmFxEjO6vI=
115,86,XfKNZwE6CMfulbg63ZTaYo/zMJQ=,TM3vKAy4bshZZV2C0EmFxEjO6vI=
113,94,XfKNZwE6CMfulbg63ZTaYo/zMJQ=,zM3iG2VcDTrs59TjL1XAG5sag24=
112,87,XfKNZwE6CMfulbg63ZTaYo/zMJQ=,TM3vKAy4bshZZV2C0EmFxEjO6vI=
116,90,XfKNZwE6CMfulbg63ZTaYo/zMJQ=,zM3iG2VcDTrs59TjL1XAG5sag24=
117,85,XfKNZwE6CMfulbg63ZTaYo/zMJQ=,TM3vKAy4bshZZV2C0EmFxEjO6vI=
116,88,XfKNZwE6CMfulbg63ZTaYo/zMJQ=,zM3iG2VcDTrs59TjL1XAG5sag24=
114,93,XfKNZwE6CMfulbg63ZTaYo/zMJQ=,zM3iG2VcDTrs59TjL1XAG5sag24=
113,93,XfKNZwE6CMfulbg63ZTaYo/zMJQ=,zM3iG2VcDTrs59TjL1XAG5sag24=
116,94,XfKNZwE6CMfulbg63ZTaYo/zMJQ=,zM3iG2VcDTrs59TjL1XAG5sag24=
112,90,XfKNZwE6CMfulbg63ZTaYo/zMJQ=,zM3iG2VcDTrs59TjL1XAG5sag24=
113,90,XfKNZwE6CMfulbg63ZTaYo/zMJQ=,zM3iG2VcDTrs59TjL1XAG5sag24=
115,93,XfKNZwE6CMfulbg63ZTaYo/zMJQ=,zM3iG2VcDTrs59TjL1XAG5sag24=
112,93,XfKNZwE6CMfulbg63ZTaYo/zMJQ=,zM3iG2VcDTrs59TjL1XAG5sag24=
117,86,XfKNZwE6CMfulbg63ZTaYo/zMJQ=,TM3vKAy4bshZZV2C0EmFxEjO6vI=
113,85,XfKNZwE6CMfulbg63ZTaYo/zMJQ=,TM3vKAy4bshZZV2C0EmFxEjO6vI=
115,87,XfKNZwE6CMfulbg63ZTaYo/zMJQ=,TM3vKAy4bshZZV2C0EmFxEjO6vI=
116,87,XfKNZwE6CMfulbg63ZTaYo/zMJQ=,TM3vKAy4bshZZV2C0EmFxEjO6vI=
115,88,XfKNZwE6CMfulbg63ZTaYo/zMJQ=,zM3iG2VcDTrs59TjL1XAG5sag24=
121,93,XfKNZwE6CMfulbg63ZTaYo/zMJQ=,nXbM2O0hL+ec8TQBU5ONsYXrV7A=
122,88,XfKNZwE6CMfulbg63ZTaYo/zMJQ=,nXbM2O0hL+ec8TQBU5ONsYXrV7A=
117,93,XfKNZwE6CMfulbg63ZTaYo/zMJQ=,zM3iG2VcDTrs59TjL1XAG5sag24=
116,93,XfKNZwE6CMfulbg63ZTaYo/zMJQ=,zM3iG2VcDTrs59TjL1XAG5sag24=
114,88,XfKNZwE6CMfulbg63ZTaYo/zMJQ=,zM3iG2VcDTrs59TjL1XAG5sag24=
114,94,XfKNZwE6CMfulbg63ZTaYo/zMJQ=,zM3iG2VcDTrs59TjL1XAG5sag24=
122,93,XfKNZwE6CMfulbg63ZTaYo/zMJQ=,nXbM2O0hL+ec8TQBU5ONsYXrV7A=
121,90,XfKNZwE6CMfulbg63ZTaYo/zMJQ=,nXbM2O0hL+ec8TQBU5ONsYXrV7A=
118,92,XfKNZwE6CMfulbg63ZTaYo/zMJQ=,zM3iG2VcDTrs59TjL1XAG5sag24=
119,91,XfKNZwE6CMfulbg63ZTaYo/zMJQ=,zM3iG2VcDTrs59TjL1XAG5sag24=
121,88,XfKNZwE6CMfulbg63ZTaYo/zMJQ=,nXbM2O0hL+ec8TQBU5ONsYXrV7A=
118,91,XfKNZwE6CMfulbg63ZTaYo/zMJQ=,zM3iG2VcDTrs59TjL1XAG5sag24=
120,88,XfKNZwE6CMfulbg63ZTaYo/zMJQ=,nXbM2O0hL+ec8TQBU5ONsYXrV7A=
120,90,XfKNZwE6CMfulbg63ZTaYo/zMJQ=,nXbM2O0hL+ec8TQBU5ONsYXrV7A=
120,93,XfKNZwE6CMfulbg63ZTaYo/zMJQ=,nXbM2O0hL+ec8TQBU5ONsYXrV7A=
119,95,XfKNZwE6CMfulbg63ZTaYo/zMJQ=,zM3iG2VcDTrs59TjL1XAG5sag24=
118,95,XfKNZwE6CMfulbg63ZTaYo/zMJQ=,zM3iG2VcDTrs59TjL1XAG5sag24=
122,92,XfKNZwE6CMfulbg63ZTaYo/zMJQ=,nXbM2O0hL+ec8TQBU5ONsYXrV7A=
120,92,XfKNZwE6CMfulbg63ZTaYo/zMJQ=,nXbM2O0hL+ec8TQBU5ONsYXrV7A=
121,92,XfKNZwE6CMfulbg63ZTaYo/zMJQ=,nXbM2O0hL+ec8TQBU5ONsYXrV7A=
116,91,XfKNZwE6CMfulbg63ZTaYo/zMJQ=,zM3iG2VcDTrs59TjL1XAG5sag24=
114,91,XfKNZwE6CMfulbg63ZTaYo/zMJQ=,zM3iG2VcDTrs59TjL1XAG5sag24=
116,95,XfKNZwE6CMfulbg63ZTaYo/zMJQ=,zM3iG2VcDTrs59TjL1XAG5sag24=
114,87,XfKNZwE6CMfulbg63ZTaYo/zMJQ=,TM3vKAy4bshZZV2C0EmFxEjO6vI=
115,85,XfKNZwE6CMfulbg63ZTaYo/zMJQ=,TM3vKAy4bshZZV2C0EmFxEjO6vI=
116,85,XfKNZwE6CMfulbg63ZTaYo/zMJQ=,TM3vKAy4bshZZV2C0EmFxEjO6vI=
116,92,XfKNZwE6CMfulbg63ZTaYo/zMJQ=,zM3iG2VcDTrs59TjL1XAG5sag24=
115,92,XfKNZwE6CMfulbg63ZTaYo/zMJQ=,zM3iG2VcDTrs59TjL1XAG5sag24=
113,86,XfKNZwE6CMfulbg63ZTaYo/zMJQ=,TM3vKAy4bshZZV2C0EmFxEjO6vI=
113,95,XfKNZwE6CMfulbg63ZTaYo/zMJQ=,zM3iG2VcDTrs59TjL1XAG5sag24=
115,95,XfKNZwE6CMfulbg63ZTaYo/zMJQ=,zM3iG2VcDTrs59TjL1XAG5sag24=
117,95,XfKNZwE6CMfulbg63ZTaYo/zMJQ=,zM3iG2VcDTrs59TjL1XAG5sag24=
113,92,XfKNZwE6CMfulbg63ZTaYo/zMJQ=,zM3iG2VcDTrs59TjL1XAG5sag24=
117,92,XfKNZwE6CMfulbg63ZTaYo/zMJQ=,zM3iG2VcDTrs59TjL1XAG5sag24=
117,91,XfKNZwE6CMfulbg63ZTaYo/zMJQ=,zM3iG2VcDTrs59TjL1XAG5sag24=
114,85,XfKNZwE6CMfulbg63ZTaYo/zMJQ=,TM3vKAy4bshZZV2C0EmFxEjO6vI=
113,87,XfKNZwE6CMfulbg63ZTaYo/zMJQ=,TM3vKAy4bshZZV2C0EmFxEjO6vI=
114,95,XfKNZwE6CMfulbg63ZTaYo/zMJQ=,zM3iG2VcDTrs59TjL1XAG5sag24=
115,91,XfKNZwE6CMfulbg63ZTaYo/zMJQ=,zM3iG2VcDTrs59TjL1XAG5sag24=
112,95,XfKNZwE6CMfulbg63ZTaYo/zMJQ=,zM3iG2VcDTrs59TjL1XAG5sag24=
112,85,XfKNZwE6CMfulbg63ZTaYo/zMJQ=,TM3vKAy4bshZZV2C0EmFxEjO6vI=
114,92,XfKNZwE6CMfulbg63ZTaYo/zMJQ=,zM3iG2VcDTrs59TjL1XAG5sag24=
112,92,XfKNZwE6CMfulbg63ZTaYo/zMJQ=,zM3iG2VcDTrs59TjL1XAG5sag24=
112,86,XfKNZwE6CMfulbg63ZTaYo/zMJQ=,TM3vKAy4bshZZV2C0EmFxEjO6vI=
113,88,XfKNZwE6CMfulbg63ZTaYo/zMJQ=,zM3iG2VcDTrs59TjL1XAG5sag24=
113,91,XfKNZwE6CMfulbg63ZTaYo/zMJQ=,zM3iG2VcDTrs59TjL1XAG5sag24=
124,67,unMIE67fdNVfPMeJavpHecLnamE=,TM3vKAy4bshZZV2C0EmFxEjO6vI=
124,69,unMIE67fdNVfPMeJavpHecLnamE=,TM3vKAy4bshZZV2C0EmFxEjO6vI=
124,75,unMIE67fdNVfPMeJavpHecLnamE=,TM3vKAy4bshZZV2C0EmFxEjO6vI=
124,71,unMIE67fdNVfPMeJavpHecLnamE=,TM3vKAy4bshZZV2C0EmFxEjO6vI=
123,76,unMIE67fdNVfPMeJavpHecLnamE=,TM3vKAy4bshZZV2C0EmFxEjO6vI=
124,76,unMIE67fdNVfPMeJavpHecLnamE=,TM3vKAy4bshZZV2C0EmFxEjO6vI=
123,72,unMIE67fdNVfPMeJavpHecLnamE=,TM3vKAy4bshZZV2C0EmFxEjO6vI=
124,72,unMIE67fdNVfPMeJavpHecLnamE=,TM3vKAy4bshZZV2C0EmFxEjO6vI=
123,70,unMIE67fdNVfPMeJavpHecLnamE=,TM3vKAy4bshZZV2C0EmFxEjO6vI=
124,70,unMIE67fdNVfPMeJavpHecLnamE=,TM3vKAy4bshZZV2C0EmFxEjO6vI=
123,73,unMIE67fdNVfPMeJavpHecLnamE=,TM3vKAy4bshZZV2C0EmFxEjO6vI=
124,73,unMIE67fdNVfPMeJavpHecLnamE=,TM3vKAy4bshZZV2C0EmFxEjO6vI=
123,75,unMIE67fdNVfPMeJavpHecLnamE=,TM3vKAy4bshZZV2C0EmFxEjO6vI=
123,74,unMIE67fdNVfPMeJavpHecLnamE=,TM3vKAy4bshZZV2C0EmFxEjO6vI=
124,74,unMIE67fdNVfPMeJavpHecLnamE=,TM3vKAy4bshZZV2C0EmFxEjO6vI=
123,69,unMIE67fdNVfPMeJavpHecLnamE=,TM3vKAy4bshZZV2C0EmFxEjO6vI=
123,71,unMIE67fdNVfPMeJavpHecLnamE=,TM3vKAy4bshZZV2C0EmFxEjO6vI=
123,67,unMIE67fdNVfPMeJavpHecLnamE=,TM3vKAy4bshZZV2C0EmFxEjO6vI=
124,68,unMIE67fdNVfPMeJavpHecLnamE=,TM3vKAy4bshZZV2C0EmFxEjO6vI=
123,68,unMIE67fdNVfPMeJavpHecLnamE=,TM3vKAy4bshZZV2C0EmFxEjO6vI=
125,67,unMIE67fdNVfPMeJavpHecLnamE=,TM3vKAy4bshZZV2C0EmFxEjO6vI=
125,68,unMIE67fdNVfPMeJavpHecLnamE=,TM3vKAy4bshZZV2C0EmFxEjO6vI=
126,68,unMIE67fdNVfPMeJavpHecLnamE=,TM3vKAy4bshZZV2C0EmFxEjO6vI=
127,68,unMIE67fdNVfPMeJavpHecLnamE=,TM3vKAy4bshZZV2C0EmFxEjO6vI=
127,67,unMIE67fdNVfPMeJavpHecLnamE=,TM3vKAy4bshZZV2C0EmFxEjO6vI=
126,67,unMIE67fdNVfPMeJavpHecLnamE=,TM3vKAy4bshZZV2C0EmFxEjO6vI=
123,77,ZzzZplg32BBU6Kq2YIEEf5rnl20=,TM3vKAy4bshZZV2C0EmFxEjO6vI=
124,79,ZzzZplg32BBU6Kq2YIEEf5rnl20=,TM3vKAy4bshZZV2C0EmFxEjO6vI=
123,79,ZzzZplg32BBU6Kq2YIEEf5rnl20=,TM3vKAy4bshZZV2C0EmFxEjO6vI=
124,78,ZzzZplg32BBU6Kq2YIEEf5rnl20=,TM3vKAy4bshZZV2C0EmFxEjO6vI=
124,77,ZzzZplg32BBU6Kq2YIEEf5rnl20=,TM3vKAy4bshZZV2C0EmFxEjO6vI=
123,78,ZzzZplg32BBU6Kq2YIEEf5rnl20=,TM3vKAy4bshZZV2C0EmFxEjO6vI=
123,64,ZzzZplg32BBU6Kq2YIEEf5rnl20=,TM3vKAy4bshZZV2C0EmFxEjO6vI=
124,64,ZzzZplg32BBU6Kq2YIEEf5rnl20=,TM3vKAy4bshZZV2C0EmFxEjO6vI=
124,66,ZzzZplg32BBU6Kq2YIEEf5rnl20=,TM3vKAy4bshZZV2C0EmFxEjO6vI=
123,66,ZzzZplg32BBU6Kq2YIEEf5rnl20=,TM3vKAy4bshZZV2C0EmFxEjO6vI=
124,65,ZzzZplg32BBU6Kq2YIEEf5rnl20=,TM3vKAy4bshZZV2C0EmFxEjO6vI=
123,65,ZzzZplg32BBU6Kq2YIEEf5rnl20=,TM3vKAy4bshZZV2C0EmFxEjO6vI=
125,69,E/OAnumu+FUBUWoftXPovltu6x0=,TM3vKAy4bshZZV2C0EmFxEjO6vI=
125,74,E/OAnumu+FUBUWoftXPovltu6x0=,TM3vKAy4bshZZV2C0EmFxEjO6vI=
126,71,E/OAnumu+FUBUWoftXPovltu6x0=,TM3vKAy4bshZZV2C0EmFxEjO6vI=
126,73,E/OAnumu+FUBUWoftXPovltu6x0=,TM3vKAy4bshZZV2C0EmFxEjO6vI=
125,71,E/OAnumu+FUBUWoftXPovltu6x0=,TM3vKAy4bshZZV2C0EmFxEjO6vI=
127,72,E/OAnumu+FUBUWoftXPovltu6x0=,TM3vKAy4bshZZV2C0EmFxEjO6vI=
125,73,E/OAnumu+FUBUWoftXPovltu6x0=,TM3vKAy4bshZZV2C0EmFxEjO6vI=
126,72,E/OAnumu+FUBUWoftXPovltu6x0=,TM3vKAy4bshZZV2C0EmFxEjO6vI=
125,72,E/OAnumu+FUBUWoftXPovltu6x0=,TM3vKAy4bshZZV2C0EmFxEjO6vI=
127,76,E/OAnumu+FUBUWoftXPovltu6x0=,TM3vKAy4bshZZV2C0EmFxEjO6vI=
126,76,E/OAnumu+FUBUWoftXPovltu6x0=,TM3vKAy4bshZZV2C0EmFxEjO6vI=
127,74,E/OAnumu+FUBUWoftXPovltu6x0=,TM3vKAy4bshZZV2C0EmFxEjO6vI=
125,76,E/OAnumu+FUBUWoftXPovltu6x0=,TM3vKAy4bshZZV2C0EmFxEjO6vI=
127,69,E/OAnumu+FUBUWoftXPovltu6x0=,TM3vKAy4bshZZV2C0EmFxEjO6vI=
126,74,E/OAnumu+FUBUWoftXPovltu6x0=,TM3vKAy4bshZZV2C0EmFxEjO6vI=
127,75,E/OAnumu+FUBUWoftXPovltu6x0=,TM3vKAy4bshZZV2C0EmFxEjO6vI=
126,69,E/OAnumu+FUBUWoftXPovltu6x0=,TM3vKAy4bshZZV2C0EmFxEjO6vI=
125,75,E/OAnumu+FUBUWoftXPovltu6x0=,TM3vKAy4bshZZV2C0EmFxEjO6vI=
126,75,E/OAnumu+FUBUWoftXPovltu6x0=,TM3vKAy4bshZZV2C0EmFxEjO6vI=
127,71,E/OAnumu+FUBUWoftXPovltu6x0=,TM3vKAy4bshZZV2C0EmFxEjO6vI=
126,70,E/OAnumu+FUBUWoftXPovltu6x0=,TM3vKAy4bshZZV2C0EmFxEjO6vI=
127,73,E/OAnumu+FUBUWoftXPovltu6x0=,TM3vKAy4bshZZV2C0EmFxEjO6vI=
125,70,E/OAnumu+FUBUWoftXPovltu6x0=,TM3vKAy4bshZZV2C0EmFxEjO6vI=
127,70,E/OAnumu+FUBUWoftXPovltu6x0=,TM3vKAy4bshZZV2C0EmFxEjO6vI=
125,64,E/OAnumu+FUBUWoftXPovltu6x0=,TM3vKAy4bshZZV2C0EmFxEjO6vI=
126,64,E/OAnumu+FUBUWoftXPovltu6x0=,TM3vKAy4bshZZV2C0EmFxEjO6vI=
127,64,E/OAnumu+FUBUWoftXPovltu6x0=,TM3vKAy4bshZZV2C0EmFxEjO6vI=
125,65,E/OAnumu+FUBUWoftXPovltu6x0=,TM3vKAy4bshZZV2C0EmFxEjO6vI=
126,65,E/OAnumu+FUBUWoftXPovltu6x0=,TM3vKAy4bshZZV2C0EmFxEjO6vI=
127,65,E/OAnumu+FUBUWoftXPovltu6x0=,TM3vKAy4bshZZV2C0EmFxEjO6vI=
125,66,E/OAnumu+FUBUWoftXPovltu6x0=,TM3vKAy4bshZZV2C0EmFxEjO6vI=
126,66,E/OAnumu+FUBUWoftXPovltu6x0=,TM3vKAy4bshZZV2C0EmFxEjO6vI=
127,66,E/OAnumu+FUBUWoftXPovltu6x0=,TM3vKAy4bshZZV2C0EmFxEjO6vI=
125,77,E/OAnumu+FUBUWoftXPovltu6x0=,TM3vKAy4bshZZV2C0EmFxEjO6vI=
127,79,E/OAnumu+FUBUWoftXPovltu6x0=,TM3vKAy4bshZZV2C0EmFxEjO6vI=
126,79,E/OAnumu+FUBUWoftXPovltu6x0=,TM3vKAy4bshZZV2C0EmFxEjO6vI=
125,79,E/OAnumu+FUBUWoftXPovltu6x0=,TM3vKAy4bshZZV2C0EmFxEjO6vI=
127,78,E/OAnumu+FUBUWoftXPovltu6x0=,TM3vKAy4bshZZV2C0EmFxEjO6vI=
126,78,E/OAnumu+FUBUWoftXPovltu6x0=,TM3vKAy4bshZZV2C0EmFxEjO6vI=
125,78,E/OAnumu+FUBUWoftXPovltu6x0=,TM3vKAy4bshZZV2C0EmFxEjO6vI=
127,77,E/OAnumu+FUBUWoftXPovltu6x0=,TM3vKAy4bshZZV2C0EmFxEjO6vI=
126,77,E/OAnumu+FUBUWoftXPovltu6x0=,TM3vKAy4bshZZV2C0EmFxEjO6vI=
121,67,Z2hPwu1eRXaMATTQ3MCVwfhu4HU=,TM3vKAy4bshZZV2C0EmFxEjO6vI=
113,65,Z2hPwu1eRXaMATTQ3MCVwfhu4HU=,TM3vKAy4bshZZV2C0EmFxEjO6vI=
120,67,Z2hPwu1eRXaMATTQ3MCVwfhu4HU=,TM3vKAy4bshZZV2C0EmFxEjO6vI=
119,67,Z2hPwu1eRXaMATTQ3MCVwfhu4HU=,TM3vKAy4bshZZV2C0EmFxEjO6vI=
122,67,Z2hPwu1eRXaMATTQ3MCVwfhu4HU=,TM3vKAy4bshZZV2C0EmFxEjO6vI=
122,66,Z2hPwu1eRXaMATTQ3MCVwfhu4HU=,TM3vKAy4bshZZV2C0EmFxEjO6vI=
119,68,Z2hPwu1eRXaMATTQ3MCVwfhu4HU=,TM3vKAy4bshZZV2C0EmFxEjO6vI=
121,66,Z2hPwu1eRXaMATTQ3MCVwfhu4HU=,TM3vKAy4bshZZV2C0EmFxEjO6vI=
118,68,Z2hPwu1eRXaMATTQ3MCVwfhu4HU=,TM3vKAy4bshZZV2C0EmFxEjO6vI=
120,66,Z2hPwu1eRXaMATTQ3MCVwfhu4HU=,TM3vKAy4bshZZV2C0EmFxEjO6vI=
119,66,Z2hPwu1eRXaMATTQ3MCVwfhu4HU=,TM3vKAy4bshZZV2C0EmFxEjO6vI=
118,66,Z2hPwu1eRXaMATTQ3MCVwfhu4HU=,TM3vKAy4bshZZV2C0EmFxEjO6vI=
118,67,Z2hPwu1eRXaMATTQ3MCVwfhu4HU=,TM3vKAy4bshZZV2C0EmFxEjO6vI=
122,65,8GAb2BFEKMUA2cFRO5AYfH6kaBI=,TM3vKAy4bshZZV2C0EmFxEjO6vI=
121,65,8GAb2BFEKMUA2cFRO5AYfH6kaBI=,TM3vKAy4bshZZV2C0EmFxEjO6vI=
120,65,5JW1YYWzDIxIecf/hRGbEvK0p3I=,TM3vKAy4bshZZV2C0EmFxEjO6vI=
119,64,lmQzBocLbH2/+Vt55L7DkQ66ESc=,TM3vKAy4bshZZV2C0EmFxEjO6vI=
122,64,lmQzBocLbH2/+Vt55L7DkQ66ESc=,TM3vKAy4bshZZV2C0EmFxEjO6vI=
118,64,lmQzBocLbH2/+Vt55L7DkQ66ESc=,TM3vKAy4bshZZV2C0EmFxEjO6vI=
112,65,lmQzBocLbH2/+Vt55L7DkQ66ESc=,TM3vKAy4bshZZV2C0EmFxEjO6vI=
121,64,lmQzBocLbH2/+Vt55L7DkQ66ESc=,TM3vKAy4bshZZV2C0EmFxEjO6vI=
120,64,lmQzBocLbH2/+Vt55L7DkQ66ESc=,TM3vKAy4bshZZV2C0EmFxEjO6vI=
122,68,lmQzBocLbH2/+Vt55L7DkQ66ESc=,TM3vKAy4bshZZV2C0EmFxEjO6vI=
121,68,lmQzBocLbH2/+Vt55L7DkQ66ESc=,TM3vKAy4bshZZV2C0EmFxEjO6vI=
117,66,lmQzBocLbH2/+Vt55L7DkQ66ESc=,TM3vKAy4bshZZV2C0EmFxEjO6vI=
120,68,lmQzBocLbH2/+Vt55L7DkQ66ESc=,TM3vKAy4bshZZV2C0EmFxEjO6vI=
113,64,lmQzBocLbH2/+Vt55L7DkQ66ESc=,TM3vKAy4bshZZV2C0EmFxEjO6vI=
115,64,lmQzBocLbH2/+Vt55L7DkQ66ESc=,TM3vKAy4bshZZV2C0EmFxEjO6vI=
116,66,lmQzBocLbH2/+Vt55L7DkQ66ESc=,TM3vKAy4bshZZV2C0EmFxEjO6vI=
118,65,lmQzBocLbH2/+Vt55L7DkQ66ESc=,TM3vKAy4bshZZV2C0EmFxEjO6vI=
115,67,lmQzBocLbH2/+Vt55L7DkQ66ESc=,TM3vKAy4bshZZV2C0EmFxEjO6vI=
113,67,lmQzBocLbH2/+Vt55L7DkQ66ESc=,TM3vKAy4bshZZV2C0EmFxEjO6vI=
114,64,lmQzBocLbH2/+Vt55L7DkQ66ESc=,TM3vKAy4bshZZV2C0EmFxEjO6vI=
117,68,lmQzBocLbH2/+Vt55L7DkQ66ESc=,TM3vKAy4bshZZV2C0EmFxEjO6vI=
119,65,lmQzBocLbH2/+Vt55L7DkQ66ESc=,TM3vKAy4bshZZV2C0EmFxEjO6vI=
116,68,lmQzBocLbH2/+Vt55L7DkQ66ESc=,TM3vKAy4bshZZV2C0EmFxEjO6vI=
114,67,lmQzBocLbH2/+Vt55L7DkQ66ESc=,TM3vKAy4bshZZV2C0EmFxEjO6vI=
112,67,lmQzBocLbH2/+Vt55L7DkQ66ESc=,TM3vKAy4bshZZV2C0EmFxEjO6vI=
112,68,lmQzBocLbH2/+Vt55L7DkQ66ESc=,TM3vKAy4bshZZV2C0EmFxEjO6vI=
117,67,lmQzBocLbH2/+Vt55L7DkQ66ESc=,TM3vKAy4bshZZV2C0EmFxEjO6vI=
115,66,lmQzBocLbH2/+Vt55L7DkQ66ESc=,TM3vKAy4bshZZV2C0EmFxEjO6vI=
113,66,lmQzBocLbH2/+Vt55L7DkQ66ESc=,TM3vKAy4bshZZV2C0EmFxEjO6vI=
117,64,lmQzBocLbH2/+Vt55L7DkQ66ESc=,TM3vKAy4bshZZV2C0EmFxEjO6vI=
114,65,lmQzBocLbH2/+Vt55L7DkQ66ESc=,TM3vKAy4bshZZV2C0EmFxEjO6vI=
112,66,lmQzBocLbH2/+Vt55L7DkQ66ESc=,TM3vKAy4bshZZV2C0EmFxEjO6vI=
116,64,lmQzBocLbH2/+Vt55L7DkQ66ESc=,TM3vKAy4bshZZV2C0EmFxEjO6vI=
114,66,lmQzBocLbH2/+Vt55L7DkQ66ESc=,TM3vKAy4bshZZV2C0EmFxEjO6vI=
117,65,lmQzBocLbH2/+Vt55L7DkQ66ESc=,TM3vKAy4bshZZV2C0EmFxEjO6vI=
116,67,lmQzBocLbH2/+Vt55L7DkQ66ESc=,TM3vKAy4bshZZV2C0EmFxEjO6vI=
112,64,lmQzBocLbH2/+Vt55L7DkQ66ESc=,TM3vKAy4bshZZV2C0EmFxEjO6vI=
114,68,lmQzBocLbH2/+Vt55L7DkQ66ESc=,TM3vKAy4bshZZV2C0EmFxEjO6vI=
113,68,lmQzBocLbH2/+Vt55L7DkQ66ESc=,TM3vKAy4bshZZV2C0EmFxEjO6vI=
115,68,lmQzBocLbH2/+Vt55L7DkQ66ESc=,TM3vKAy4bshZZV2C0EmFxEjO6vI=
116,65,lmQzBocLbH2/+Vt55L7DkQ66ESc=,TM3vKAy4bshZZV2C0EmFxEjO6vI=
122,71,lmQzBocLbH2/+Vt55L7DkQ66ESc=,TM3vKAy4bshZZV2C0EmFxEjO6vI=
121,69,lmQzBocLbH2/+Vt55L7DkQ66ESc=,TM3vKAy4bshZZV2C0EmFxEjO6vI=
119,69,lmQzBocLbH2/+Vt55L7DkQ66ESc=,TM3vKAy4bshZZV2C0EmFxEjO6vI=
122,69,lmQzBocLbH2/+Vt55L7DkQ66ESc=,TM3vKAy4bshZZV2C0EmFxEjO6vI=
118,69,lmQzBocLbH2/+Vt55L7DkQ66ESc=,TM3vKAy4bshZZV2C0EmFxEjO6vI=
119,77,lmQzBocLbH2/+Vt55L7DkQ66ESc=,TM3vKAy4bshZZV2C0EmFxEjO6vI=
118,79,lmQzBocLbH2/+Vt55L7DkQ66ESc=,TM3vKAy4bshZZV2C0EmFxEjO6vI=
118,77,lmQzBocLbH2/+Vt55L7DkQ66ESc=,TM3vKAy4bshZZV2C0EmFxEjO6vI=
115,65,lmQzBocLbH2/+Vt55L7DkQ66ESc=,TM3vKAy4bshZZV2C0EmFxEjO6vI=
121,71,lmQzBocLbH2/+Vt55L7DkQ66ESc=,TM3vKAy4bshZZV2C0EmFxEjO6vI=
120,69,lmQzBocLbH2/+Vt55L7DkQ66ESc=,TM3vKAy4bshZZV2C0EmFxEjO6vI=
113,75,lmQzBocLbH2/+Vt55L7DkQ66ESc=,TM3vKAy4bshZZV2C0EmFxEjO6vI=
118,76,lmQzBocLbH2/+Vt55L7DkQ66ESc=,TM3vKAy4bshZZV2C0EmFxEjO6vI=
112,78,lmQzBocLbH2/+Vt55L7DkQ66ESc=,TM3vKAy4bshZZV2C0EmFxEjO6vI=
117,69,lmQzBocLbH2/+Vt55L7DkQ66ESc=,TM3vKAy4bshZZV2C0EmFxEjO6vI=
112,69,lmQzBocLbH2/+Vt55L7DkQ66ESc=,TM3vKAy4bshZZV2C0EmFxEjO6vI=
120,74,lmQzBocLbH2/+Vt55L7DkQ66ESc=,TM3vKAy4bshZZV2C0EmFxEjO6vI=
113,77,lmQzBocLbH2/+Vt55L7DkQ66ESc=,TM3vKAy4bshZZV2C0EmFxEjO6vI=
119,74,lmQzBocLbH2/+Vt55L7DkQ66ESc=,TM3vKAy4bshZZV2C0EmFxEjO6vI=
112,77,lmQzBocLbH2/+Vt55L7DkQ66ESc=,TM3vKAy4bshZZV2C0EmFxEjO6vI=
119,78,lmQzBocLbH2/+Vt55L7DkQ66ESc=,TM3vKAy4bshZZV2C0EmFxEjO6vI=
121,75,lmQzBocLbH2/+Vt55L7DkQ66ESc=,TM3vKAy4bshZZV2C0EmFxEjO6vI=
118,74,lmQzBocLbH2/+Vt55L7DkQ66ESc=,TM3vKAy4bshZZV2C0EmFxEjO6vI=
113,69,lmQzBocLbH2/+Vt55L7DkQ66ESc=,TM3vKAy4bshZZV2C0EmFxEjO6vI=
112,71,lmQzBocLbH2/+Vt55L7DkQ66ESc=,TM3vKAy4bshZZV2C0EmFxEjO6vI=
117,76,lmQzBocLbH2/+Vt55L7DkQ66ESc=,TM3vKAy4bshZZV2C0EmFxEjO6vI=
118,78,lmQzBocLbH2/+Vt55L7DkQ66ESc=,TM3vKAy4bshZZV2C0EmFxEjO6vI=
112,76,lmQzBocLbH2/+Vt55L7DkQ66ESc=,TM3vKAy4bshZZV2C0EmFxEjO6vI=
122,73,lmQzBocLbH2/+Vt55L7DkQ66ESc=,TM3vKAy4bshZZV2C0EmFxEjO6vI=
117,79,lmQzBocLbH2/+Vt55L7DkQ66ESc=,TM3vKAy4bshZZV2C0EmFxEjO6vI=
119,73,lmQzBocLbH2/+Vt55L7DkQ66ESc=,TM3vKAy4bshZZV2C0EmFxEjO6vI=
120,71,lmQzBocLbH2/+Vt55L7DkQ66ESc=,TM3vKAy4bshZZV2C0EmFxEjO6vI=
121,73,lmQzBocLbH2/+Vt55L7DkQ66ESc=,TM3vKAy4bshZZV2C0EmFxEjO6vI=
116,76,lmQzBocLbH2/+Vt55L7DkQ66ESc=,TM3vKAy4bshZZV2C0EmFxEjO6vI=
118,73,lmQzBocLbH2/+Vt55L7DkQ66ESc=,TM3vKAy4bshZZV2C0EmFxEjO6vI=
120,73,lmQzBocLbH2/+Vt55L7DkQ66ESc=,TM3vKAy4bshZZV2C0EmFxEjO6vI=
122,79,lmQzBocLbH2/+Vt55L7DkQ66ESc=,TM3vKAy4bshZZV2C0EmFxEjO6vI=
116,79,lmQzBocLbH2/+Vt55L7DkQ66ESc=,TM3vKAy4bshZZV2C0EmFxEjO6vI=
121,79,lmQzBocLbH2/+Vt55L7DkQ66ESc=,TM3vKAy4bshZZV2C0EmFxEjO6vI=
112,74,lmQzBocLbH2/+Vt55L7DkQ66ESc=,TM3vKAy4bshZZV2C0EmFxEjO6vI=
120,79,lmQzBocLbH2/+Vt55L7DkQ66ESc=,TM3vKAy4bshZZV2C0EmFxEjO6vI=
117,70,lmQzBocLbH2/+Vt55L7DkQ66ESc=,TM3vKAy4bshZZV2C0EmFxEjO6vI=
119,71,lmQzBocLbH2/+Vt55L7DkQ66ESc=,TM3vKAy4bshZZV2C0EmFxEjO6vI=
115,76,lmQzBocLbH2/+Vt55L7DkQ66ESc=,TM3vKAy4bshZZV2C0EmFxEjO6vI=
117,74,lmQzBocLbH2/+Vt55L7DkQ66ESc=,TM3vKAy4bshZZV2C0EmFxEjO6vI=
119,75,lmQzBocLbH2/+Vt55L7DkQ66ESc=,TM3vKAy4bshZZV2C0EmFxEjO6vI=
118,75,lmQzBocLbH2/+Vt55L7DkQ66ESc=,TM3vKAy4bshZZV2C0EmFxEjO6vI=
118,71,lmQzBocLbH2/+Vt55L7DkQ66ESc=,TM3vKAy4bshZZV2C0EmFxEjO6vI=
121,78,lmQzBocLbH2/+Vt55L7DkQ66ESc=,TM3vKAy4bshZZV2C0EmFxEjO6vI=
114,76,lmQzBocLbH2/+Vt55L7DkQ66ESc=,TM3vKAy4bshZZV2C0EmFxEjO6vI=
122,78,lmQzBocLbH2/+Vt55L7DkQ66ESc=,TM3vKAy4bshZZV2C0EmFxEjO6vI=
115,73,lmQzBocLbH2/+Vt55L7DkQ66ESc=,TM3vKAy4bshZZV2C0EmFxEjO6vI=
120,78,lmQzBocLbH2/+Vt55L7DkQ66ESc=,TM3vKAy4bshZZV2C0EmFxEjO6vI=
116,73,lmQzBocLbH2/+Vt55L7DkQ66ESc=,TM3vKAy4bshZZV2C0EmFxEjO6vI=
116,74,lmQzBocLbH2/+Vt55L7DkQ66ESc=,TM3vKAy4bshZZV2C0EmFxEjO6vI=
113,78,lmQzBocLbH2/+Vt55L7DkQ66ESc=,TM3vKAy4bshZZV2C0EmFxEjO6vI=
114,74,lmQzBocLbH2/+Vt55L7DkQ66ESc=,TM3vKAy4bshZZV2C0EmFxEjO6vI=
112,72,lmQzBocLbH2/+Vt55L7DkQ66ESc=,TM3vKAy4bshZZV2C0EmFxEjO6vI=
119,72,lmQzBocLbH2/+Vt55L7DkQ66ESc=,TM3vKAy4bshZZV2C0EmFxEjO6vI=
121,70,lmQzBocLbH2/+Vt55L7DkQ66ESc=,TM3vKAy4bshZZV2C0EmFxEjO6vI=
120,70,lmQzBocLbH2/+Vt55L7DkQ66ESc=,TM3vKAy4bshZZV2C0EmFxEjO6vI=
122,77,lmQzBocLbH2/+Vt55L7DkQ66ESc=,TM3vKAy4bshZZV2C0EmFxEjO6vI=
121,77,lmQzBocLbH2/+Vt55L7DkQ66ESc=,TM3vKAy4bshZZV2C0EmFxEjO6vI=
118,72,lmQzBocLbH2/+Vt55L7DkQ66ESc=,TM3vKAy4bshZZV2C0EmFxEjO6vI=
113,73,lmQzBocLbH2/+Vt55L7DkQ66ESc=,TM3vKAy4bshZZV2C0EmFxEjO6vI=
116,78,lmQzBocLbH2/+Vt55L7DkQ66ESc=,TM3vKAy4bshZZV2C0EmFxEjO6vI=
115,79,lmQzBocLbH2/+Vt55L7DkQ66ESc=,TM3vKAy4bshZZV2C0EmFxEjO6vI=
122,76,lmQzBocLbH2/+Vt55L7DkQ66ESc=,TM3vKAy4bshZZV2C0EmFxEjO6vI=
120,77,lmQzBocLbH2/+Vt55L7DkQ66ESc=,TM3vKAy4bshZZV2C0EmFxEjO6vI=
122,72,lmQzBocLbH2/+Vt55L7DkQ66ESc=,TM3vKAy4bshZZV2C0EmFxEjO6vI=
116,71,lmQzBocLbH2/+Vt55L7DkQ66ESc=,TM3vKAy4bshZZV2C0EmFxEjO6vI=
117,72,lmQzBocLbH2/+Vt55L7DkQ66ESc=,TM3vKAy4bshZZV2C0EmFxEjO6vI=
117,78,lmQzBocLbH2/+Vt55L7DkQ66ESc=,TM3vKAy4bshZZV2C0EmFxEjO6vI=
121,76,lmQzBocLbH2/+Vt55L7DkQ66ESc=,TM3vKAy4bshZZV2C0EmFxEjO6vI=
120,75,lmQzBocLbH2/+Vt55L7DkQ66ESc=,TM3vKAy4bshZZV2C0EmFxEjO6vI=
114,73,lmQzBocLbH2/+Vt55L7DkQ66ESc=,TM3vKAy4bshZZV2C0EmFxEjO6vI=
120,76,lmQzBocLbH2/+Vt55L7DkQ66ESc=,TM3vKAy4bshZZV2C0EmFxEjO6vI=
113,74,lmQzBocLbH2/+Vt55L7DkQ66ESc=,TM3vKAy4bshZZV2C0EmFxEjO6vI=
121,72,lmQzBocLbH2/+Vt55L7DkQ66ESc=,TM3vKAy4bshZZV2C0EmFxEjO6vI=
115,70,lmQzBocLbH2/+Vt55L7DkQ66ESc=,TM3vKAy4bshZZV2C0EmFxEjO6vI=
119,79,lmQzBocLbH2/+Vt55L7DkQ66ESc=,TM3vKAy4bshZZV2C0EmFxEjO6vI=
112,73,lmQzBocLbH2/+Vt55L7DkQ66ESc=,TM3vKAy4bshZZV2C0EmFxEjO6vI=
117,75,lmQzBocLbH2/+Vt55L7DkQ66ESc=,TM3vKAy4bshZZV2C0EmFxEjO6vI=
115,72,lmQzBocLbH2/+Vt55L7DkQ66ESc=,TM3vKAy4bshZZV2C0EmFxEjO6vI=
114,71,lmQzBocLbH2/+Vt55L7DkQ66ESc=,TM3vKAy4bshZZV2C0EmFxEjO6vI=
114,70,lmQzBocLbH2/+Vt55L7DkQ66ESc=,TM3vKAy4bshZZV2C0EmFxEjO6vI=
116,72,lmQzBocLbH2/+Vt55L7DkQ66ESc=,TM3vKAy4bshZZV2C0EmFxEjO6vI=
113,70,lmQzBocLbH2/+Vt55L7DkQ66ESc=,TM3vKAy4bshZZV2C0EmFxEjO6vI=
119,70,lmQzBocLbH2/+Vt55L7DkQ66ESc=,TM3vKAy4bshZZV2C0EmFxEjO6vI=
117,73,lmQzBocLbH2/+Vt55L7DkQ66ESc=,TM3vKAy4bshZZV2C0EmFxEjO6vI=
122,75,lmQzBocLbH2/+Vt55L7DkQ66ESc=,TM3vKAy4bshZZV2C0EmFxEjO6vI=
116,75,lmQzBocLbH2/+Vt55L7DkQ66ESc=,TM3vKAy4bshZZV2C0EmFxEjO6vI=
115,77,lmQzBocLbH2/+Vt55L7DkQ66ESc=,TM3vKAy4bshZZV2C0EmFxEjO6vI=
122,74,lmQzBocLbH2/+Vt55L7DkQ66ESc=,TM3vKAy4bshZZV2C0EmFxEjO6vI=
114,72,lmQzBocLbH2/+Vt55L7DkQ66ESc=,TM3vKAy4bshZZV2C0EmFxEjO6vI=
117,77,lmQzBocLbH2/+Vt55L7DkQ66ESc=,TM3vKAy4bshZZV2C0EmFxEjO6vI=
116,77,lmQzBocLbH2/+Vt55L7DkQ66ESc=,TM3vKAy4bshZZV2C0EmFxEjO6vI=
112,70,lmQzBocLbH2/+Vt55L7DkQ66ESc=,TM3vKAy4bshZZV2C0EmFxEjO6vI=
116,70,lmQzBocLbH2/+Vt55L7DkQ66ESc=,TM3vKAy4bshZZV2C0EmFxEjO6vI=
122,70,lmQzBocLbH2/+Vt55L7DkQ66ESc=,TM3vKAy4bshZZV2C0EmFxEjO6vI=
117,71,lmQzBocLbH2/+Vt55L7DkQ66ESc=,TM3vKAy4bshZZV2C0EmFxEjO6vI=
115,69,lmQzBocLbH2/+Vt55L7DkQ66ESc=,TM3vKAy4bshZZV2C0EmFxEjO6vI=
119,76,lmQzBocLbH2/+Vt55L7DkQ66ESc=,TM3vKAy4bshZZV2C0EmFxEjO6vI=
121,74,lmQzBocLbH2/+Vt55L7DkQ66ESc=,TM3vKAy4bshZZV2C0EmFxEjO6vI=
114,75,lmQzBocLbH2/+Vt55L7DkQ66ESc=,TM3vKAy4bshZZV2C0EmFxEjO6vI=
112,79,lmQzBocLbH2/+Vt55L7DkQ66ESc=,TM3vKAy4bshZZV2C0EmFxEjO6vI=
113,72,lmQzBocLbH2/+Vt55L7DkQ66ESc=,TM3vKAy4bshZZV2C0EmFxEjO6vI=
115,74,lmQzBocLbH2/+Vt55L7DkQ66ESc=,TM3vKAy4bshZZV2C0EmFxEjO6vI=
115,78,lmQzBocLbH2/+Vt55L7DkQ66ESc=,TM3vKAy4bshZZV2C0EmFxEjO6vI=
114,79,lmQzBocLbH2/+Vt55L7DkQ66ESc=,TM3vKAy4bshZZV2C0EmFxEjO6vI=
118,70,lmQzBocLbH2/+Vt55L7DkQ66ESc=,TM3vKAy4bshZZV2C0EmFxEjO6vI=
113,71,lmQzBocLbH2/+Vt55L7DkQ66ESc=,TM3vKAy4bshZZV2C0EmFxEjO6vI=
114,78,lmQzBocLbH2/+Vt55L7DkQ66ESc=,TM3vKAy4bshZZV2C0EmFxEjO6vI=
115,75,lmQzBocLbH2/+Vt55L7DkQ66ESc=,TM3vKAy4bshZZV2C0EmFxEjO6vI=
114,77,lmQzBocLbH2/+Vt55L7DkQ66ESc=,TM3vKAy4bshZZV2C0EmFxEjO6vI=
120,72,lmQzBocLbH2/+Vt55L7DkQ66ESc=,TM3vKAy4bshZZV2C0EmFxEjO6vI=
115,71,lmQzBocLbH2/+Vt55L7DkQ66ESc=,TM3vKAy4bshZZV2C0EmFxEjO6vI=
116,69,lmQzBocLbH2/+Vt55L7DkQ66ESc=,TM3vKAy4bshZZV2C0EmFxEjO6vI=
112,75,lmQzBocLbH2/+Vt55L7DkQ66ESc=,TM3vKAy4bshZZV2C0EmFxEjO6vI=
113,79,lmQzBocLbH2/+Vt55L7DkQ66ESc=,TM3vKAy4bshZZV2C0EmFxEjO6vI=
114,69,lmQzBocLbH2/+Vt55L7DkQ66ESc=,TM3vKAy4bshZZV2C0EmFxEjO6vI=
113,76,lmQzBocLbH2/+Vt55L7DkQ66ESc=,TM3vKAy4bshZZV2C0EmFxEjO6vI=
